wallet,nft_count,contract,snapshot_block,snapshot_time
0x3e79c89f479824bc24b9ead73eb8c55f322fe963,419,0xd38b22794b308a2e55808a13d1e6a80c4be94fd5,62513098,2026-08-06T23:38:22Z
0xb0f96ac801097250d16d72ba4f629d9972f43875,281,0xd38b22794b308a2e55808a13d1e6a80c4be94fd5,62513098,2026-08-06T23:38:22Z
0x1de70e8fbbfb0ca0c75234c499b5db74bae0d66b,216,0xd38b22794b308a2e55808a13d1e6a80c4be94fd5,62513098,2026-08-06T23:38:22Z
0xf88d218f0f771df355c279cce171246a3cf54ba6,206,0xd38b22794b308a2e55808a13d1e6a80c4be94fd5,62513098,2026-08-06T23:38:22Z
0x3beb676fa08879ea70e9ca788b0cbd082dccebe4,205,0xd38b22794b308a2e55808a13d1e6a80c4be94fd5,62513098,2026-08-06T23:38:22Z
0x7e689c1ef962160685da69742170b3629e6299ae,200,0xd38b22794b308a2e55808a13d1e6a80c4be94fd5,62513098,2026-08-06T23:38:22Z
0x005acd142eb7f3749ddd09cc421c5261d6c43387,192,0xd38b22794b308a2e55808a13d1e6a80c4be94fd5,62513098,2026-08-06T23:38:22Z
0x0e53a42befb635dddb969206fbd5b60189bc4aef,183,0xd38b22794b308a2e55808a13d1e6a80c4be94fd5,62513098,2026-08-06T23:38:22Z
0x22f4194f6706e70abaa14ab352d0baa6c7ced24a,163,0xd38b22794b308a2e55808a13d1e6a80c4be94fd5,62513098,2026-08-06T23:38:22Z
0x02ec5d07150c9a9ee740e828d8682d1aaa8d8731,162,0xd38b22794b308a2e55808a13d1e6a80c4be94fd5,62513098,2026-08-06T23:38:22Z
0x18339ce4dcd270a98eedaf69143b0daca551cfdd,155,0xd38b22794b308a2e55808a13d1e6a80c4be94fd5,62513098,2026-08-06T23:38:22Z
0xf27b9704a15ffe47818fd48660d952235e9c39af,145,0xd38b22794b308a2e55808a13d1e6a80c4be94fd5,62513098,2026-08-06T23:38:22Z
0xe0f9db6371b697906117de41b218d13e64798ba3,130,0xd38b22794b308a2e55808a13d1e6a80c4be94fd5,62513098,2026-08-06T23:38:22Z
0xc0d72086cce22422f18f3d5702e3ed3afa9c92bc,130,0xd38b22794b308a2e55808a13d1e6a80c4be94fd5,62513098,2026-08-06T23:38:22Z
0x03b69ae9423df674eaf396c157a03be9349208f1,129,0xd38b22794b308a2e55808a13d1e6a80c4be94fd5,62513098,2026-08-06T23:38:22Z
0xddf8da887a1d5c07d05a948856b79dab091efc78,126,0xd38b22794b308a2e55808a13d1e6a80c4be94fd5,62513098,2026-08-06T23:38:22Z
0x744cf9668ae90115ed0c1bc112c6bc8f9f4fe877,125,0xd38b22794b308a2e55808a13d1e6a80c4be94fd5,62513098,2026-08-06T23:38:22Z
0x06222aedf405267741ef190cd8ecc16ba2d8ec6d,113,0xd38b22794b308a2e55808a13d1e6a80c4be94fd5,62513098,2026-08-06T23:38:22Z
0xb40156f51103ebaa842590ce51dd2cd0a9e83cda,110,0xd38b22794b308a2e55808a13d1e6a80c4be94fd5,62513098,2026-08-06T23:38:22Z
0x7b576b07afa8a3f1a418360ce467de86f160b129,108,0xd38b22794b308a2e55808a13d1e6a80c4be94fd5,62513098,2026-08-06T23:38:22Z
0xfe192d87227b3829debb48e782d89c7a44e65253,101,0xd38b22794b308a2e55808a13d1e6a80c4be94fd5,62513098,2026-08-06T23:38:22Z
0xe116d5f4ccd817e93a4827b4b1166fb3fa61bec5,95,0xd38b22794b308a2e55808a13d1e6a80c4be94fd5,62513098,2026-08-06T23:38:22Z
0x8bf1a4b7e27b0f2ac02fc6176177dcfce8cded93,91,0xd38b22794b308a2e55808a13d1e6a80c4be94fd5,62513098,2026-08-06T23:38:22Z
0xd26672579911a9c09dedcb0223d16754e14a30d0,90,0xd38b22794b308a2e55808a13d1e6a80c4be94fd5,62513098,2026-08-06T23:38:22Z
0x47632e87df7937937085f50d7658b8a59367d040,90,0xd38b22794b308a2e55808a13d1e6a80c4be94fd5,62513098,2026-08-06T23:38:22Z
0x201f948e98513abe8dc70047ba98a050fe67e9fb,88,0xd38b22794b308a2e55808a13d1e6a80c4be94fd5,62513098,2026-08-06T23:38:22Z
0x8902f0441efa2cff664626c4f31eecc3b2953725,84,0xd38b22794b308a2e55808a13d1e6a80c4be94fd5,62513098,2026-08-06T23:38:22Z
0xd14c8c0312dd0e1a56c9bfde9f8a0066e2a30e84,80,0xd38b22794b308a2e55808a13d1e6a80c4be94fd5,62513098,2026-08-06T23:38:22Z
0x645d73a0666f69d45a121528d30d0a848084ac18,78,0xd38b22794b308a2e55808a13d1e6a80c4be94fd5,62513098,2026-08-06T23:38:22Z
0xc8680c4d4b495f7c3dc5bc8d5f83bd7108b7caec,74,0xd38b22794b308a2e55808a13d1e6a80c4be94fd5,62513098,2026-08-06T23:38:22Z
0x0713a8a185043b47ded727d2dbe3787274b0087b,72,0xd38b22794b308a2e55808a13d1e6a80c4be94fd5,62513098,2026-08-06T23:38:22Z
0x207749da88e5895459f88b7ba472c1b68ede19e4,70,0xd38b22794b308a2e55808a13d1e6a80c4be94fd5,62513098,2026-08-06T23:38:22Z
0x9212e88750a88b8000668b8785513e5b34dd1c82,65,0xd38b22794b308a2e55808a13d1e6a80c4be94fd5,62513098,2026-08-06T23:38:22Z
0x0edc2c64d952e75241590ac5fb10077395f93df6,64,0xd38b22794b308a2e55808a13d1e6a80c4be94fd5,62513098,2026-08-06T23:38:22Z
0xb9cac0affeec5ea7ce5f6c8b26e965322fbe44f3,62,0xd38b22794b308a2e55808a13d1e6a80c4be94fd5,62513098,2026-08-06T23:38:22Z
0x63075555cf2ad1ee61808cc13f36c1f5be0341a1,62,0xd38b22794b308a2e55808a13d1e6a80c4be94fd5,62513098,2026-08-06T23:38:22Z
0x4df7882657ec9fe6d5fa7df223bd1e71fd55e7cf,60,0xd38b22794b308a2e55808a13d1e6a80c4be94fd5,62513098,2026-08-06T23:38:22Z
0x56f662aade12e5ab99c4dcb037d1274d0d5dcb94,57,0xd38b22794b308a2e55808a13d1e6a80c4be94fd5,62513098,2026-08-06T23:38:22Z
0x3fafb6815ed498d7ed09eada99bbca1c3207e477,57,0xd38b22794b308a2e55808a13d1e6a80c4be94fd5,62513098,2026-08-06T23:38:22Z
0xcf1759527febcad217d048dabad4de2c4fd49f3e,56,0xd38b22794b308a2e55808a13d1e6a80c4be94fd5,62513098,2026-08-06T23:38:22Z
0x0061ea01803b55e0d3d16359e89d050a852b577f,53,0xd38b22794b308a2e55808a13d1e6a80c4be94fd5,62513098,2026-08-06T23:38:22Z
0xaeeeefb25ee0f9048fc177a6440fd7f4e1740b93,51,0xd38b22794b308a2e55808a13d1e6a80c4be94fd5,62513098,2026-08-06T23:38:22Z
0x537de2a8d2a00a03fdab51441da5d9a21b75bb6a,51,0xd38b22794b308a2e55808a13d1e6a80c4be94fd5,62513098,2026-08-06T23:38:22Z
0xd32832161fbf58fa8e20b3c8d7708e9ddb86fb7b,50,0xd38b22794b308a2e55808a13d1e6a80c4be94fd5,62513098,2026-08-06T23:38:22Z
0xb0f84a2288aef1cf31fb747ec65b7c3760d76a62,50,0xd38b22794b308a2e55808a13d1e6a80c4be94fd5,62513098,2026-08-06T23:38:22Z
0x8f7e421948e51020edda0be81b5784bcc3da6f4f,50,0xd38b22794b308a2e55808a13d1e6a80c4be94fd5,62513098,2026-08-06T23:38:22Z
0xc683b8a78cb748a4d95fdf8d5738a81bab011395,48,0xd38b22794b308a2e55808a13d1e6a80c4be94fd5,62513098,2026-08-06T23:38:22Z
0x735acfad27509cf560bd3be4c6f2588e75da5651,48,0xd38b22794b308a2e55808a13d1e6a80c4be94fd5,62513098,2026-08-06T23:38:22Z
0x6e6b3fdd05265ead4a8718d11c506464ed440c37,48,0xd38b22794b308a2e55808a13d1e6a80c4be94fd5,62513098,2026-08-06T23:38:22Z
0xa844e16e3f61915efa2fe1702c2305eaeef3da3f,47,0xd38b22794b308a2e55808a13d1e6a80c4be94fd5,62513098,2026-08-06T23:38:22Z
0x12f8e8a22eed4d524011177feda049b8c560a380,47,0xd38b22794b308a2e55808a13d1e6a80c4be94fd5,62513098,2026-08-06T23:38:22Z
0x2ca868eb3fc91b7346bc6e74ed4ab22b4a6faaa7,46,0xd38b22794b308a2e55808a13d1e6a80c4be94fd5,62513098,2026-08-06T23:38:22Z
0x5fba81c8d21c863ea7bc4a6cbfe5b9602c5181eb,45,0xd38b22794b308a2e55808a13d1e6a80c4be94fd5,62513098,2026-08-06T23:38:22Z
0x709cd0f6a95d9c8509565687cc1650c426f1f280,40,0xd38b22794b308a2e55808a13d1e6a80c4be94fd5,62513098,2026-08-06T23:38:22Z
0x61f8ad898520c987717055a11db3d49db090778d,40,0xd38b22794b308a2e55808a13d1e6a80c4be94fd5,62513098,2026-08-06T23:38:22Z
0x391d242570efbbd68a60a4cb845390f3064aba65,40,0xd38b22794b308a2e55808a13d1e6a80c4be94fd5,62513098,2026-08-06T23:38:22Z
0xc50cdf579d83183e75756e18848c41e96d37c78b,39,0xd38b22794b308a2e55808a13d1e6a80c4be94fd5,62513098,2026-08-06T23:38:22Z
0xe44ab4f93c6ec942d230a62ab272d55e9dd53633,38,0xd38b22794b308a2e55808a13d1e6a80c4be94fd5,62513098,2026-08-06T23:38:22Z
0x06197e5302f24f02117af37aa07fc1b6449b7f94,38,0xd38b22794b308a2e55808a13d1e6a80c4be94fd5,62513098,2026-08-06T23:38:22Z
0x5b46e5ce03f2dbbcd1f5099690bb93e83b6f2996,36,0xd38b22794b308a2e55808a13d1e6a80c4be94fd5,62513098,2026-08-06T23:38:22Z
0x8ded467bfaefc5f220bac70b54aae295886d519b,35,0xd38b22794b308a2e55808a13d1e6a80c4be94fd5,62513098,2026-08-06T23:38:22Z
0xdf03408e34e97f822ab2bab3f87f584c18b7a454,34,0xd38b22794b308a2e55808a13d1e6a80c4be94fd5,62513098,2026-08-06T23:38:22Z
0x943ee71b43b984456f80098a6c224bc753ec87bb,34,0xd38b22794b308a2e55808a13d1e6a80c4be94fd5,62513098,2026-08-06T23:38:22Z
0x340c326884f85bf1c64f20bac304d865dc6fc597,34,0xd38b22794b308a2e55808a13d1e6a80c4be94fd5,62513098,2026-08-06T23:38:22Z
0xa59a27d2b44008caadae26462fe6f422035359a5,33,0xd38b22794b308a2e55808a13d1e6a80c4be94fd5,62513098,2026-08-06T23:38:22Z
0x268ab11ba55fd6d17d58d9541f54105f25ede52f,33,0xd38b22794b308a2e55808a13d1e6a80c4be94fd5,62513098,2026-08-06T23:38:22Z
0x3b202fe73a4932381aa05e94b6a95fd08174e0ed,32,0xd38b22794b308a2e55808a13d1e6a80c4be94fd5,62513098,2026-08-06T23:38:22Z
0x20416d60cec1c73be3876c84af877a99c54fd5b1,32,0xd38b22794b308a2e55808a13d1e6a80c4be94fd5,62513098,2026-08-06T23:38:22Z
0x37e68d63dc86310c9a5a296d20dcf94c9a5fef15,31,0xd38b22794b308a2e55808a13d1e6a80c4be94fd5,62513098,2026-08-06T23:38:22Z
0xdfb02ffc1ef12c24d6f46ad9fcb70e951445fa42,30,0xd38b22794b308a2e55808a13d1e6a80c4be94fd5,62513098,2026-08-06T23:38:22Z
0xc5ff917a20486dbbeaa4b4d5ca41f7652b808afa,30,0xd38b22794b308a2e55808a13d1e6a80c4be94fd5,62513098,2026-08-06T23:38:22Z
0x37fd1d13819ace84662e51924778074e075779e1,30,0xd38b22794b308a2e55808a13d1e6a80c4be94fd5,62513098,2026-08-06T23:38:22Z
0x127d84e4a082f30c75bcb1fb63043ac43c7649aa,30,0xd38b22794b308a2e55808a13d1e6a80c4be94fd5,62513098,2026-08-06T23:38:22Z
0xa649a7b78071da654e677cd4bb7a55949911a483,29,0xd38b22794b308a2e55808a13d1e6a80c4be94fd5,62513098,2026-08-06T23:38:22Z
0x6fa7ac8b3870e78ac694af711d795f72dffd17d1,29,0xd38b22794b308a2e55808a13d1e6a80c4be94fd5,62513098,2026-08-06T23:38:22Z
0xe1cd19d059ce0a47b285f85c29fccd59fbb69853,28,0xd38b22794b308a2e55808a13d1e6a80c4be94fd5,62513098,2026-08-06T23:38:22Z
0x570e5a2d96d3ef9dd5c8c9ef3e4ddea6028fc2a1,28,0xd38b22794b308a2e55808a13d1e6a80c4be94fd5,62513098,2026-08-06T23:38:22Z
0x91931b8a2ca5d51b28c0c52e116240cd0a5bf796,27,0xd38b22794b308a2e55808a13d1e6a80c4be94fd5,62513098,2026-08-06T23:38:22Z
0x92bc60bb712444aeacb635cdae28d741a6f51733,26,0xd38b22794b308a2e55808a13d1e6a80c4be94fd5,62513098,2026-08-06T23:38:22Z
0x607e0f6055087f84b192b255b2272446432a4423,26,0xd38b22794b308a2e55808a13d1e6a80c4be94fd5,62513098,2026-08-06T23:38:22Z
0x58eac89157c1415233744b6e7a9842b4b18bf34b,26,0xd38b22794b308a2e55808a13d1e6a80c4be94fd5,62513098,2026-08-06T23:38:22Z
0x58723c434f4b3c192bee580cbbf61810c1def15e,26,0xd38b22794b308a2e55808a13d1e6a80c4be94fd5,62513098,2026-08-06T23:38:22Z
0x52909543c4c7141cb8e0cf1de6bc4936037cf8c6,26,0xd38b22794b308a2e55808a13d1e6a80c4be94fd5,62513098,2026-08-06T23:38:22Z
0xf3c9667f9f4409d3def1e496da270f16f4915881,25,0xd38b22794b308a2e55808a13d1e6a80c4be94fd5,62513098,2026-08-06T23:38:22Z
0xeec9ba721705831bcaa97a9aad50ebf11526dc10,25,0xd38b22794b308a2e55808a13d1e6a80c4be94fd5,62513098,2026-08-06T23:38:22Z
0xe2b95487dfe419c70edeceeec1ee2e934fdda4a5,25,0xd38b22794b308a2e55808a13d1e6a80c4be94fd5,62513098,2026-08-06T23:38:22Z
0xbf3e72401784b3b743697850f5a5448ce040fbef,25,0xd38b22794b308a2e55808a13d1e6a80c4be94fd5,62513098,2026-08-06T23:38:22Z
0x0ff88caeaf056d4d9a9d809c5d579203d3f36dd0,25,0xd38b22794b308a2e55808a13d1e6a80c4be94fd5,62513098,2026-08-06T23:38:22Z
0xd51d4d7b2272d22088c3d0ebf8eb8e3156ce01fd,24,0xd38b22794b308a2e55808a13d1e6a80c4be94fd5,62513098,2026-08-06T23:38:22Z
0x8844a6ed10e703c667c5bbed38715dbcd858f1e7,24,0xd38b22794b308a2e55808a13d1e6a80c4be94fd5,62513098,2026-08-06T23:38:22Z
0xfe62606a7f1c1e0e6c4eb40a5081a44587509b2f,23,0xd38b22794b308a2e55808a13d1e6a80c4be94fd5,62513098,2026-08-06T23:38:22Z
0xeebb90ce4f69a1d366f4d5ea7f55c68ae550bec2,23,0xd38b22794b308a2e55808a13d1e6a80c4be94fd5,62513098,2026-08-06T23:38:22Z
0xdf223a269ce2a5b6845a0ef4a92ecc4fdae69dd5,23,0xd38b22794b308a2e55808a13d1e6a80c4be94fd5,62513098,2026-08-06T23:38:22Z
0x5078110476cd2aa096160f2d988ae80aeafb5ae4,23,0xd38b22794b308a2e55808a13d1e6a80c4be94fd5,62513098,2026-08-06T23:38:22Z
0x4d990f5aead21e468296b0a1af5f128366b1555c,23,0xd38b22794b308a2e55808a13d1e6a80c4be94fd5,62513098,2026-08-06T23:38:22Z
0x49509f6c1dcc3d518175e517812d2789ea20f8cc,23,0xd38b22794b308a2e55808a13d1e6a80c4be94fd5,62513098,2026-08-06T23:38:22Z
0xd532595edce8ce585e95b6b03122d2f196903c4d,22,0xd38b22794b308a2e55808a13d1e6a80c4be94fd5,62513098,2026-08-06T23:38:22Z
0xb3c6752cf000980494e7c8fa8f598f418f527d03,22,0xd38b22794b308a2e55808a13d1e6a80c4be94fd5,62513098,2026-08-06T23:38:22Z
0xdf0e78e8d18db35006fb5d624e52213975354c35,21,0xd38b22794b308a2e55808a13d1e6a80c4be94fd5,62513098,2026-08-06T23:38:22Z
0xc6981fbf01beb22451d039b0f5961f7aa0400d2e,21,0xd38b22794b308a2e55808a13d1e6a80c4be94fd5,62513098,2026-08-06T23:38:22Z
0xfcab301730215ea17d82bfc0e4b2a269de226a14,20,0xd38b22794b308a2e55808a13d1e6a80c4be94fd5,62513098,2026-08-06T23:38:22Z
0xce4d177804b74c912850ee3356b0cbfd89c33caf,20,0xd38b22794b308a2e55808a13d1e6a80c4be94fd5,62513098,2026-08-06T23:38:22Z
0xc1605ae62effe6b72e89a8453d1ca0ca265af9cc,20,0xd38b22794b308a2e55808a13d1e6a80c4be94fd5,62513098,2026-08-06T23:38:22Z
0xb1bb6ffb3dc3c099c55f23697a653851e44f5c4e,20,0xd38b22794b308a2e55808a13d1e6a80c4be94fd5,62513098,2026-08-06T23:38:22Z
0x8d22379e38543486f161135850e88a9052391606,20,0xd38b22794b308a2e55808a13d1e6a80c4be94fd5,62513098,2026-08-06T23:38:22Z
0x862ae7e7ca3e0c0019f3945061632ff2fc4b4702,20,0xd38b22794b308a2e55808a13d1e6a80c4be94fd5,62513098,2026-08-06T23:38:22Z
0x822bac563288e76ab0ec2ea05281eba9519d8690,20,0xd38b22794b308a2e55808a13d1e6a80c4be94fd5,62513098,2026-08-06T23:38:22Z
0x81add5655166505020d4fc84a012950f7d912e97,20,0xd38b22794b308a2e55808a13d1e6a80c4be94fd5,62513098,2026-08-06T23:38:22Z
0x7b5d081e6a03bcbbd68234bc90094e92773b9d6f,20,0xd38b22794b308a2e55808a13d1e6a80c4be94fd5,62513098,2026-08-06T23:38:22Z
0x7184ef11ee9a16e981c44584c43f135b86c0dcfe,20,0xd38b22794b308a2e55808a13d1e6a80c4be94fd5,62513098,2026-08-06T23:38:22Z
0x5ad5a27bacfe7c07ae8278678da49e2e69b304a9,20,0xd38b22794b308a2e55808a13d1e6a80c4be94fd5,62513098,2026-08-06T23:38:22Z
0xf1a1b7e11e636f19aca2a9745ee36ee075027d48,19,0xd38b22794b308a2e55808a13d1e6a80c4be94fd5,62513098,2026-08-06T23:38:22Z
0x7403c348dbb783b082149228a79a0d3a6499d282,19,0xd38b22794b308a2e55808a13d1e6a80c4be94fd5,62513098,2026-08-06T23:38:22Z
0x16d20fcca26b5258acf4e635a2c96ab56b88eec7,19,0xd38b22794b308a2e55808a13d1e6a80c4be94fd5,62513098,2026-08-06T23:38:22Z
0xe0f4490938d2ed194cb330b4a3781f69bf733541,18,0xd38b22794b308a2e55808a13d1e6a80c4be94fd5,62513098,2026-08-06T23:38:22Z
0xb72362b75e3f2cf3b78bee9430abc863f47363a8,18,0xd38b22794b308a2e55808a13d1e6a80c4be94fd5,62513098,2026-08-06T23:38:22Z
0xaa5064d072d5fee5e67c7b063f8545f51a1f7610,18,0xd38b22794b308a2e55808a13d1e6a80c4be94fd5,62513098,2026-08-06T23:38:22Z
0x8f894b2385315745a813fd42fd2b59ce7fd5698a,18,0xd38b22794b308a2e55808a13d1e6a80c4be94fd5,62513098,2026-08-06T23:38:22Z
0x86767a8cee9b201b1edcfefdd9724d5861ffae40,18,0xd38b22794b308a2e55808a13d1e6a80c4be94fd5,62513098,2026-08-06T23:38:22Z
0xd699602805bc34c540fdbca61639ec44b4da5ab1,17,0xd38b22794b308a2e55808a13d1e6a80c4be94fd5,62513098,2026-08-06T23:38:22Z
0x77ae6ae1e19f8693b81ee75517ef45f9aa4a5939,17,0xd38b22794b308a2e55808a13d1e6a80c4be94fd5,62513098,2026-08-06T23:38:22Z
0xf30e768b9619c1d2cc05110e440e7f19b204f37e,16,0xd38b22794b308a2e55808a13d1e6a80c4be94fd5,62513098,2026-08-06T23:38:22Z
0xac5e1ca90335a461da49b6a9310c784eae8677ef,16,0xd38b22794b308a2e55808a13d1e6a80c4be94fd5,62513098,2026-08-06T23:38:22Z
0x4b43041e418b16bb7dcf94a09f721cc73574fc04,16,0xd38b22794b308a2e55808a13d1e6a80c4be94fd5,62513098,2026-08-06T23:38:22Z
0x40640b6df1a05a5c237e507e3cc791104b4c3422,16,0xd38b22794b308a2e55808a13d1e6a80c4be94fd5,62513098,2026-08-06T23:38:22Z
0x20df12bfcd84802f02100ebb17c5f504fbdc4828,16,0xd38b22794b308a2e55808a13d1e6a80c4be94fd5,62513098,2026-08-06T23:38:22Z
0x16303b0e18997975793b531069aed866b4a9920e,16,0xd38b22794b308a2e55808a13d1e6a80c4be94fd5,62513098,2026-08-06T23:38:22Z
0xe20f75642b97c11af651a81afcbbc6d7b4e32981,15,0xd38b22794b308a2e55808a13d1e6a80c4be94fd5,62513098,2026-08-06T23:38:22Z
0xd9d836ebc67abeec65b29e586f89816dab991f69,15,0xd38b22794b308a2e55808a13d1e6a80c4be94fd5,62513098,2026-08-06T23:38:22Z
0xc4639f39ebe54de9c8558fbee5ab953bd937f88e,15,0xd38b22794b308a2e55808a13d1e6a80c4be94fd5,62513098,2026-08-06T23:38:22Z
0xac9f48825c51f16125d03583376fb170e94e0a79,15,0xd38b22794b308a2e55808a13d1e6a80c4be94fd5,62513098,2026-08-06T23:38:22Z
0x73a7d216db8d609223a66b877c3ff2dcdf45f014,15,0xd38b22794b308a2e55808a13d1e6a80c4be94fd5,62513098,2026-08-06T23:38:22Z
0x05314d2b0dc76c29aad83a7b2ee9539a82a9eba7,15,0xd38b22794b308a2e55808a13d1e6a80c4be94fd5,62513098,2026-08-06T23:38:22Z
0xbc91a0f9ae5862b4296ed8d72b076563a86dc278,14,0xd38b22794b308a2e55808a13d1e6a80c4be94fd5,62513098,2026-08-06T23:38:22Z
0x71f6fbf51e3ebc2ad631c6c2e4440cba9dd46fae,14,0xd38b22794b308a2e55808a13d1e6a80c4be94fd5,62513098,2026-08-06T23:38:22Z
0x3baa552264fc3dd28e2ecf34898ee43b5db0ec61,14,0xd38b22794b308a2e55808a13d1e6a80c4be94fd5,62513098,2026-08-06T23:38:22Z
0xfa43636a2aea7135aac5a382dc8a874003bfc09b,13,0xd38b22794b308a2e55808a13d1e6a80c4be94fd5,62513098,2026-08-06T23:38:22Z
0xe3f60d597d16daa62309f74fee456ec16dc9d412,13,0xd38b22794b308a2e55808a13d1e6a80c4be94fd5,62513098,2026-08-06T23:38:22Z
0xd6b2bf27262b2aad942831e0da8a8776d69ab21c,13,0xd38b22794b308a2e55808a13d1e6a80c4be94fd5,62513098,2026-08-06T23:38:22Z
0xd3a76a405c27130baf6c8df7552914f101c06d98,13,0xd38b22794b308a2e55808a13d1e6a80c4be94fd5,62513098,2026-08-06T23:38:22Z
0xb45d7c08ab270bfae45a13b9a1a2a9b422608f47,13,0xd38b22794b308a2e55808a13d1e6a80c4be94fd5,62513098,2026-08-06T23:38:22Z
0xa3a570251668f82e1a3efe1a1c2e234337fb63df,13,0xd38b22794b308a2e55808a13d1e6a80c4be94fd5,62513098,2026-08-06T23:38:22Z
0x9257c70f885524872ed699d1d87852fecd51fb54,13,0xd38b22794b308a2e55808a13d1e6a80c4be94fd5,62513098,2026-08-06T23:38:22Z
0x122ea66fc97e02e7d6e2e861a3b63d2d89b9480f,13,0xd38b22794b308a2e55808a13d1e6a80c4be94fd5,62513098,2026-08-06T23:38:22Z
0x09e0178f584954b9366138c00e1870a59d7cc3e6,13,0xd38b22794b308a2e55808a13d1e6a80c4be94fd5,62513098,2026-08-06T23:38:22Z
0x065c84641ee62d032ea5f20c49d59817c87a2747,13,0xd38b22794b308a2e55808a13d1e6a80c4be94fd5,62513098,2026-08-06T23:38:22Z
0xe62d76bc8a572ee7ea32abad697a15f6c8b9ed47,12,0xd38b22794b308a2e55808a13d1e6a80c4be94fd5,62513098,2026-08-06T23:38:22Z
0xa034f448761c5422ff8cbc2978d6bb2f26698ede,12,0xd38b22794b308a2e55808a13d1e6a80c4be94fd5,62513098,2026-08-06T23:38:22Z
0x85cfd396261a59892df9425ca5888bb05a78e741,12,0xd38b22794b308a2e55808a13d1e6a80c4be94fd5,62513098,2026-08-06T23:38:22Z
0x6249a9c03b148acd773d806a50e1aa983e34be0f,12,0xd38b22794b308a2e55808a13d1e6a80c4be94fd5,62513098,2026-08-06T23:38:22Z
0x5d94a7b776177aa500970cdd5b13c6c05478b8bc,12,0xd38b22794b308a2e55808a13d1e6a80c4be94fd5,62513098,2026-08-06T23:38:22Z
0x56a63f96bebecec070333dd21974250e5251e9a7,12,0xd38b22794b308a2e55808a13d1e6a80c4be94fd5,62513098,2026-08-06T23:38:22Z
0x060f6529e7da2d0d95bd5626b0084069659fad07,12,0xd38b22794b308a2e55808a13d1e6a80c4be94fd5,62513098,2026-08-06T23:38:22Z
0xfc2e467b2516d2c3d70083624640c8ee4fc4d9d2,11,0xd38b22794b308a2e55808a13d1e6a80c4be94fd5,62513098,2026-08-06T23:38:22Z
0xc895935f13a87621ea97342f1e69bb43da36fe1e,11,0xd38b22794b308a2e55808a13d1e6a80c4be94fd5,62513098,2026-08-06T23:38:22Z
0xa1b7e77741c1b7f45a61895faffb3243b27fb1df,11,0xd38b22794b308a2e55808a13d1e6a80c4be94fd5,62513098,2026-08-06T23:38:22Z
0x84e4e8e4a2d7302ea0cebd636c75d705a94df3c1,11,0xd38b22794b308a2e55808a13d1e6a80c4be94fd5,62513098,2026-08-06T23:38:22Z
0x6acd98b7f9d818699aceb70f5e87fe148ccbb988,11,0xd38b22794b308a2e55808a13d1e6a80c4be94fd5,62513098,2026-08-06T23:38:22Z
0x4de5e859c1004f8e6ac00b2decb4b5124ee86afd,11,0xd38b22794b308a2e55808a13d1e6a80c4be94fd5,62513098,2026-08-06T23:38:22Z
0x37b3fae959f171767e34e33eaf7ee6e7be2842c3,11,0xd38b22794b308a2e55808a13d1e6a80c4be94fd5,62513098,2026-08-06T23:38:22Z
0x0219ab3584db4b71fc90a8f861b86f2a384a7ec0,11,0xd38b22794b308a2e55808a13d1e6a80c4be94fd5,62513098,2026-08-06T23:38:22Z
0xfd5b061127be14ded27d8a8f380fd760321326e8,10,0xd38b22794b308a2e55808a13d1e6a80c4be94fd5,62513098,2026-08-06T23:38:22Z
0xf954fda89c9c298090563bb2aaf1a8893ac52edf,10,0xd38b22794b308a2e55808a13d1e6a80c4be94fd5,62513098,2026-08-06T23:38:22Z
0xee93faebf9136c3ba1b2da6ff9ab086cd1d5877c,10,0xd38b22794b308a2e55808a13d1e6a80c4be94fd5,62513098,2026-08-06T23:38:22Z
0xeb94c4620f9e393bd31543f4fd18dd8f9406f5be,10,0xd38b22794b308a2e55808a13d1e6a80c4be94fd5,62513098,2026-08-06T23:38:22Z
0xde35201f6bfa6b9923ba5dc2509234c0df7e9f33,10,0xd38b22794b308a2e55808a13d1e6a80c4be94fd5,62513098,2026-08-06T23:38:22Z
0xd6c9165b33d6bdb623540c9fbdfdab33ed219502,10,0xd38b22794b308a2e55808a13d1e6a80c4be94fd5,62513098,2026-08-06T23:38:22Z
0xaf42ce4955d0ff465e6d4f5e27130de0eb5f5f87,10,0xd38b22794b308a2e55808a13d1e6a80c4be94fd5,62513098,2026-08-06T23:38:22Z
0xa8f53d0ab7fb901e490a40be5a089275fea96cdd,10,0xd38b22794b308a2e55808a13d1e6a80c4be94fd5,62513098,2026-08-06T23:38:22Z
0x989693df2da055fe2c1fc87c77eceacbaabd4adf,10,0xd38b22794b308a2e55808a13d1e6a80c4be94fd5,62513098,2026-08-06T23:38:22Z
0x95f9b35a6340ab732d786edd35740f12be85645e,10,0xd38b22794b308a2e55808a13d1e6a80c4be94fd5,62513098,2026-08-06T23:38:22Z
0x43949405198b10a385959b3f53749f9267b3e3e6,10,0xd38b22794b308a2e55808a13d1e6a80c4be94fd5,62513098,2026-08-06T23:38:22Z
0x40995f1c5653b56e0247a5acfb95205e9478d3c6,10,0xd38b22794b308a2e55808a13d1e6a80c4be94fd5,62513098,2026-08-06T23:38:22Z
0x39f4b3670652d1fd528919986640b1c3f60167cf,10,0xd38b22794b308a2e55808a13d1e6a80c4be94fd5,62513098,2026-08-06T23:38:22Z
0x2df4149c9fb5b0a569159276d19a5569fb7cfc0c,10,0xd38b22794b308a2e55808a13d1e6a80c4be94fd5,62513098,2026-08-06T23:38:22Z
0x014d8719aa9c5244a7ea50feedf033afe5cbd1df,10,0xd38b22794b308a2e55808a13d1e6a80c4be94fd5,62513098,2026-08-06T23:38:22Z
0xa882b324edc95dbf15ab1368bdab1b4a72e349b9,9,0xd38b22794b308a2e55808a13d1e6a80c4be94fd5,62513098,2026-08-06T23:38:22Z
0x95796cc67cf1a8846e1981d12ac129c243da9853,9,0xd38b22794b308a2e55808a13d1e6a80c4be94fd5,62513098,2026-08-06T23:38:22Z
0x8aea99820833c32bb23479df86e8712e455dc338,9,0xd38b22794b308a2e55808a13d1e6a80c4be94fd5,62513098,2026-08-06T23:38:22Z
0x840a276727a13ae158da999012d60f3b51523d55,9,0xd38b22794b308a2e55808a13d1e6a80c4be94fd5,62513098,2026-08-06T23:38:22Z
0x7a3446b8cc15448f1d6d861d8c56bbb5a9d86434,9,0xd38b22794b308a2e55808a13d1e6a80c4be94fd5,62513098,2026-08-06T23:38:22Z
0x6af92b8573e9bf8fcba222a38cb97802974fede4,9,0xd38b22794b308a2e55808a13d1e6a80c4be94fd5,62513098,2026-08-06T23:38:22Z
0x147ef3a8a05ef25ff4d8d605b43e9322c3d43a7a,9,0xd38b22794b308a2e55808a13d1e6a80c4be94fd5,62513098,2026-08-06T23:38:22Z
0x00e7de2ff77b46e70f9c9bece7fdb0e6d3547510,9,0xd38b22794b308a2e55808a13d1e6a80c4be94fd5,62513098,2026-08-06T23:38:22Z
0xf491858eb93248d20f3bc23e93bd033c043ae52b,8,0xd38b22794b308a2e55808a13d1e6a80c4be94fd5,62513098,2026-08-06T23:38:22Z
0xcc0a3bc2edd7aa49ee5b9bea619e9e80b337b52a,8,0xd38b22794b308a2e55808a13d1e6a80c4be94fd5,62513098,2026-08-06T23:38:22Z
0xc99586f31162e1118fd1d9a5efb4bf206bcbee92,8,0xd38b22794b308a2e55808a13d1e6a80c4be94fd5,62513098,2026-08-06T23:38:22Z
0xc7599a8471e7621175b021bce73cf3051237ed9b,8,0xd38b22794b308a2e55808a13d1e6a80c4be94fd5,62513098,2026-08-06T23:38:22Z
0xade2f05f53c22a1fdb0b399398a2f1f7a773f59f,8,0xd38b22794b308a2e55808a13d1e6a80c4be94fd5,62513098,2026-08-06T23:38:22Z
0xa5eefb7a5b6ef45e8b18c978d443ccafd38b6196,8,0xd38b22794b308a2e55808a13d1e6a80c4be94fd5,62513098,2026-08-06T23:38:22Z
0x93f5af632ce523286e033f0510e9b3c9710f4489,8,0xd38b22794b308a2e55808a13d1e6a80c4be94fd5,62513098,2026-08-06T23:38:22Z
0x8940866a6d3ceb7225853133a86a45692a2f42c5,8,0xd38b22794b308a2e55808a13d1e6a80c4be94fd5,62513098,2026-08-06T23:38:22Z
0x7eb9d364707cdf49e3d0917104c10faa26a6fa90,8,0xd38b22794b308a2e55808a13d1e6a80c4be94fd5,62513098,2026-08-06T23:38:22Z
0x368a923dcb3550513710563fc80bb45a6cdbff2e,8,0xd38b22794b308a2e55808a13d1e6a80c4be94fd5,62513098,2026-08-06T23:38:22Z
0x34400ecc4a5a69891a617a073e2935189f771958,8,0xd38b22794b308a2e55808a13d1e6a80c4be94fd5,62513098,2026-08-06T23:38:22Z
0x2e285b7579c91f5db65bbbc59e330f872d041c54,8,0xd38b22794b308a2e55808a13d1e6a80c4be94fd5,62513098,2026-08-06T23:38:22Z
0x1e0e34698da926d8c8959789bc5f52c8cadcf852,8,0xd38b22794b308a2e55808a13d1e6a80c4be94fd5,62513098,2026-08-06T23:38:22Z
0x12285406d3360aed5e14089a1992ac0c4986531e,8,0xd38b22794b308a2e55808a13d1e6a80c4be94fd5,62513098,2026-08-06T23:38:22Z
0xfe36aacbcf5677a4a04288764c16acb4220894b9,7,0xd38b22794b308a2e55808a13d1e6a80c4be94fd5,62513098,2026-08-06T23:38:22Z
0xcd497374cc72c57c632917d365eef8f74dbef891,7,0xd38b22794b308a2e55808a13d1e6a80c4be94fd5,62513098,2026-08-06T23:38:22Z
0x90b8e5d12c7b166563853c378e6c78ed6e564b94,7,0xd38b22794b308a2e55808a13d1e6a80c4be94fd5,62513098,2026-08-06T23:38:22Z
0x8f9ec26e0f77980002e626df5631f9622b665ee1,7,0xd38b22794b308a2e55808a13d1e6a80c4be94fd5,62513098,2026-08-06T23:38:22Z
0x81b88d5f25dc28bb617b898f9c266d02528f79a1,7,0xd38b22794b308a2e55808a13d1e6a80c4be94fd5,62513098,2026-08-06T23:38:22Z
0x6fe3a5de69dc308deca6d772f8d01a813c086f0b,7,0xd38b22794b308a2e55808a13d1e6a80c4be94fd5,62513098,2026-08-06T23:38:22Z
0x5f667eaf848481766b0a8926793ebeb77da9bb87,7,0xd38b22794b308a2e55808a13d1e6a80c4be94fd5,62513098,2026-08-06T23:38:22Z
0x58e857b6a51e09f1ed5b588ebf255d205563559e,7,0xd38b22794b308a2e55808a13d1e6a80c4be94fd5,62513098,2026-08-06T23:38:22Z
0x555a531eb47ae858abf5a70490b1e2f6f88f9690,7,0xd38b22794b308a2e55808a13d1e6a80c4be94fd5,62513098,2026-08-06T23:38:22Z
0x2f5a3592b968333280a64171a4608cd1f3088eea,7,0xd38b22794b308a2e55808a13d1e6a80c4be94fd5,62513098,2026-08-06T23:38:22Z
0x24d1349889f96886f9ac8dd75077e655e0f61c4a,7,0xd38b22794b308a2e55808a13d1e6a80c4be94fd5,62513098,2026-08-06T23:38:22Z
0xfd78ab40ca4a89418fe32817b03df3adc4aa9a7e,6,0xd38b22794b308a2e55808a13d1e6a80c4be94fd5,62513098,2026-08-06T23:38:22Z
0xf985e0e1437299dc60cf6b0c4ec1f562ca4e66c7,6,0xd38b22794b308a2e55808a13d1e6a80c4be94fd5,62513098,2026-08-06T23:38:22Z
0xe554515d743589c5e8479fd2040d86533f48a407,6,0xd38b22794b308a2e55808a13d1e6a80c4be94fd5,62513098,2026-08-06T23:38:22Z
0xd7f0fcd5e2f5a0d4f59fd5a4cbdeba71c76469ff,6,0xd38b22794b308a2e55808a13d1e6a80c4be94fd5,62513098,2026-08-06T23:38:22Z
0xc31fed7a56828f2a3eaa584d4187a60ce0b1c39f,6,0xd38b22794b308a2e55808a13d1e6a80c4be94fd5,62513098,2026-08-06T23:38:22Z
0xc2fea212cb7635602b4b7993afeaecc97a873d5e,6,0xd38b22794b308a2e55808a13d1e6a80c4be94fd5,62513098,2026-08-06T23:38:22Z
0xbda2479bba61c5884be7908597b7a12b8961355c,6,0xd38b22794b308a2e55808a13d1e6a80c4be94fd5,62513098,2026-08-06T23:38:22Z
0xb3397a6feedff2b9fce9ca1086cb1bdd617c16bf,6,0xd38b22794b308a2e55808a13d1e6a80c4be94fd5,62513098,2026-08-06T23:38:22Z
0xb088c4f183636393d112e104766c14f623710073,6,0xd38b22794b308a2e55808a13d1e6a80c4be94fd5,62513098,2026-08-06T23:38:22Z
0xabe465c13ebd03911087bb32a32cc75499d8103c,6,0xd38b22794b308a2e55808a13d1e6a80c4be94fd5,62513098,2026-08-06T23:38:22Z
0xa6ed98c6223d109df29c411946093d4a071aec69,6,0xd38b22794b308a2e55808a13d1e6a80c4be94fd5,62513098,2026-08-06T23:38:22Z
0x9ca2f06c148b6ee694892b8a455400f75c2807a2,6,0xd38b22794b308a2e55808a13d1e6a80c4be94fd5,62513098,2026-08-06T23:38:22Z
0x843e04907cd71624e55d61f9ac46dc34d76d9c25,6,0xd38b22794b308a2e55808a13d1e6a80c4be94fd5,62513098,2026-08-06T23:38:22Z
0x7e3c5dcbb4a586deca370f07bfe7e7efafd4127f,6,0xd38b22794b308a2e55808a13d1e6a80c4be94fd5,62513098,2026-08-06T23:38:22Z
0x7c0201725005b22445fde4dce334abce520dd6be,6,0xd38b22794b308a2e55808a13d1e6a80c4be94fd5,62513098,2026-08-06T23:38:22Z
0x721bd7ea7cc17ecf88503b1e7f54532246dd6348,6,0xd38b22794b308a2e55808a13d1e6a80c4be94fd5,62513098,2026-08-06T23:38:22Z
0x6c1cc019559b5682d627953d08a91c94a80df1a5,6,0xd38b22794b308a2e55808a13d1e6a80c4be94fd5,62513098,2026-08-06T23:38:22Z
0x5397cc61acf0f237854dd975adcbae9b441f51e7,6,0xd38b22794b308a2e55808a13d1e6a80c4be94fd5,62513098,2026-08-06T23:38:22Z
0x51f079e44d2cb8308c4aecf98e29fd85a394fd73,6,0xd38b22794b308a2e55808a13d1e6a80c4be94fd5,62513098,2026-08-06T23:38:22Z
0x4ac9e87cb27c93bcb3abf852c11635806b5c15d9,6,0xd38b22794b308a2e55808a13d1e6a80c4be94fd5,62513098,2026-08-06T23:38:22Z
0x4524f120f9fab133516e6989b3b7fa1ed76c54bd,6,0xd38b22794b308a2e55808a13d1e6a80c4be94fd5,62513098,2026-08-06T23:38:22Z
0x26a0f386140f84e3531d30926d6a053cadeb94f8,6,0xd38b22794b308a2e55808a13d1e6a80c4be94fd5,62513098,2026-08-06T23:38:22Z
0x1f14b4c839fa46aee4d4b1f8dae69cb7c26ca53e,6,0xd38b22794b308a2e55808a13d1e6a80c4be94fd5,62513098,2026-08-06T23:38:22Z
0xfa75c34b764a686d068c8bc177fce8a564d0fb56,5,0xd38b22794b308a2e55808a13d1e6a80c4be94fd5,62513098,2026-08-06T23:38:22Z
0xf5264fa41ad3b420972e71d5a23b3fa5569498c7,5,0xd38b22794b308a2e55808a13d1e6a80c4be94fd5,62513098,2026-08-06T23:38:22Z
0xed95dbbc066fd0a28038145f58f2c5944a185a69,5,0xd38b22794b308a2e55808a13d1e6a80c4be94fd5,62513098,2026-08-06T23:38:22Z
0xe77ce1eef054863f7f5002e682ee45c71a0973d8,5,0xd38b22794b308a2e55808a13d1e6a80c4be94fd5,62513098,2026-08-06T23:38:22Z
0xe46967cc888f04678f73a8a379fa53c55f43d737,5,0xd38b22794b308a2e55808a13d1e6a80c4be94fd5,62513098,2026-08-06T23:38:22Z
0xd049f619786e81b49698a2846f30e7d90ccb7954,5,0xd38b22794b308a2e55808a13d1e6a80c4be94fd5,62513098,2026-08-06T23:38:22Z
0xcef6e423bdda75216373091b57fa30684673267e,5,0xd38b22794b308a2e55808a13d1e6a80c4be94fd5,62513098,2026-08-06T23:38:22Z
0xc7abf54923030935ad8a628b7c87516e31c09cac,5,0xd38b22794b308a2e55808a13d1e6a80c4be94fd5,62513098,2026-08-06T23:38:22Z
0xc6fbb98107602c9738245b3ea9f71d072626d47e,5,0xd38b22794b308a2e55808a13d1e6a80c4be94fd5,62513098,2026-08-06T23:38:22Z
0xbe8cdc2165c0b885a0bc9d5826742937acefe1a1,5,0xd38b22794b308a2e55808a13d1e6a80c4be94fd5,62513098,2026-08-06T23:38:22Z
0xbd9145a7d3a90c8cd2231cc95ceef79741bf416c,5,0xd38b22794b308a2e55808a13d1e6a80c4be94fd5,62513098,2026-08-06T23:38:22Z
0xabe45a4953c3c047bede81f8d808458d0c6aaaed,5,0xd38b22794b308a2e55808a13d1e6a80c4be94fd5,62513098,2026-08-06T23:38:22Z
0xaab1a09859ad3448e5fbe03f972c8772052ae45a,5,0xd38b22794b308a2e55808a13d1e6a80c4be94fd5,62513098,2026-08-06T23:38:22Z
0xa35ec8ed88eb09651a0b86f4d74b4087ec453c45,5,0xd38b22794b308a2e55808a13d1e6a80c4be94fd5,62513098,2026-08-06T23:38:22Z
0x90b56d0e27e74c3c5e66ebfcaf12dc5ecf0665dd,5,0xd38b22794b308a2e55808a13d1e6a80c4be94fd5,62513098,2026-08-06T23:38:22Z
0x77bf350a791cf3b166e0f38b41cec390d37d3f63,5,0xd38b22794b308a2e55808a13d1e6a80c4be94fd5,62513098,2026-08-06T23:38:22Z
0x720723842a049c8971624c1363b1e1ce312694ac,5,0xd38b22794b308a2e55808a13d1e6a80c4be94fd5,62513098,2026-08-06T23:38:22Z
0x6eb6e82461462036b603efda69c7169b5513f36c,5,0xd38b22794b308a2e55808a13d1e6a80c4be94fd5,62513098,2026-08-06T23:38:22Z
0x5fc7459f9262a3dcc5fc83ab89907c41b6f2dcd0,5,0xd38b22794b308a2e55808a13d1e6a80c4be94fd5,62513098,2026-08-06T23:38:22Z
0x592913aa79e1389a759ec77bc2ea67abdad9247c,5,0xd38b22794b308a2e55808a13d1e6a80c4be94fd5,62513098,2026-08-06T23:38:22Z
0x58cc0e329968363564af21cc9b55aeec35c23469,5,0xd38b22794b308a2e55808a13d1e6a80c4be94fd5,62513098,2026-08-06T23:38:22Z
0x51845ce5b8a1b2b33157980e73e0a26861865233,5,0xd38b22794b308a2e55808a13d1e6a80c4be94fd5,62513098,2026-08-06T23:38:22Z
0x48bd049265de2ef6cc172ebb3f23dd617a2db42a,5,0xd38b22794b308a2e55808a13d1e6a80c4be94fd5,62513098,2026-08-06T23:38:22Z
0x373df19344d5845b3986f1413f07472e61632265,5,0xd38b22794b308a2e55808a13d1e6a80c4be94fd5,62513098,2026-08-06T23:38:22Z
0x264e50a6c02ca0f021659f61e3505fc05e3d92bd,5,0xd38b22794b308a2e55808a13d1e6a80c4be94fd5,62513098,2026-08-06T23:38:22Z
0x1e0da60960e131f6a2eb972f5a5e0893d3b2e617,5,0xd38b22794b308a2e55808a13d1e6a80c4be94fd5,62513098,2026-08-06T23:38:22Z
0x127908f573b6a9a363c0365783f0410c55dd19e8,5,0xd38b22794b308a2e55808a13d1e6a80c4be94fd5,62513098,2026-08-06T23:38:22Z
0x0dc4d6b24294dfa21e798ee9ff7a76e03cc0d7d0,5,0xd38b22794b308a2e55808a13d1e6a80c4be94fd5,62513098,2026-08-06T23:38:22Z
0x02d9ea14cf47562a2f1d2d2d744e628a60a1e5f8,5,0xd38b22794b308a2e55808a13d1e6a80c4be94fd5,62513098,2026-08-06T23:38:22Z
0xfe155fbed8eebc74c29ce92a19e13c1acd9f47cb,4,0xd38b22794b308a2e55808a13d1e6a80c4be94fd5,62513098,2026-08-06T23:38:22Z
0xf6f29b2706534198ace794aba2242c03cd760b4a,4,0xd38b22794b308a2e55808a13d1e6a80c4be94fd5,62513098,2026-08-06T23:38:22Z
0xf5e25fa39d6ffc6ec11a2f241f1b2734ee548cb1,4,0xd38b22794b308a2e55808a13d1e6a80c4be94fd5,62513098,2026-08-06T23:38:22Z
0xe99c2323953a25fce68c522a613f254d485c537d,4,0xd38b22794b308a2e55808a13d1e6a80c4be94fd5,62513098,2026-08-06T23:38:22Z
0xde51799a290b6cf6d9093fa8bea22fa93bb19654,4,0xd38b22794b308a2e55808a13d1e6a80c4be94fd5,62513098,2026-08-06T23:38:22Z
0xddafa2697edac07b408c7138bfe6b783c29a2419,4,0xd38b22794b308a2e55808a13d1e6a80c4be94fd5,62513098,2026-08-06T23:38:22Z
0xd30eb900e19be32eb03b465cc7e649119594ab0b,4,0xd38b22794b308a2e55808a13d1e6a80c4be94fd5,62513098,2026-08-06T23:38:22Z
0xd0f62308c31c0b8477752425407f55a98d17e72e,4,0xd38b22794b308a2e55808a13d1e6a80c4be94fd5,62513098,2026-08-06T23:38:22Z
0xcf50ac2f6c7a3a0dba96a3be903e3744ad91c8bf,4,0xd38b22794b308a2e55808a13d1e6a80c4be94fd5,62513098,2026-08-06T23:38:22Z
0xcf471d457e6363b356f2348aef11668307c97da6,4,0xd38b22794b308a2e55808a13d1e6a80c4be94fd5,62513098,2026-08-06T23:38:22Z
0xc6e9b99b75d7c9a43b9986c0d6745a52f21080db,4,0xd38b22794b308a2e55808a13d1e6a80c4be94fd5,62513098,2026-08-06T23:38:22Z
0xbc8c677153f10643ada3dd8578aee301bbe2d032,4,0xd38b22794b308a2e55808a13d1e6a80c4be94fd5,62513098,2026-08-06T23:38:22Z
0xb12aa8282b00de547fda518cff984a375a61a29d,4,0xd38b22794b308a2e55808a13d1e6a80c4be94fd5,62513098,2026-08-06T23:38:22Z
0xb0ed8f58594f0ade218d7057ca405a6a2d128af7,4,0xd38b22794b308a2e55808a13d1e6a80c4be94fd5,62513098,2026-08-06T23:38:22Z
0xafe7b58fc2f907d641aca4c7cf6836456e7d86e1,4,0xd38b22794b308a2e55808a13d1e6a80c4be94fd5,62513098,2026-08-06T23:38:22Z
0xa9d85575efed45ed034e65ec6636b38118252375,4,0xd38b22794b308a2e55808a13d1e6a80c4be94fd5,62513098,2026-08-06T23:38:22Z
0xa9b4e3a754f666a66999c3dd02b06f0cbae928c8,4,0xd38b22794b308a2e55808a13d1e6a80c4be94fd5,62513098,2026-08-06T23:38:22Z
0x9e7953dea78bc0a3cf48f155f0a4b779df3dcaf3,4,0xd38b22794b308a2e55808a13d1e6a80c4be94fd5,62513098,2026-08-06T23:38:22Z
0x9bef6391974b2924b29ff058e31302d31b3159b8,4,0xd38b22794b308a2e55808a13d1e6a80c4be94fd5,62513098,2026-08-06T23:38:22Z
0x92e148fd89519030397f839948a6af6e22dbf4a3,4,0xd38b22794b308a2e55808a13d1e6a80c4be94fd5,62513098,2026-08-06T23:38:22Z
0x8ded7660ebcd47c129163fe8bb48dbd9b9e93adf,4,0xd38b22794b308a2e55808a13d1e6a80c4be94fd5,62513098,2026-08-06T23:38:22Z
0x8db9bae86f29a38b31acc230dbfccad7abfa789b,4,0xd38b22794b308a2e55808a13d1e6a80c4be94fd5,62513098,2026-08-06T23:38:22Z
0x83e707ee630e5c90edb2b4eec950100407889e85,4,0xd38b22794b308a2e55808a13d1e6a80c4be94fd5,62513098,2026-08-06T23:38:22Z
0x78f35b7980962391f6560667dc753036d16cbac5,4,0xd38b22794b308a2e55808a13d1e6a80c4be94fd5,62513098,2026-08-06T23:38:22Z
0x7297846cac506157f36ea5b5a6b67f85f197b07b,4,0xd38b22794b308a2e55808a13d1e6a80c4be94fd5,62513098,2026-08-06T23:38:22Z
0x6beef2b2fe00fddca12a8cda2d4b00435b0ba3b6,4,0xd38b22794b308a2e55808a13d1e6a80c4be94fd5,62513098,2026-08-06T23:38:22Z
0x6867139ce52815ad7596d7ca6080b804648a3c3b,4,0xd38b22794b308a2e55808a13d1e6a80c4be94fd5,62513098,2026-08-06T23:38:22Z
0x679d5f6c17e8dcb51cb852f283020879cb8c74d2,4,0xd38b22794b308a2e55808a13d1e6a80c4be94fd5,62513098,2026-08-06T23:38:22Z
0x63d7378a9f73778137ffe9d843112b022239b143,4,0xd38b22794b308a2e55808a13d1e6a80c4be94fd5,62513098,2026-08-06T23:38:22Z
0x624bd2c49c2b2ffe3521b87cd9fb94c85215ac23,4,0xd38b22794b308a2e55808a13d1e6a80c4be94fd5,62513098,2026-08-06T23:38:22Z
0x6043224abb23de31220ac7f07892a585190b009f,4,0xd38b22794b308a2e55808a13d1e6a80c4be94fd5,62513098,2026-08-06T23:38:22Z
0x44e4b80e4cdeb4d641168580c284859fcfb84f16,4,0xd38b22794b308a2e55808a13d1e6a80c4be94fd5,62513098,2026-08-06T23:38:22Z
0x435ce1800db3ae86287a0eea42a5823423f40358,4,0xd38b22794b308a2e55808a13d1e6a80c4be94fd5,62513098,2026-08-06T23:38:22Z
0x407c84007376e44926c14a9b80de80729375bc54,4,0xd38b22794b308a2e55808a13d1e6a80c4be94fd5,62513098,2026-08-06T23:38:22Z
0x3b629681297ad4eb3e46f7091dff8e0f373877e5,4,0xd38b22794b308a2e55808a13d1e6a80c4be94fd5,62513098,2026-08-06T23:38:22Z
0x3a6154998397441c7da755e93eecc2f2460be365,4,0xd38b22794b308a2e55808a13d1e6a80c4be94fd5,62513098,2026-08-06T23:38:22Z
0x3a2e0ca94df8ecf850a552d74eb65b96d2798b10,4,0xd38b22794b308a2e55808a13d1e6a80c4be94fd5,62513098,2026-08-06T23:38:22Z
0x34eced1a67b27cbec2dca6f50f00e251111f2587,4,0xd38b22794b308a2e55808a13d1e6a80c4be94fd5,62513098,2026-08-06T23:38:22Z
0x34654a9ce7a929bbabd14be751f0dbd56afa252c,4,0xd38b22794b308a2e55808a13d1e6a80c4be94fd5,62513098,2026-08-06T23:38:22Z
0x33361de368a19f6f050975067fdaa11e16c4f2bd,4,0xd38b22794b308a2e55808a13d1e6a80c4be94fd5,62513098,2026-08-06T23:38:22Z
0x308ff48fc1542469e8493237b8c5613c2a49f706,4,0xd38b22794b308a2e55808a13d1e6a80c4be94fd5,62513098,2026-08-06T23:38:22Z
0x2ef1d28e1d9f15e467467b3e0a742b9f99a62fd0,4,0xd38b22794b308a2e55808a13d1e6a80c4be94fd5,62513098,2026-08-06T23:38:22Z
0x2ec7b0b01d7c72a31f3834fe4f208c4d04d1cdac,4,0xd38b22794b308a2e55808a13d1e6a80c4be94fd5,62513098,2026-08-06T23:38:22Z
0x2e405a1276b59124c08a20233623426f50fbfc4a,4,0xd38b22794b308a2e55808a13d1e6a80c4be94fd5,62513098,2026-08-06T23:38:22Z
0x1e2626226cf946209b88edff722cdd9e33409cbc,4,0xd38b22794b308a2e55808a13d1e6a80c4be94fd5,62513098,2026-08-06T23:38:22Z
0x197ab17883354aaf0255ecf0c2295aee30950e52,4,0xd38b22794b308a2e55808a13d1e6a80c4be94fd5,62513098,2026-08-06T23:38:22Z
0x107fe0b39b133b49643515e9a94c46df770506c0,4,0xd38b22794b308a2e55808a13d1e6a80c4be94fd5,62513098,2026-08-06T23:38:22Z
0x09cb8dd81d88902e91ba4e5c0927f21e7b4c58fc,4,0xd38b22794b308a2e55808a13d1e6a80c4be94fd5,62513098,2026-08-06T23:38:22Z
0x06b31dbdb59b27dea76a7c6bf9ffe03b84ddb780,4,0xd38b22794b308a2e55808a13d1e6a80c4be94fd5,62513098,2026-08-06T23:38:22Z
0xff8005c97b181b37f6a654d6df69fa0af60dbd23,3,0xd38b22794b308a2e55808a13d1e6a80c4be94fd5,62513098,2026-08-06T23:38:22Z
0xf8a7fdd037c5e8a437d25c7eb8fbf5501fb07e58,3,0xd38b22794b308a2e55808a13d1e6a80c4be94fd5,62513098,2026-08-06T23:38:22Z
0xf34528d4af32c5582781f26104b6c38a8047f303,3,0xd38b22794b308a2e55808a13d1e6a80c4be94fd5,62513098,2026-08-06T23:38:22Z
0xedd5e266ea99e5808f8c3c67b82b8a08c20411e9,3,0xd38b22794b308a2e55808a13d1e6a80c4be94fd5,62513098,2026-08-06T23:38:22Z
0xec52ddaf96fa03c48a5c5472a8d049dda28d4e50,3,0xd38b22794b308a2e55808a13d1e6a80c4be94fd5,62513098,2026-08-06T23:38:22Z
0xec40fd8955bcc49e09f0b77fd1b0631f07007c18,3,0xd38b22794b308a2e55808a13d1e6a80c4be94fd5,62513098,2026-08-06T23:38:22Z
0xe44b34945a41552838c0b199db3d9570153f4f3c,3,0xd38b22794b308a2e55808a13d1e6a80c4be94fd5,62513098,2026-08-06T23:38:22Z
0xe13c5bb07389ee2da2e20ddf317b7af8bd55940e,3,0xd38b22794b308a2e55808a13d1e6a80c4be94fd5,62513098,2026-08-06T23:38:22Z
0xe069ea6f950fa0d203d45d3b10a8bb3f98c51a0d,3,0xd38b22794b308a2e55808a13d1e6a80c4be94fd5,62513098,2026-08-06T23:38:22Z
0xdc4d4ed777623e0fd5e9437b254e3b3249a048d3,3,0xd38b22794b308a2e55808a13d1e6a80c4be94fd5,62513098,2026-08-06T23:38:22Z
0xdb01db0928f50c8897444659d23162430646c672,3,0xd38b22794b308a2e55808a13d1e6a80c4be94fd5,62513098,2026-08-06T23:38:22Z
0xd7d978f775e62d08ef7147bd6b465e204765b821,3,0xd38b22794b308a2e55808a13d1e6a80c4be94fd5,62513098,2026-08-06T23:38:22Z
0xd4b023360fc9addeef68ad15ce49d641a36ae5f0,3,0xd38b22794b308a2e55808a13d1e6a80c4be94fd5,62513098,2026-08-06T23:38:22Z
0xd4973ff1a00be5bee8869b9434a6d9cc7216b1b3,3,0xd38b22794b308a2e55808a13d1e6a80c4be94fd5,62513098,2026-08-06T23:38:22Z
0xd32ed52e51fc1089c3241c3a35bd8b6c8a192e33,3,0xd38b22794b308a2e55808a13d1e6a80c4be94fd5,62513098,2026-08-06T23:38:22Z
0xd094662cb907464917e1c03fc60641453fb90b40,3,0xd38b22794b308a2e55808a13d1e6a80c4be94fd5,62513098,2026-08-06T23:38:22Z
0xcdcdefcf200b66718403ccad3295a0ae6553d907,3,0xd38b22794b308a2e55808a13d1e6a80c4be94fd5,62513098,2026-08-06T23:38:22Z
0xcc2c27541d5cbdfcaa3baf822aa04bcab59d7d73,3,0xd38b22794b308a2e55808a13d1e6a80c4be94fd5,62513098,2026-08-06T23:38:22Z
0xc3198dc78fdbc7f24bdc5deee1bca1aab05c961c,3,0xd38b22794b308a2e55808a13d1e6a80c4be94fd5,62513098,2026-08-06T23:38:22Z
0xbe5ba997d2096311bd9c58aa6bd3251ad809b962,3,0xd38b22794b308a2e55808a13d1e6a80c4be94fd5,62513098,2026-08-06T23:38:22Z
0xb23092749a1d44258ed1ef82d677b03008f2dcee,3,0xd38b22794b308a2e55808a13d1e6a80c4be94fd5,62513098,2026-08-06T23:38:22Z
0xa2d05f826a23b3976e1d8961e4c8cd0a66ff37df,3,0xd38b22794b308a2e55808a13d1e6a80c4be94fd5,62513098,2026-08-06T23:38:22Z
0xa21bbcbacbec1e4338ffc28a737dcb6b03e9ae70,3,0xd38b22794b308a2e55808a13d1e6a80c4be94fd5,62513098,2026-08-06T23:38:22Z
0xa103860404e4fcac667b44e8b28b4210aecbaf67,3,0xd38b22794b308a2e55808a13d1e6a80c4be94fd5,62513098,2026-08-06T23:38:22Z
0x9ddc9a7a8b4b2856a533b5e9bf544682a39f19a8,3,0xd38b22794b308a2e55808a13d1e6a80c4be94fd5,62513098,2026-08-06T23:38:22Z
0x9d95477f3852f3a9bbb4711982f53e7089ae62ee,3,0xd38b22794b308a2e55808a13d1e6a80c4be94fd5,62513098,2026-08-06T23:38:22Z
0x9d944fabffe6d849370d1c1db2f453a5e280096c,3,0xd38b22794b308a2e55808a13d1e6a80c4be94fd5,62513098,2026-08-06T23:38:22Z
0x9a1e248e49ddfb17c96e737db440fe3319932664,3,0xd38b22794b308a2e55808a13d1e6a80c4be94fd5,62513098,2026-08-06T23:38:22Z
0x95e0022e62a9e13fc9f38a3e288521f2fd042357,3,0xd38b22794b308a2e55808a13d1e6a80c4be94fd5,62513098,2026-08-06T23:38:22Z
0x8f653b9a539d341615cfb8c60bd024edab6e78e8,3,0xd38b22794b308a2e55808a13d1e6a80c4be94fd5,62513098,2026-08-06T23:38:22Z
0x8c6cc600d765585edea916435777c3ea400ebbef,3,0xd38b22794b308a2e55808a13d1e6a80c4be94fd5,62513098,2026-08-06T23:38:22Z
0x8a39d186a72c55bdc76bd546f56817123aa68033,3,0xd38b22794b308a2e55808a13d1e6a80c4be94fd5,62513098,2026-08-06T23:38:22Z
0x85df7d84c4e5d485711ba30a8b7cdfa115001c3b,3,0xd38b22794b308a2e55808a13d1e6a80c4be94fd5,62513098,2026-08-06T23:38:22Z
0x83b3db38de28c71687bac1bb77f96b4a0ad59c02,3,0xd38b22794b308a2e55808a13d1e6a80c4be94fd5,62513098,2026-08-06T23:38:22Z
0x837200baf9674d97243ec7ee31f8906b850f8c1d,3,0xd38b22794b308a2e55808a13d1e6a80c4be94fd5,62513098,2026-08-06T23:38:22Z
0x81de381fa4b91bc6e36be3e31483fefaba6b1b0a,3,0xd38b22794b308a2e55808a13d1e6a80c4be94fd5,62513098,2026-08-06T23:38:22Z
0x8127a3faadaa9c6cf4ddfd855681919a39787ba2,3,0xd38b22794b308a2e55808a13d1e6a80c4be94fd5,62513098,2026-08-06T23:38:22Z
0x7859d4a795adbad3071f7275e1c3495a04744b1b,3,0xd38b22794b308a2e55808a13d1e6a80c4be94fd5,62513098,2026-08-06T23:38:22Z
0x774363d02e2c8fbbeb5b6b37daa590317d5c4152,3,0xd38b22794b308a2e55808a13d1e6a80c4be94fd5,62513098,2026-08-06T23:38:22Z
0x74ff926d8dc46984b09c9c11247bed8dc2b60b73,3,0xd38b22794b308a2e55808a13d1e6a80c4be94fd5,62513098,2026-08-06T23:38:22Z
0x6eaffb32ba01fb8b235f34ea868554c71635dbd9,3,0xd38b22794b308a2e55808a13d1e6a80c4be94fd5,62513098,2026-08-06T23:38:22Z
0x6975731b1f478eea4ddd19ef43b3bd56f5b90f46,3,0xd38b22794b308a2e55808a13d1e6a80c4be94fd5,62513098,2026-08-06T23:38:22Z
0x64fd696beb8486c783cb2242b8c984195ceb3de8,3,0xd38b22794b308a2e55808a13d1e6a80c4be94fd5,62513098,2026-08-06T23:38:22Z
0x64f27d03cbf3425a971bac625dc828a2e1fa82a5,3,0xd38b22794b308a2e55808a13d1e6a80c4be94fd5,62513098,2026-08-06T23:38:22Z
0x62d3c6c91b08419685fd9c0634b289531f9bb87f,3,0xd38b22794b308a2e55808a13d1e6a80c4be94fd5,62513098,2026-08-06T23:38:22Z
0x60ecffcd16b527bf77e6c6d2b02bc5b127123dbe,3,0xd38b22794b308a2e55808a13d1e6a80c4be94fd5,62513098,2026-08-06T23:38:22Z
0x6073b187357c6b2970da8812ece1959b3cce487d,3,0xd38b22794b308a2e55808a13d1e6a80c4be94fd5,62513098,2026-08-06T23:38:22Z
0x5e8073db3c55dfe04c8a40b0de140fd36f82f76a,3,0xd38b22794b308a2e55808a13d1e6a80c4be94fd5,62513098,2026-08-06T23:38:22Z
0x5d8211539badb5f638ac7f96e5749e8dfc89646b,3,0xd38b22794b308a2e55808a13d1e6a80c4be94fd5,62513098,2026-08-06T23:38:22Z
0x590c113fad9990d389fb835b7ffe0838b4004ec3,3,0xd38b22794b308a2e55808a13d1e6a80c4be94fd5,62513098,2026-08-06T23:38:22Z
0x58e96b485d9f0f3a32b121437baf9b4a7a5767db,3,0xd38b22794b308a2e55808a13d1e6a80c4be94fd5,62513098,2026-08-06T23:38:22Z
0x4e48bd7bb7d4a6ea48d900f1ad2527ee38b24949,3,0xd38b22794b308a2e55808a13d1e6a80c4be94fd5,62513098,2026-08-06T23:38:22Z
0x4e34bb2c7b83aaeac015b23e3b55cd6845ca6f14,3,0xd38b22794b308a2e55808a13d1e6a80c4be94fd5,62513098,2026-08-06T23:38:22Z
0x4b9f24dc32d5168bed1bc4552def9779b8543de7,3,0xd38b22794b308a2e55808a13d1e6a80c4be94fd5,62513098,2026-08-06T23:38:22Z
0x48ba9066bf91496ae48ca95ed5da2739de870954,3,0xd38b22794b308a2e55808a13d1e6a80c4be94fd5,62513098,2026-08-06T23:38:22Z
0x3e25968f00ce39f13c286abca14744f578ddc60c,3,0xd38b22794b308a2e55808a13d1e6a80c4be94fd5,62513098,2026-08-06T23:38:22Z
0x3b141534482d98cc920532b8ed92885f11c54ef3,3,0xd38b22794b308a2e55808a13d1e6a80c4be94fd5,62513098,2026-08-06T23:38:22Z
0x3a02e6a4c53e3c03b3f755c04b0f0cb8117b7c64,3,0xd38b22794b308a2e55808a13d1e6a80c4be94fd5,62513098,2026-08-06T23:38:22Z
0x37df0e34dc942d2ab60206748fb101fa51fd7992,3,0xd38b22794b308a2e55808a13d1e6a80c4be94fd5,62513098,2026-08-06T23:38:22Z
0x3770732659abf2ed1bcef69ca071321fc43381c3,3,0xd38b22794b308a2e55808a13d1e6a80c4be94fd5,62513098,2026-08-06T23:38:22Z
0x372ced7af27e31828db5ad1d1b09417c14430fb2,3,0xd38b22794b308a2e55808a13d1e6a80c4be94fd5,62513098,2026-08-06T23:38:22Z
0x368e678bcc185f052b15e02210727b78daa93c33,3,0xd38b22794b308a2e55808a13d1e6a80c4be94fd5,62513098,2026-08-06T23:38:22Z
0x333390038bf8dee8249a3ab5b9908d396148700d,3,0xd38b22794b308a2e55808a13d1e6a80c4be94fd5,62513098,2026-08-06T23:38:22Z
0x2d278c56cf7870beed943b8e4102c6c129bc3c4e,3,0xd38b22794b308a2e55808a13d1e6a80c4be94fd5,62513098,2026-08-06T23:38:22Z
0x2bef626ac64f34aabba889845a600f39421bdf20,3,0xd38b22794b308a2e55808a13d1e6a80c4be94fd5,62513098,2026-08-06T23:38:22Z
0x2b60b514317571037b327275f5642b04ab04c210,3,0xd38b22794b308a2e55808a13d1e6a80c4be94fd5,62513098,2026-08-06T23:38:22Z
0x28a6f8c39feb7f640d5deeb70f128390acedf792,3,0xd38b22794b308a2e55808a13d1e6a80c4be94fd5,62513098,2026-08-06T23:38:22Z
0x279c2a10b6229378d029be2f61efdcb12113299b,3,0xd38b22794b308a2e55808a13d1e6a80c4be94fd5,62513098,2026-08-06T23:38:22Z
0x264a3ab28ee5ade9be63a50eafb8439f510f9820,3,0xd38b22794b308a2e55808a13d1e6a80c4be94fd5,62513098,2026-08-06T23:38:22Z
0x1eb3f607b756d623575ed1288edb58d84029fa82,3,0xd38b22794b308a2e55808a13d1e6a80c4be94fd5,62513098,2026-08-06T23:38:22Z
0x19e83483d604a868ab94da9875b6d89f9d3d17f0,3,0xd38b22794b308a2e55808a13d1e6a80c4be94fd5,62513098,2026-08-06T23:38:22Z
0x190c61a1c9ea383b5068503a6e6045afbe05a0d6,3,0xd38b22794b308a2e55808a13d1e6a80c4be94fd5,62513098,2026-08-06T23:38:22Z
0x144a9ec70061203c5edfb4a4c1002e688063576d,3,0xd38b22794b308a2e55808a13d1e6a80c4be94fd5,62513098,2026-08-06T23:38:22Z
0x133d7e16481385c2d625531806c2633deeccfea5,3,0xd38b22794b308a2e55808a13d1e6a80c4be94fd5,62513098,2026-08-06T23:38:22Z
0x130e187946adb81b25338d3bff1c5b9512a4844f,3,0xd38b22794b308a2e55808a13d1e6a80c4be94fd5,62513098,2026-08-06T23:38:22Z
0x11a6b65826a9c660a980bf1d0947083bfef09584,3,0xd38b22794b308a2e55808a13d1e6a80c4be94fd5,62513098,2026-08-06T23:38:22Z
0x10eb84abd429fa4df8dcabbc7c2803822a5b82d9,3,0xd38b22794b308a2e55808a13d1e6a80c4be94fd5,62513098,2026-08-06T23:38:22Z
0x0a87ea9fa1cd8ad7f1151c6f4abe669f61027607,3,0xd38b22794b308a2e55808a13d1e6a80c4be94fd5,62513098,2026-08-06T23:38:22Z
0x0411fc74e51e5aa60f0eaa1e35978a77dfc0dd0f,3,0xd38b22794b308a2e55808a13d1e6a80c4be94fd5,62513098,2026-08-06T23:38:22Z
0x032dd3eff5445b6cf9d34f6e76230faad7a3c16d,3,0xd38b22794b308a2e55808a13d1e6a80c4be94fd5,62513098,2026-08-06T23:38:22Z
0x02d22726492e392243ee41d2c4c4f6b3f04f7ad4,3,0xd38b22794b308a2e55808a13d1e6a80c4be94fd5,62513098,2026-08-06T23:38:22Z
0x02d10f41f3a88614c63f718272c60da7bf37a53e,3,0xd38b22794b308a2e55808a13d1e6a80c4be94fd5,62513098,2026-08-06T23:38:22Z
0x02003099e673dd8f2b76abc962c4def8f03f1f1e,3,0xd38b22794b308a2e55808a13d1e6a80c4be94fd5,62513098,2026-08-06T23:38:22Z
0x00623d7035dc4f1b72a8b2d5ed22bcbf78216baa,3,0xd38b22794b308a2e55808a13d1e6a80c4be94fd5,62513098,2026-08-06T23:38:22Z
0xff3dae5a61f57498f98261574a19e334a55bd48a,2,0xd38b22794b308a2e55808a13d1e6a80c4be94fd5,62513098,2026-08-06T23:38:22Z
0xfa995a3a14280612304d80e60422416b8adbaa6a,2,0xd38b22794b308a2e55808a13d1e6a80c4be94fd5,62513098,2026-08-06T23:38:22Z
0xfa70ae38db47117c416352692860cafb36b70ba5,2,0xd38b22794b308a2e55808a13d1e6a80c4be94fd5,62513098,2026-08-06T23:38:22Z
0xf9670f0636384c704f268a68bb5aace8b410cb7d,2,0xd38b22794b308a2e55808a13d1e6a80c4be94fd5,62513098,2026-08-06T23:38:22Z
0xf93e6c16ea54851e3d900caf36fa0b5c40a6b0f3,2,0xd38b22794b308a2e55808a13d1e6a80c4be94fd5,62513098,2026-08-06T23:38:22Z
0xf8cfad77cd2fc4b0f65a39875d50f2696c919130,2,0xd38b22794b308a2e55808a13d1e6a80c4be94fd5,62513098,2026-08-06T23:38:22Z
0xf7fccc5d1b7bd7aee91dcda6be1998e9b6abf25c,2,0xd38b22794b308a2e55808a13d1e6a80c4be94fd5,62513098,2026-08-06T23:38:22Z
0xf734e64e74c9c2413228006c18aa5510a95aa6a4,2,0xd38b22794b308a2e55808a13d1e6a80c4be94fd5,62513098,2026-08-06T23:38:22Z
0xf5ae6fae948f720badf7ecbb207859fb007490ed,2,0xd38b22794b308a2e55808a13d1e6a80c4be94fd5,62513098,2026-08-06T23:38:22Z
0xf5374f47bc061575b7ca6442404800e455b10e32,2,0xd38b22794b308a2e55808a13d1e6a80c4be94fd5,62513098,2026-08-06T23:38:22Z
0xf458644058df734c5f54f60b6f956c23c4b7745b,2,0xd38b22794b308a2e55808a13d1e6a80c4be94fd5,62513098,2026-08-06T23:38:22Z
0xf202058036f774c13f9d659e74b54cc74f793445,2,0xd38b22794b308a2e55808a13d1e6a80c4be94fd5,62513098,2026-08-06T23:38:22Z
0xf1f8ad99739faef11ae12b4bd9e79372a3deb2ab,2,0xd38b22794b308a2e55808a13d1e6a80c4be94fd5,62513098,2026-08-06T23:38:22Z
0xef9d53c762f486aa6ef77fbfae3d732a076abd5a,2,0xd38b22794b308a2e55808a13d1e6a80c4be94fd5,62513098,2026-08-06T23:38:22Z
0xef44d53e5738798a5fc678d848085c8f7430c642,2,0xd38b22794b308a2e55808a13d1e6a80c4be94fd5,62513098,2026-08-06T23:38:22Z
0xee26a4d652228bceb39737c90c7f316e3d6dea7d,2,0xd38b22794b308a2e55808a13d1e6a80c4be94fd5,62513098,2026-08-06T23:38:22Z
0xedd5c063e5ae842d7edc6a0e9b1bf8182dde86d6,2,0xd38b22794b308a2e55808a13d1e6a80c4be94fd5,62513098,2026-08-06T23:38:22Z
0xec83c2ae3c581d4c8ae9af624fff57ca2a81d70e,2,0xd38b22794b308a2e55808a13d1e6a80c4be94fd5,62513098,2026-08-06T23:38:22Z
0xeb943cfb3ed111849e1fac724e469a80f5d126c5,2,0xd38b22794b308a2e55808a13d1e6a80c4be94fd5,62513098,2026-08-06T23:38:22Z
0xeb92cb40ff90c9f0fdee151866d4944ca6b90397,2,0xd38b22794b308a2e55808a13d1e6a80c4be94fd5,62513098,2026-08-06T23:38:22Z
0xea8261abb433f9460da8d53b9f27698114bfecb0,2,0xd38b22794b308a2e55808a13d1e6a80c4be94fd5,62513098,2026-08-06T23:38:22Z
0xe9f771ab0976d1aef7d4e227fbe251d649b597dc,2,0xd38b22794b308a2e55808a13d1e6a80c4be94fd5,62513098,2026-08-06T23:38:22Z
0xe9b6f18a6c4513308b3c1e7b065b787541677c4c,2,0xd38b22794b308a2e55808a13d1e6a80c4be94fd5,62513098,2026-08-06T23:38:22Z
0xe98b3988d7094233c26f608158611595d9af98c4,2,0xd38b22794b308a2e55808a13d1e6a80c4be94fd5,62513098,2026-08-06T23:38:22Z
0xe8898b708c5c773d4f2700e3544343cd4f5f748a,2,0xd38b22794b308a2e55808a13d1e6a80c4be94fd5,62513098,2026-08-06T23:38:22Z
0xe80f69ec5a1a0850bd0834cf44fbc90ae7a8f324,2,0xd38b22794b308a2e55808a13d1e6a80c4be94fd5,62513098,2026-08-06T23:38:22Z
0xe72123badd6e4adc6768eead8ac4c6ad41c611de,2,0xd38b22794b308a2e55808a13d1e6a80c4be94fd5,62513098,2026-08-06T23:38:22Z
0xe642c75eda4c72989a24fd498f4f37197655f40b,2,0xd38b22794b308a2e55808a13d1e6a80c4be94fd5,62513098,2026-08-06T23:38:22Z
0xe59cc883484ae0ccd9fd733eeba7a6eaf545c1e0,2,0xd38b22794b308a2e55808a13d1e6a80c4be94fd5,62513098,2026-08-06T23:38:22Z
0xe54ac811204c267d7ea644b820ebdc88d912a1bb,2,0xd38b22794b308a2e55808a13d1e6a80c4be94fd5,62513098,2026-08-06T23:38:22Z
0xe421e8c521f7ba853a9f5469ae7fca27d2717a1e,2,0xd38b22794b308a2e55808a13d1e6a80c4be94fd5,62513098,2026-08-06T23:38:22Z
0xe3bd90e47d9dafb3937c59a365a90e61cb7485f2,2,0xd38b22794b308a2e55808a13d1e6a80c4be94fd5,62513098,2026-08-06T23:38:22Z
0xe2c5d8464282a817d8131072831d3499baa871dc,2,0xd38b22794b308a2e55808a13d1e6a80c4be94fd5,62513098,2026-08-06T23:38:22Z
0xdfa4908427b2cc1dcbe24125568a4d09b30c2d49,2,0xd38b22794b308a2e55808a13d1e6a80c4be94fd5,62513098,2026-08-06T23:38:22Z
0xdf596e24bc3e8f0d78327c933713e347b6bb78f8,2,0xd38b22794b308a2e55808a13d1e6a80c4be94fd5,62513098,2026-08-06T23:38:22Z
0xdf25cacd5c289c0f46a1174da8b2f95e4afd36c3,2,0xd38b22794b308a2e55808a13d1e6a80c4be94fd5,62513098,2026-08-06T23:38:22Z
0xdd7e56bfdeefc0555e934b214d3262a06fb66cf2,2,0xd38b22794b308a2e55808a13d1e6a80c4be94fd5,62513098,2026-08-06T23:38:22Z
0xdd3656aceaf8b6a72b6b15cbc1223d9827397d1c,2,0xd38b22794b308a2e55808a13d1e6a80c4be94fd5,62513098,2026-08-06T23:38:22Z
0xdafa831ca4357ef181ad5f32ad887c086ba780fc,2,0xd38b22794b308a2e55808a13d1e6a80c4be94fd5,62513098,2026-08-06T23:38:22Z
0xdaa26fbe945f71e01fedc4eece12f6450e407d99,2,0xd38b22794b308a2e55808a13d1e6a80c4be94fd5,62513098,2026-08-06T23:38:22Z
0xda7db7eeee4eac96f04488efdf15a049fb917d5d,2,0xd38b22794b308a2e55808a13d1e6a80c4be94fd5,62513098,2026-08-06T23:38:22Z
0xd9ff1c5ee25b6b3611e7adf639c937dec99a58ff,2,0xd38b22794b308a2e55808a13d1e6a80c4be94fd5,62513098,2026-08-06T23:38:22Z
0xd9390b46a1749dee5325a490490491db9a826d1f,2,0xd38b22794b308a2e55808a13d1e6a80c4be94fd5,62513098,2026-08-06T23:38:22Z
0xd884b7580be1737109af365c84086ccbb8e33c84,2,0xd38b22794b308a2e55808a13d1e6a80c4be94fd5,62513098,2026-08-06T23:38:22Z
0xd8677b25bfe317b3a62dfc630df45831296e3ddd,2,0xd38b22794b308a2e55808a13d1e6a80c4be94fd5,62513098,2026-08-06T23:38:22Z
0xd7b76a8223a81690182ab3b9ef0fcb3d302210ce,2,0xd38b22794b308a2e55808a13d1e6a80c4be94fd5,62513098,2026-08-06T23:38:22Z
0xd62303f6431a1c9feda5e5368de7936f122d9d1b,2,0xd38b22794b308a2e55808a13d1e6a80c4be94fd5,62513098,2026-08-06T23:38:22Z
0xd5dc2f42d26df46ccfa70e07dc672adebe8288f8,2,0xd38b22794b308a2e55808a13d1e6a80c4be94fd5,62513098,2026-08-06T23:38:22Z
0xd581c9dd085c9196427a6d62c6c7db55c8628011,2,0xd38b22794b308a2e55808a13d1e6a80c4be94fd5,62513098,2026-08-06T23:38:22Z
0xd49322add203c8e04acdd53b7ff14b5e0ac861d7,2,0xd38b22794b308a2e55808a13d1e6a80c4be94fd5,62513098,2026-08-06T23:38:22Z
0xd3d5e9ddf1c683c24d2d2e39c1ac6a74ba6c3df9,2,0xd38b22794b308a2e55808a13d1e6a80c4be94fd5,62513098,2026-08-06T23:38:22Z
0xd1847d562a47b565572ba147b491c2940ce0f1f2,2,0xd38b22794b308a2e55808a13d1e6a80c4be94fd5,62513098,2026-08-06T23:38:22Z
0xd07007586bbd93d767b08434cb795947e3b5d611,2,0xd38b22794b308a2e55808a13d1e6a80c4be94fd5,62513098,2026-08-06T23:38:22Z
0xcffd2f241df2c64b40bb0a803eb0c306795f6407,2,0xd38b22794b308a2e55808a13d1e6a80c4be94fd5,62513098,2026-08-06T23:38:22Z
0xce348f96e488f88aaced2aca0fe875f3acf758ee,2,0xd38b22794b308a2e55808a13d1e6a80c4be94fd5,62513098,2026-08-06T23:38:22Z
0xcd69e7702eb221a2b6127d23ef8376650ea7f518,2,0xd38b22794b308a2e55808a13d1e6a80c4be94fd5,62513098,2026-08-06T23:38:22Z
0xcb75b78cd079472509002f50d9acee4c62d50140,2,0xd38b22794b308a2e55808a13d1e6a80c4be94fd5,62513098,2026-08-06T23:38:22Z
0xc9c448755b8f260ae851f86faadf70902b08afe3,2,0xd38b22794b308a2e55808a13d1e6a80c4be94fd5,62513098,2026-08-06T23:38:22Z
0xc8edf213e562c7f3022fe609f5d166469fdf8fe7,2,0xd38b22794b308a2e55808a13d1e6a80c4be94fd5,62513098,2026-08-06T23:38:22Z
0xc8ae21021e67621aeba0bfc61827d297aee8210b,2,0xd38b22794b308a2e55808a13d1e6a80c4be94fd5,62513098,2026-08-06T23:38:22Z
0xc8254b56efe52872bbcd16ca0cc1a45ee96cf745,2,0xd38b22794b308a2e55808a13d1e6a80c4be94fd5,62513098,2026-08-06T23:38:22Z
0xc6e184846c8757516c9304e690eaf89a3287f45b,2,0xd38b22794b308a2e55808a13d1e6a80c4be94fd5,62513098,2026-08-06T23:38:22Z
0xc44edb0fbd76e895aa5391e032bf9926afe3a5b5,2,0xd38b22794b308a2e55808a13d1e6a80c4be94fd5,62513098,2026-08-06T23:38:22Z
0xc2ffa42f8109a4c1784d2b45f669deae0185e9f7,2,0xd38b22794b308a2e55808a13d1e6a80c4be94fd5,62513098,2026-08-06T23:38:22Z
0xc2e7d764d6a2c9e24c8172ab476852c8992a5f5b,2,0xd38b22794b308a2e55808a13d1e6a80c4be94fd5,62513098,2026-08-06T23:38:22Z
0xc2a870c78e4f10dd33c963126ecbfcce1f861a25,2,0xd38b22794b308a2e55808a13d1e6a80c4be94fd5,62513098,2026-08-06T23:38:22Z
0xc23bcef13cdc3529001b2ab982061dedd8191c39,2,0xd38b22794b308a2e55808a13d1e6a80c4be94fd5,62513098,2026-08-06T23:38:22Z
0xc0600afc2528e16921853f4136ccba7ceca05fc3,2,0xd38b22794b308a2e55808a13d1e6a80c4be94fd5,62513098,2026-08-06T23:38:22Z
0xbf75d7db925ee6cbb1308614d14be424c433ba63,2,0xd38b22794b308a2e55808a13d1e6a80c4be94fd5,62513098,2026-08-06T23:38:22Z
0xbedb05419973b85549e0941cc4c89f96c4699e9d,2,0xd38b22794b308a2e55808a13d1e6a80c4be94fd5,62513098,2026-08-06T23:38:22Z
0xbe8d3351874fa6933949e711de21ea107872ac90,2,0xd38b22794b308a2e55808a13d1e6a80c4be94fd5,62513098,2026-08-06T23:38:22Z
0xbc47bf91e79b85a3a0bdfbbe873233d965e9615a,2,0xd38b22794b308a2e55808a13d1e6a80c4be94fd5,62513098,2026-08-06T23:38:22Z
0xbc1717e3cd7a1a66bb06634a509b7681e1a8dcdf,2,0xd38b22794b308a2e55808a13d1e6a80c4be94fd5,62513098,2026-08-06T23:38:22Z
0xba6123bfc03eb88d0fc712582eb6a2958455baa2,2,0xd38b22794b308a2e55808a13d1e6a80c4be94fd5,62513098,2026-08-06T23:38:22Z
0xb9d24761ebb3e3a88b8cf20e77f56ccf026a2044,2,0xd38b22794b308a2e55808a13d1e6a80c4be94fd5,62513098,2026-08-06T23:38:22Z
0xb8c73a07c4aa0abba4a03f5ba95d1c5909c928c3,2,0xd38b22794b308a2e55808a13d1e6a80c4be94fd5,62513098,2026-08-06T23:38:22Z
0xb82de7cb2632d06659da2201d586f6a431c4f8f9,2,0xd38b22794b308a2e55808a13d1e6a80c4be94fd5,62513098,2026-08-06T23:38:22Z
0xb764ff067eabd2fcb3a50ea31b35736580d32710,2,0xd38b22794b308a2e55808a13d1e6a80c4be94fd5,62513098,2026-08-06T23:38:22Z
0xb5d84fe53d62116c729b6272e9a99412b2a9d25c,2,0xd38b22794b308a2e55808a13d1e6a80c4be94fd5,62513098,2026-08-06T23:38:22Z
0xb3329c917af8ef49314d2e14974f84e9e01727b6,2,0xd38b22794b308a2e55808a13d1e6a80c4be94fd5,62513098,2026-08-06T23:38:22Z
0xaf4afc3d0c895f9ce1a496ad998b4e359d643c28,2,0xd38b22794b308a2e55808a13d1e6a80c4be94fd5,62513098,2026-08-06T23:38:22Z
0xad3a5ac841b234465da5e501fd34c06bee29e731,2,0xd38b22794b308a2e55808a13d1e6a80c4be94fd5,62513098,2026-08-06T23:38:22Z
0xac259f14726ee3926d443c9fcedc9d3966efdcf3,2,0xd38b22794b308a2e55808a13d1e6a80c4be94fd5,62513098,2026-08-06T23:38:22Z
0xab34f1171fbb18f5280be9e5a906d4c2fc74ee90,2,0xd38b22794b308a2e55808a13d1e6a80c4be94fd5,62513098,2026-08-06T23:38:22Z
0xaa5daa632e1a1108279c2953a6923b10998e3867,2,0xd38b22794b308a2e55808a13d1e6a80c4be94fd5,62513098,2026-08-06T23:38:22Z
0xa8c9cfb6be79dc1fa22af0b45f181a3b6ec28382,2,0xd38b22794b308a2e55808a13d1e6a80c4be94fd5,62513098,2026-08-06T23:38:22Z
0xa8452f735972cb51e758a6f54621b780711a8825,2,0xd38b22794b308a2e55808a13d1e6a80c4be94fd5,62513098,2026-08-06T23:38:22Z
0xa82beb485bb201fe094c70f7f02074d42fd0349d,2,0xd38b22794b308a2e55808a13d1e6a80c4be94fd5,62513098,2026-08-06T23:38:22Z
0xa7c257836f3ccde5c084831b61d5a47981c00775,2,0xd38b22794b308a2e55808a13d1e6a80c4be94fd5,62513098,2026-08-06T23:38:22Z
0xa7932db6a3dd68f564a80adc63bd9cc9c7cc86d0,2,0xd38b22794b308a2e55808a13d1e6a80c4be94fd5,62513098,2026-08-06T23:38:22Z
0xa6cbbe4eda2f9c6d16dc8bd98a87104b77df020d,2,0xd38b22794b308a2e55808a13d1e6a80c4be94fd5,62513098,2026-08-06T23:38:22Z
0xa5ad4871bc54d5b88227ece14977db1e8e8600c6,2,0xd38b22794b308a2e55808a13d1e6a80c4be94fd5,62513098,2026-08-06T23:38:22Z
0xa295272f4ece6e9656e9d585df69e030893962d5,2,0xd38b22794b308a2e55808a13d1e6a80c4be94fd5,62513098,2026-08-06T23:38:22Z
0xa22a67877377454936b7271908be3f583c9b31c5,2,0xd38b22794b308a2e55808a13d1e6a80c4be94fd5,62513098,2026-08-06T23:38:22Z
0xa088ad1170ea3e33305521efbdd52bdbb7382c72,2,0xd38b22794b308a2e55808a13d1e6a80c4be94fd5,62513098,2026-08-06T23:38:22Z
0x9ded729ae586334c254bce6aab6758a92f5b8199,2,0xd38b22794b308a2e55808a13d1e6a80c4be94fd5,62513098,2026-08-06T23:38:22Z
0x9debc4c4f70a24a8f6837d7e956783075fd7cc6a,2,0xd38b22794b308a2e55808a13d1e6a80c4be94fd5,62513098,2026-08-06T23:38:22Z
0x9dac966ca9ca03c15538228cdc5b9e8b5ed72a87,2,0xd38b22794b308a2e55808a13d1e6a80c4be94fd5,62513098,2026-08-06T23:38:22Z
0x9b2ceacf1e5ea82cf7851a2f591a8efebdaeb615,2,0xd38b22794b308a2e55808a13d1e6a80c4be94fd5,62513098,2026-08-06T23:38:22Z
0x9b036a2aa1a9db2dc89011d3a4a8b3e3415e9f1a,2,0xd38b22794b308a2e55808a13d1e6a80c4be94fd5,62513098,2026-08-06T23:38:22Z
0x99d650beb855b5d71f7de343b3444fc5ad29165a,2,0xd38b22794b308a2e55808a13d1e6a80c4be94fd5,62513098,2026-08-06T23:38:22Z
0x98850511d3c6c6ec0f9a576d65f01fd08a6ea28c,2,0xd38b22794b308a2e55808a13d1e6a80c4be94fd5,62513098,2026-08-06T23:38:22Z
0x981efa8ac29a69e173f758941d2f346cd4006eb4,2,0xd38b22794b308a2e55808a13d1e6a80c4be94fd5,62513098,2026-08-06T23:38:22Z
0x97522fef1c774ed00ce41bc71c63bee7e9e2dd5e,2,0xd38b22794b308a2e55808a13d1e6a80c4be94fd5,62513098,2026-08-06T23:38:22Z
0x96d558b435a15135ddfb368e2802e796c6a6b9dc,2,0xd38b22794b308a2e55808a13d1e6a80c4be94fd5,62513098,2026-08-06T23:38:22Z
0x94edb0fd3c003c9fafd4f31d1395bf67b5ecc68e,2,0xd38b22794b308a2e55808a13d1e6a80c4be94fd5,62513098,2026-08-06T23:38:22Z
0x93f1ae381e880343495d59a53867c334e7d68e2c,2,0xd38b22794b308a2e55808a13d1e6a80c4be94fd5,62513098,2026-08-06T23:38:22Z
0x8efd5d0a5240637d1ae34a0f8646c366a199dd94,2,0xd38b22794b308a2e55808a13d1e6a80c4be94fd5,62513098,2026-08-06T23:38:22Z
0x8d4acab6da2caca4f062a670dd4f0c8af12920be,2,0xd38b22794b308a2e55808a13d1e6a80c4be94fd5,62513098,2026-08-06T23:38:22Z
0x8c8e26934663ffe6bf4acb18c341c837c4d57c08,2,0xd38b22794b308a2e55808a13d1e6a80c4be94fd5,62513098,2026-08-06T23:38:22Z
0x8be23edd6c45687ee588cf6e38489db2cfc4ca3c,2,0xd38b22794b308a2e55808a13d1e6a80c4be94fd5,62513098,2026-08-06T23:38:22Z
0x8aff25671f61f0bea851ab53bcbd6e303652d631,2,0xd38b22794b308a2e55808a13d1e6a80c4be94fd5,62513098,2026-08-06T23:38:22Z
0x87f8a066942c49b1c1eddb5587f4e359df51bf4d,2,0xd38b22794b308a2e55808a13d1e6a80c4be94fd5,62513098,2026-08-06T23:38:22Z
0x86aae83fff543f634e8fbe5a910bdef7cd456d85,2,0xd38b22794b308a2e55808a13d1e6a80c4be94fd5,62513098,2026-08-06T23:38:22Z
0x868c9a6cffeca07f78f11d558c8a0cdf67587376,2,0xd38b22794b308a2e55808a13d1e6a80c4be94fd5,62513098,2026-08-06T23:38:22Z
0x85e9ac3578c8ba3293ea3b1ad8be6b37af351f1c,2,0xd38b22794b308a2e55808a13d1e6a80c4be94fd5,62513098,2026-08-06T23:38:22Z
0x852ba672e7154054f4c6b19415dbf38a7d577238,2,0xd38b22794b308a2e55808a13d1e6a80c4be94fd5,62513098,2026-08-06T23:38:22Z
0x847573dd96c51dd96989ed6de53f37b38dbfe6f6,2,0xd38b22794b308a2e55808a13d1e6a80c4be94fd5,62513098,2026-08-06T23:38:22Z
0x840b13459b4e787b7ad88bd24a21910f6fe75a2e,2,0xd38b22794b308a2e55808a13d1e6a80c4be94fd5,62513098,2026-08-06T23:38:22Z
0x8287188a6f535c13e11ad520cf495666a9a827b1,2,0xd38b22794b308a2e55808a13d1e6a80c4be94fd5,62513098,2026-08-06T23:38:22Z
0x82298435f41b1da2e4cbf05df752c8383a731528,2,0xd38b22794b308a2e55808a13d1e6a80c4be94fd5,62513098,2026-08-06T23:38:22Z
0x818881c57db00cf802033b13d8ce0697bbb3ca8a,2,0xd38b22794b308a2e55808a13d1e6a80c4be94fd5,62513098,2026-08-06T23:38:22Z
0x814dbbdfa08443bdb67710fe996e3317436ed765,2,0xd38b22794b308a2e55808a13d1e6a80c4be94fd5,62513098,2026-08-06T23:38:22Z
0x80c5d0f87438071474c26839c6a760174cefb837,2,0xd38b22794b308a2e55808a13d1e6a80c4be94fd5,62513098,2026-08-06T23:38:22Z
0x7e3af7ea74cdc4f1d908500a4c37b7c23d69ee24,2,0xd38b22794b308a2e55808a13d1e6a80c4be94fd5,62513098,2026-08-06T23:38:22Z
0x7d0e6ffe5b0922de744f5118e60d410f5b811651,2,0xd38b22794b308a2e55808a13d1e6a80c4be94fd5,62513098,2026-08-06T23:38:22Z
0x7ba9ec6c18487345a92c863538b2039bf6b9e5d1,2,0xd38b22794b308a2e55808a13d1e6a80c4be94fd5,62513098,2026-08-06T23:38:22Z
0x7b0b1d8e8e1f320d31cedd92b6b05177e81c7b0b,2,0xd38b22794b308a2e55808a13d1e6a80c4be94fd5,62513098,2026-08-06T23:38:22Z
0x7a702df4963266f7e0993147f6e3349768852c38,2,0xd38b22794b308a2e55808a13d1e6a80c4be94fd5,62513098,2026-08-06T23:38:22Z
0x790c3bd2f8903b7ef1d3d41546490467ec7de964,2,0xd38b22794b308a2e55808a13d1e6a80c4be94fd5,62513098,2026-08-06T23:38:22Z
0x774dda5992f1769ff4576a06c6dd90f67f934e6c,2,0xd38b22794b308a2e55808a13d1e6a80c4be94fd5,62513098,2026-08-06T23:38:22Z
0x75d830b924756a5f9aee40f3510048bab36cd800,2,0xd38b22794b308a2e55808a13d1e6a80c4be94fd5,62513098,2026-08-06T23:38:22Z
0x75917abf74a57ce5de2bc1baea8f6d94d75a7a38,2,0xd38b22794b308a2e55808a13d1e6a80c4be94fd5,62513098,2026-08-06T23:38:22Z
0x7559b6e695521129025e2ddfd2f075ff573c718f,2,0xd38b22794b308a2e55808a13d1e6a80c4be94fd5,62513098,2026-08-06T23:38:22Z
0x75343d0bd18ab52bfdf9c8c9c025986dd81538ff,2,0xd38b22794b308a2e55808a13d1e6a80c4be94fd5,62513098,2026-08-06T23:38:22Z
0x74df0c5cca88b33b65fddecefc2b1db32e0a9f1d,2,0xd38b22794b308a2e55808a13d1e6a80c4be94fd5,62513098,2026-08-06T23:38:22Z
0x736508a2a9a527101b5c770243651aed78339661,2,0xd38b22794b308a2e55808a13d1e6a80c4be94fd5,62513098,2026-08-06T23:38:22Z
0x73113c43f3e0b5b998c9e2807d4a81629f616451,2,0xd38b22794b308a2e55808a13d1e6a80c4be94fd5,62513098,2026-08-06T23:38:22Z
0x72fc2584dbb65c8392b108ab4d15c9a60cfa9f40,2,0xd38b22794b308a2e55808a13d1e6a80c4be94fd5,62513098,2026-08-06T23:38:22Z
0x72cbfa8e1b48f354a50c70192041e087623185ea,2,0xd38b22794b308a2e55808a13d1e6a80c4be94fd5,62513098,2026-08-06T23:38:22Z
0x71ec997942fa17dd25a336ec9ab6fdab1cd385d5,2,0xd38b22794b308a2e55808a13d1e6a80c4be94fd5,62513098,2026-08-06T23:38:22Z
0x714f406dcabbbeff4a6f64b504320013160ecfd8,2,0xd38b22794b308a2e55808a13d1e6a80c4be94fd5,62513098,2026-08-06T23:38:22Z
0x6dc1025d4b5af695def9289829d2e28848a128b0,2,0xd38b22794b308a2e55808a13d1e6a80c4be94fd5,62513098,2026-08-06T23:38:22Z
0x6d85d9243c707cd79fe04751298a8de567fe28bc,2,0xd38b22794b308a2e55808a13d1e6a80c4be94fd5,62513098,2026-08-06T23:38:22Z
0x6b3207d893bb1f140ff1caf58ecd9c61c49562af,2,0xd38b22794b308a2e55808a13d1e6a80c4be94fd5,62513098,2026-08-06T23:38:22Z
0x6b091ec6c77ebafac15ff88f34c89a4b0b032791,2,0xd38b22794b308a2e55808a13d1e6a80c4be94fd5,62513098,2026-08-06T23:38:22Z
0x691347d4aaa99aaf21d1635f3be2d84820f70509,2,0xd38b22794b308a2e55808a13d1e6a80c4be94fd5,62513098,2026-08-06T23:38:22Z
0x65f938ee53bb08ebd362cfc963375484da6944ac,2,0xd38b22794b308a2e55808a13d1e6a80c4be94fd5,62513098,2026-08-06T23:38:22Z
0x65519101033c318746e1d58001f8d6ac9ffb030f,2,0xd38b22794b308a2e55808a13d1e6a80c4be94fd5,62513098,2026-08-06T23:38:22Z
0x6299569adeeabacf5556310be3bbd7367dbd25d4,2,0xd38b22794b308a2e55808a13d1e6a80c4be94fd5,62513098,2026-08-06T23:38:22Z
0x61de6be7c4a02af973f935ef82d99a9c84fc8890,2,0xd38b22794b308a2e55808a13d1e6a80c4be94fd5,62513098,2026-08-06T23:38:22Z
0x615889f1050019d5d9def614b57fb3964beb9721,2,0xd38b22794b308a2e55808a13d1e6a80c4be94fd5,62513098,2026-08-06T23:38:22Z
0x5faa5d7fa636ff106c61a4582028912234670f5e,2,0xd38b22794b308a2e55808a13d1e6a80c4be94fd5,62513098,2026-08-06T23:38:22Z
0x5f21feb085ae3e81163129df379bd70689abd98c,2,0xd38b22794b308a2e55808a13d1e6a80c4be94fd5,62513098,2026-08-06T23:38:22Z
0x5d063a64937b8d041819fd5ca728ec29c78961cd,2,0xd38b22794b308a2e55808a13d1e6a80c4be94fd5,62513098,2026-08-06T23:38:22Z
0x5bbbc1b52b389fda4312535b0b8b0629f2cff659,2,0xd38b22794b308a2e55808a13d1e6a80c4be94fd5,62513098,2026-08-06T23:38:22Z
0x597e42bff4076708db6e3fdf72c809b2a5293461,2,0xd38b22794b308a2e55808a13d1e6a80c4be94fd5,62513098,2026-08-06T23:38:22Z
0x586053eeb8ac5b172cb74b212a8bf21ca566795e,2,0xd38b22794b308a2e55808a13d1e6a80c4be94fd5,62513098,2026-08-06T23:38:22Z
0x584079801a704344ae253c69d2d9a6c67f441ae2,2,0xd38b22794b308a2e55808a13d1e6a80c4be94fd5,62513098,2026-08-06T23:38:22Z
0x57b0f59b463684f03f4e1d35324c0425c98ee54f,2,0xd38b22794b308a2e55808a13d1e6a80c4be94fd5,62513098,2026-08-06T23:38:22Z
0x57084738ecc617e3bcf61e806f9281518a546c08,2,0xd38b22794b308a2e55808a13d1e6a80c4be94fd5,62513098,2026-08-06T23:38:22Z
0x568d2706f4e87b4b95d5658ad79662b8f84a9e0d,2,0xd38b22794b308a2e55808a13d1e6a80c4be94fd5,62513098,2026-08-06T23:38:22Z
0x55e8f135e05b9a7e73947bc2cc69ddde7d1aec36,2,0xd38b22794b308a2e55808a13d1e6a80c4be94fd5,62513098,2026-08-06T23:38:22Z
0x55caed050fdef43109071861581f509b816e5fc2,2,0xd38b22794b308a2e55808a13d1e6a80c4be94fd5,62513098,2026-08-06T23:38:22Z
0x54a62bb1953573d6cfb3468aebf4c1e5320e26ad,2,0xd38b22794b308a2e55808a13d1e6a80c4be94fd5,62513098,2026-08-06T23:38:22Z
0x5445c0a61914c0b2aaa759656bdae2cbc8eedaf3,2,0xd38b22794b308a2e55808a13d1e6a80c4be94fd5,62513098,2026-08-06T23:38:22Z
0x514a187605c24fd3df1dafd38aaf59bd23bba041,2,0xd38b22794b308a2e55808a13d1e6a80c4be94fd5,62513098,2026-08-06T23:38:22Z
0x50d0e475fc7e00d167b34f7cc59bc92e15ed14e1,2,0xd38b22794b308a2e55808a13d1e6a80c4be94fd5,62513098,2026-08-06T23:38:22Z
0x4f748807e3624e37e67e713875097f9bb74c841a,2,0xd38b22794b308a2e55808a13d1e6a80c4be94fd5,62513098,2026-08-06T23:38:22Z
0x4f6341fe64b082a1257e0159e5ee92851edef6dc,2,0xd38b22794b308a2e55808a13d1e6a80c4be94fd5,62513098,2026-08-06T23:38:22Z
0x4e25e7938626e7c9b01732c1e627f0836262a4f8,2,0xd38b22794b308a2e55808a13d1e6a80c4be94fd5,62513098,2026-08-06T23:38:22Z
0x4c536ddb3afff9d744ea23b572b11451707b1684,2,0xd38b22794b308a2e55808a13d1e6a80c4be94fd5,62513098,2026-08-06T23:38:22Z
0x4bad2e20016de6279e844d05786a12e91bd90aa9,2,0xd38b22794b308a2e55808a13d1e6a80c4be94fd5,62513098,2026-08-06T23:38:22Z
0x4b6723ad5635ad4cc47536dadcf19d2f5b03a447,2,0xd38b22794b308a2e55808a13d1e6a80c4be94fd5,62513098,2026-08-06T23:38:22Z
0x4b2b58373e20240ba2b5a7ad36d8f21f49c68af9,2,0xd38b22794b308a2e55808a13d1e6a80c4be94fd5,62513098,2026-08-06T23:38:22Z
0x4ab8d0b24ef491be06dc640e03d0c52a49d17254,2,0xd38b22794b308a2e55808a13d1e6a80c4be94fd5,62513098,2026-08-06T23:38:22Z
0x4a07e5434a2b0ebc613d878648cd48f1431c2f5f,2,0xd38b22794b308a2e55808a13d1e6a80c4be94fd5,62513098,2026-08-06T23:38:22Z
0x421f8bc3a488cd32c99b0ab62a6cc0ffc14b788f,2,0xd38b22794b308a2e55808a13d1e6a80c4be94fd5,62513098,2026-08-06T23:38:22Z
0x3d5988eac7dbfdc40ac0674ee2bd4fd01a475f2c,2,0xd38b22794b308a2e55808a13d1e6a80c4be94fd5,62513098,2026-08-06T23:38:22Z
0x3bcd15c4790ccb834eb2adbc5d6e2e2bfbd1a181,2,0xd38b22794b308a2e55808a13d1e6a80c4be94fd5,62513098,2026-08-06T23:38:22Z
0x3a95dd991085c6736b7c3db4753adc7afce36f49,2,0xd38b22794b308a2e55808a13d1e6a80c4be94fd5,62513098,2026-08-06T23:38:22Z
0x3a5ff107f4a0159c29bb1397951f3a9268414d37,2,0xd38b22794b308a2e55808a13d1e6a80c4be94fd5,62513098,2026-08-06T23:38:22Z
0x39ebd852bd29a870a9084102136c4c756b835645,2,0xd38b22794b308a2e55808a13d1e6a80c4be94fd5,62513098,2026-08-06T23:38:22Z
0x39d268cbfe7afbcc0ff26f8c948a788dc7214a8c,2,0xd38b22794b308a2e55808a13d1e6a80c4be94fd5,62513098,2026-08-06T23:38:22Z
0x38d9376e3aecb327f56ef4bb871789a141272c0c,2,0xd38b22794b308a2e55808a13d1e6a80c4be94fd5,62513098,2026-08-06T23:38:22Z
0x387cd66e4a0f3edc43a453fcddf16c8877d6f343,2,0xd38b22794b308a2e55808a13d1e6a80c4be94fd5,62513098,2026-08-06T23:38:22Z
0x385d1318c7f0eb8244b467b5e6044867c9e21862,2,0xd38b22794b308a2e55808a13d1e6a80c4be94fd5,62513098,2026-08-06T23:38:22Z
0x36d81cf8fd368def7b4a56abe193b89c429c97e3,2,0xd38b22794b308a2e55808a13d1e6a80c4be94fd5,62513098,2026-08-06T23:38:22Z
0x35837063a26d867e7dc481229d31f77b428da374,2,0xd38b22794b308a2e55808a13d1e6a80c4be94fd5,62513098,2026-08-06T23:38:22Z
0x34fabc05a5c0bea1ca73efab732d64176bf77028,2,0xd38b22794b308a2e55808a13d1e6a80c4be94fd5,62513098,2026-08-06T23:38:22Z
0x333bc00fe285407c2e737d214385bbf5334f9850,2,0xd38b22794b308a2e55808a13d1e6a80c4be94fd5,62513098,2026-08-06T23:38:22Z
0x333248ff65343ae306478d765a3f2779195c488e,2,0xd38b22794b308a2e55808a13d1e6a80c4be94fd5,62513098,2026-08-06T23:38:22Z
0x31b33c518d57eea48c1bb66d035e3743bb6d9abe,2,0xd38b22794b308a2e55808a13d1e6a80c4be94fd5,62513098,2026-08-06T23:38:22Z
0x319c70220d3a570e4690bb93b57c5e6a0719c323,2,0xd38b22794b308a2e55808a13d1e6a80c4be94fd5,62513098,2026-08-06T23:38:22Z
0x2e97778b97db81b62eb64103813e019f353537cd,2,0xd38b22794b308a2e55808a13d1e6a80c4be94fd5,62513098,2026-08-06T23:38:22Z
0x2e1b81570f0d8826c0e8d70e1060943ea14ac4ff,2,0xd38b22794b308a2e55808a13d1e6a80c4be94fd5,62513098,2026-08-06T23:38:22Z
0x2d718f1a6d398a82c8a90edaba529b76ade5a43f,2,0xd38b22794b308a2e55808a13d1e6a80c4be94fd5,62513098,2026-08-06T23:38:22Z
0x2cea2bc3690eef6110eb5219188e51d44371b420,2,0xd38b22794b308a2e55808a13d1e6a80c4be94fd5,62513098,2026-08-06T23:38:22Z
0x2b996ac8279222e5b402a43e4b372a9ced1f9ca7,2,0xd38b22794b308a2e55808a13d1e6a80c4be94fd5,62513098,2026-08-06T23:38:22Z
0x2b1342b11b1ef562ab29723cdce68a12d1e01921,2,0xd38b22794b308a2e55808a13d1e6a80c4be94fd5,62513098,2026-08-06T23:38:22Z
0x28a7a933f5d641ff3092ee626f88e5e5991baa2d,2,0xd38b22794b308a2e55808a13d1e6a80c4be94fd5,62513098,2026-08-06T23:38:22Z
0x2851490193c47a11a9914f08e662bdc9f41bc351,2,0xd38b22794b308a2e55808a13d1e6a80c4be94fd5,62513098,2026-08-06T23:38:22Z
0x27ba2700b9c0a67f2b33d95234d7dbf2724d3402,2,0xd38b22794b308a2e55808a13d1e6a80c4be94fd5,62513098,2026-08-06T23:38:22Z
0x24ff50271ad65a6cc04a129a8d16871fd102b8ac,2,0xd38b22794b308a2e55808a13d1e6a80c4be94fd5,62513098,2026-08-06T23:38:22Z
0x2328ac053840bd355b9400031baec1ccf14d2e6f,2,0xd38b22794b308a2e55808a13d1e6a80c4be94fd5,62513098,2026-08-06T23:38:22Z
0x21a4eb47820aaf0013c18188fe879561ac307a3f,2,0xd38b22794b308a2e55808a13d1e6a80c4be94fd5,62513098,2026-08-06T23:38:22Z
0x206ab79512097e2bc98a1e1cb71b4573a4aef10e,2,0xd38b22794b308a2e55808a13d1e6a80c4be94fd5,62513098,2026-08-06T23:38:22Z
0x1fb8fa4a4e2d496a2d65ecebf2852e89f8aecd74,2,0xd38b22794b308a2e55808a13d1e6a80c4be94fd5,62513098,2026-08-06T23:38:22Z
0x1f755b0da055f3d4a76f82a17a3a08e522f6af48,2,0xd38b22794b308a2e55808a13d1e6a80c4be94fd5,62513098,2026-08-06T23:38:22Z
0x1f1392fb77ca98f06ea8291883e5bf216a35e29c,2,0xd38b22794b308a2e55808a13d1e6a80c4be94fd5,62513098,2026-08-06T23:38:22Z
0x1edd45b7d25c893323cc20a539f9178593482810,2,0xd38b22794b308a2e55808a13d1e6a80c4be94fd5,62513098,2026-08-06T23:38:22Z
0x1c5c0a3eebb82bb67912e0478b8f87f71308d26a,2,0xd38b22794b308a2e55808a13d1e6a80c4be94fd5,62513098,2026-08-06T23:38:22Z
0x1bf63e5075642d740d34a1522149bedbbff4065d,2,0xd38b22794b308a2e55808a13d1e6a80c4be94fd5,62513098,2026-08-06T23:38:22Z
0x1956abca23f4197e4d6e5477eeca4d08c857dcfa,2,0xd38b22794b308a2e55808a13d1e6a80c4be94fd5,62513098,2026-08-06T23:38:22Z
0x1882feb04aa44a9c4d4a8faca9c41b408c3b2ff0,2,0xd38b22794b308a2e55808a13d1e6a80c4be94fd5,62513098,2026-08-06T23:38:22Z
0x17d8e3268b7c81111c98b7d3ccea55072a32d6c0,2,0xd38b22794b308a2e55808a13d1e6a80c4be94fd5,62513098,2026-08-06T23:38:22Z
0x169469f9246a855a01185259d7f2db43c31cd805,2,0xd38b22794b308a2e55808a13d1e6a80c4be94fd5,62513098,2026-08-06T23:38:22Z
0x1671c3b19a014a57a7467b9beb50117f2405e193,2,0xd38b22794b308a2e55808a13d1e6a80c4be94fd5,62513098,2026-08-06T23:38:22Z
0x152f06877f996dd49e02737e3043decc452efd45,2,0xd38b22794b308a2e55808a13d1e6a80c4be94fd5,62513098,2026-08-06T23:38:22Z
0x14b184cdb08a4c7f02568469c5f48d7ec43fa694,2,0xd38b22794b308a2e55808a13d1e6a80c4be94fd5,62513098,2026-08-06T23:38:22Z
0x14a17bc91031e6c0847d06db36eabe46b8eefbab,2,0xd38b22794b308a2e55808a13d1e6a80c4be94fd5,62513098,2026-08-06T23:38:22Z
0x145c584f2f022997a9d0e5fcb4346042229525e1,2,0xd38b22794b308a2e55808a13d1e6a80c4be94fd5,62513098,2026-08-06T23:38:22Z
0x12e04bb6c7e43bf01b0daae790b4ab500c7faf67,2,0xd38b22794b308a2e55808a13d1e6a80c4be94fd5,62513098,2026-08-06T23:38:22Z
0x11a654251bcf055a535d015a6bc7594035e14f95,2,0xd38b22794b308a2e55808a13d1e6a80c4be94fd5,62513098,2026-08-06T23:38:22Z
0x1195916a7707eac6d166de89758cb9e36c328571,2,0xd38b22794b308a2e55808a13d1e6a80c4be94fd5,62513098,2026-08-06T23:38:22Z
0x10e05c24b91f20cf6052a65c58abb5198d3574c0,2,0xd38b22794b308a2e55808a13d1e6a80c4be94fd5,62513098,2026-08-06T23:38:22Z
0x107681f923844203d55311073012d6574cc04ed7,2,0xd38b22794b308a2e55808a13d1e6a80c4be94fd5,62513098,2026-08-06T23:38:22Z
0x0f32123e0ad5679c15a80754cf0fbeb9e1273935,2,0xd38b22794b308a2e55808a13d1e6a80c4be94fd5,62513098,2026-08-06T23:38:22Z
0x0e715539593063503d9827237610788fb86c0182,2,0xd38b22794b308a2e55808a13d1e6a80c4be94fd5,62513098,2026-08-06T23:38:22Z
0x0d42c39c2dfaef25d576eb7adf7504b495054818,2,0xd38b22794b308a2e55808a13d1e6a80c4be94fd5,62513098,2026-08-06T23:38:22Z
0x0a86fb81b63046c04387243147218638ac76c21f,2,0xd38b22794b308a2e55808a13d1e6a80c4be94fd5,62513098,2026-08-06T23:38:22Z
0x0a5ad307c2b47489889c206db313e2c79080c526,2,0xd38b22794b308a2e55808a13d1e6a80c4be94fd5,62513098,2026-08-06T23:38:22Z
0x09b8151c6e3d18e514e5582c501f9fcb4b4d5922,2,0xd38b22794b308a2e55808a13d1e6a80c4be94fd5,62513098,2026-08-06T23:38:22Z
0x09b44efa943093e6a448b4cf25d150ef44b4ed54,2,0xd38b22794b308a2e55808a13d1e6a80c4be94fd5,62513098,2026-08-06T23:38:22Z
0x07fcc3384d4cd5e142164ce6c157fea255c4e2b9,2,0xd38b22794b308a2e55808a13d1e6a80c4be94fd5,62513098,2026-08-06T23:38:22Z
0x0608037fd563fa0d159adb934ffc9035df56fb88,2,0xd38b22794b308a2e55808a13d1e6a80c4be94fd5,62513098,2026-08-06T23:38:22Z
0x059877d4b17b2887395725db1455309450bbbac4,2,0xd38b22794b308a2e55808a13d1e6a80c4be94fd5,62513098,2026-08-06T23:38:22Z
0x04f38a427bc7c1cdf6d408b3b9593194a3dcf2d3,2,0xd38b22794b308a2e55808a13d1e6a80c4be94fd5,62513098,2026-08-06T23:38:22Z
0x042a7172069e878b527b5c7bcce4b01353217399,2,0xd38b22794b308a2e55808a13d1e6a80c4be94fd5,62513098,2026-08-06T23:38:22Z
0x04153706cb266b8bf393f24346e84bc7b6a426ef,2,0xd38b22794b308a2e55808a13d1e6a80c4be94fd5,62513098,2026-08-06T23:38:22Z
0x04152f1a50c744f820284bc01fa95ad555a9f03c,2,0xd38b22794b308a2e55808a13d1e6a80c4be94fd5,62513098,2026-08-06T23:38:22Z
0x03bea84c677be4770678f76d9c953584edbf85de,2,0xd38b22794b308a2e55808a13d1e6a80c4be94fd5,62513098,2026-08-06T23:38:22Z
0x02a7cff0ca5819553a9438061f3d90350a0ba82d,2,0xd38b22794b308a2e55808a13d1e6a80c4be94fd5,62513098,2026-08-06T23:38:22Z
0x0211265d5538c6573ccf89815a6af6e9806b2868,2,0xd38b22794b308a2e55808a13d1e6a80c4be94fd5,62513098,2026-08-06T23:38:22Z
0x017d71f077c96df5806be2218fa253f4ed156de7,2,0xd38b22794b308a2e55808a13d1e6a80c4be94fd5,62513098,2026-08-06T23:38:22Z
0x00e8281fbef8e201f8313ebb853bad3325d383ac,2,0xd38b22794b308a2e55808a13d1e6a80c4be94fd5,62513098,2026-08-06T23:38:22Z
0x006635f2cb4428eb135dafe928facde1321744a9,2,0xd38b22794b308a2e55808a13d1e6a80c4be94fd5,62513098,2026-08-06T23:38:22Z
0xffaeac26ec9b59778bb81f39b95a9362ba3a47bd,1,0xd38b22794b308a2e55808a13d1e6a80c4be94fd5,62513098,2026-08-06T23:38:22Z
0xfeeede280dc6b77f0591afdb5b2fd266eb648759,1,0xd38b22794b308a2e55808a13d1e6a80c4be94fd5,62513098,2026-08-06T23:38:22Z
0xfe28a704f65859481c0023df136e580ca8a3299a,1,0xd38b22794b308a2e55808a13d1e6a80c4be94fd5,62513098,2026-08-06T23:38:22Z
0xfd5d001eecee184e8730af78d716391dd908a2e9,1,0xd38b22794b308a2e55808a13d1e6a80c4be94fd5,62513098,2026-08-06T23:38:22Z
0xfcb6b8dadb21312f002cc94712f980c9467a0bbf,1,0xd38b22794b308a2e55808a13d1e6a80c4be94fd5,62513098,2026-08-06T23:38:22Z
0xfaef2e43312cdc0fda01d021cb2220e7a5158e95,1,0xd38b22794b308a2e55808a13d1e6a80c4be94fd5,62513098,2026-08-06T23:38:22Z
0xfa9bb6e8b195fc85f3275bc5cc61ee135a017f43,1,0xd38b22794b308a2e55808a13d1e6a80c4be94fd5,62513098,2026-08-06T23:38:22Z
0xfa91e89bb68ff4fd99fe6f41b3a604900a434ed5,1,0xd38b22794b308a2e55808a13d1e6a80c4be94fd5,62513098,2026-08-06T23:38:22Z
0xf95f532a50fbc339b5fb204730a778f13d814d54,1,0xd38b22794b308a2e55808a13d1e6a80c4be94fd5,62513098,2026-08-06T23:38:22Z
0xf905355c443448ee8be1a11f422ecee4befe704a,1,0xd38b22794b308a2e55808a13d1e6a80c4be94fd5,62513098,2026-08-06T23:38:22Z
0xf8ac28024cce1c780debec00d10f5f0376f651db,1,0xd38b22794b308a2e55808a13d1e6a80c4be94fd5,62513098,2026-08-06T23:38:22Z
0xf88b549de955ee9fe687818ef87efb7b1d683070,1,0xd38b22794b308a2e55808a13d1e6a80c4be94fd5,62513098,2026-08-06T23:38:22Z
0xf6fa960ab19dbae7bf53829c913e1c2a705dee36,1,0xd38b22794b308a2e55808a13d1e6a80c4be94fd5,62513098,2026-08-06T23:38:22Z
0xf69c4bd64799e7e21829f15be99adee089a8d1c9,1,0xd38b22794b308a2e55808a13d1e6a80c4be94fd5,62513098,2026-08-06T23:38:22Z
0xf67206a12e8b01751b21ccb75144e052d883a63b,1,0xd38b22794b308a2e55808a13d1e6a80c4be94fd5,62513098,2026-08-06T23:38:22Z
0xf6601453b56135db853025e2717deb41cfecbc7e,1,0xd38b22794b308a2e55808a13d1e6a80c4be94fd5,62513098,2026-08-06T23:38:22Z
0xf5b47799f9c47d7e717664df85825032dabed9ec,1,0xd38b22794b308a2e55808a13d1e6a80c4be94fd5,62513098,2026-08-06T23:38:22Z
0xf4df49e07637ca9840485140ef377054d65c7cba,1,0xd38b22794b308a2e55808a13d1e6a80c4be94fd5,62513098,2026-08-06T23:38:22Z
0xf265f377b38b3cd8c744aa6e863f62a1b51e6523,1,0xd38b22794b308a2e55808a13d1e6a80c4be94fd5,62513098,2026-08-06T23:38:22Z
0xf233c9c36ec25d33b4c80bafe18ff56e2f18eaef,1,0xd38b22794b308a2e55808a13d1e6a80c4be94fd5,62513098,2026-08-06T23:38:22Z
0xf0f3be60347b9a93419cbc2576423ef849b645e4,1,0xd38b22794b308a2e55808a13d1e6a80c4be94fd5,62513098,2026-08-06T23:38:22Z
0xefd231e555f158e00d98508a4b2508e2c82da609,1,0xd38b22794b308a2e55808a13d1e6a80c4be94fd5,62513098,2026-08-06T23:38:22Z
0xef4393c1dddd8320b0a06941822fab654044b09f,1,0xd38b22794b308a2e55808a13d1e6a80c4be94fd5,62513098,2026-08-06T23:38:22Z
0xeebc7af3c574a6e7eda8f07b4a35736721b49392,1,0xd38b22794b308a2e55808a13d1e6a80c4be94fd5,62513098,2026-08-06T23:38:22Z
0xeea8f73d103b0456b75af45b9f95ddd6f4550e40,1,0xd38b22794b308a2e55808a13d1e6a80c4be94fd5,62513098,2026-08-06T23:38:22Z
0xee145ea51813901a69a265c44345ce0d85979271,1,0xd38b22794b308a2e55808a13d1e6a80c4be94fd5,62513098,2026-08-06T23:38:22Z
0xec40c8cfff44a3631c5e972c4ddf0702e666d6f8,1,0xd38b22794b308a2e55808a13d1e6a80c4be94fd5,62513098,2026-08-06T23:38:22Z
0xebc64ad0c4b2d56a52929f04343395061c02c03c,1,0xd38b22794b308a2e55808a13d1e6a80c4be94fd5,62513098,2026-08-06T23:38:22Z
0xeb8f7b8c27732e00bef318441422000d8ccd1e54,1,0xd38b22794b308a2e55808a13d1e6a80c4be94fd5,62513098,2026-08-06T23:38:22Z
0xeb82f7c75f56a31b33cb8115be96529da4b35eeb,1,0xd38b22794b308a2e55808a13d1e6a80c4be94fd5,62513098,2026-08-06T23:38:22Z
0xeb7ddd2da911c00c90a3ee44f59add4ccadff17c,1,0xd38b22794b308a2e55808a13d1e6a80c4be94fd5,62513098,2026-08-06T23:38:22Z
0xeb0e8838f38eabfb530d895e437f4b6087186f51,1,0xd38b22794b308a2e55808a13d1e6a80c4be94fd5,62513098,2026-08-06T23:38:22Z
0xea24e1a7a35a4eb437f39ae25ce16cf4cc0f671d,1,0xd38b22794b308a2e55808a13d1e6a80c4be94fd5,62513098,2026-08-06T23:38:22Z
0xe9d97b4e3a36640786720c51256a017f2d5963de,1,0xd38b22794b308a2e55808a13d1e6a80c4be94fd5,62513098,2026-08-06T23:38:22Z
0xe9a5f4aeae56647ef55dde36cade61ad72f05349,1,0xd38b22794b308a2e55808a13d1e6a80c4be94fd5,62513098,2026-08-06T23:38:22Z
0xe93366038881757aa3a499d564b36e8f61f8e21b,1,0xd38b22794b308a2e55808a13d1e6a80c4be94fd5,62513098,2026-08-06T23:38:22Z
0xe8fddb45457cf34ebddcdb79c3fcfda311049aed,1,0xd38b22794b308a2e55808a13d1e6a80c4be94fd5,62513098,2026-08-06T23:38:22Z
0xe5973c229389e39566904dd09f39d0b57c5a1fb5,1,0xd38b22794b308a2e55808a13d1e6a80c4be94fd5,62513098,2026-08-06T23:38:22Z
0xe58d27b83d8f9efd2b6d7eff0aabf92ae1ff5df9,1,0xd38b22794b308a2e55808a13d1e6a80c4be94fd5,62513098,2026-08-06T23:38:22Z
0xe5845761e7773976055f2559ca54be41f09d9e88,1,0xd38b22794b308a2e55808a13d1e6a80c4be94fd5,62513098,2026-08-06T23:38:22Z
0xe3faedc7d1d2985e15c93b5e91fdc42a25ee1c72,1,0xd38b22794b308a2e55808a13d1e6a80c4be94fd5,62513098,2026-08-06T23:38:22Z
0xe2a07147b3d18414fcf59ed4a63f4918dd34e59c,1,0xd38b22794b308a2e55808a13d1e6a80c4be94fd5,62513098,2026-08-06T23:38:22Z
0xe2763df5eafe829705f2b49a713b887d3b208c02,1,0xd38b22794b308a2e55808a13d1e6a80c4be94fd5,62513098,2026-08-06T23:38:22Z
0xe13296f627e9e5915aa902a8d572e1de099e5c68,1,0xd38b22794b308a2e55808a13d1e6a80c4be94fd5,62513098,2026-08-06T23:38:22Z
0xe062a153b5d41c6b3f0b1475444798bf68a83f14,1,0xd38b22794b308a2e55808a13d1e6a80c4be94fd5,62513098,2026-08-06T23:38:22Z
0xe0606e43bba8724b3bf90c7983b982222e713882,1,0xd38b22794b308a2e55808a13d1e6a80c4be94fd5,62513098,2026-08-06T23:38:22Z
0xe032d5cb6d9a4cdc72b8b9336c575da18b50b963,1,0xd38b22794b308a2e55808a13d1e6a80c4be94fd5,62513098,2026-08-06T23:38:22Z
0xdfd7a1c6cc7d9ceda10da6db1fc18518e250bfbd,1,0xd38b22794b308a2e55808a13d1e6a80c4be94fd5,62513098,2026-08-06T23:38:22Z
0xdfadb6352d1b1e78be9714c4178bd73c06a6ff29,1,0xd38b22794b308a2e55808a13d1e6a80c4be94fd5,62513098,2026-08-06T23:38:22Z
0xdfad9a64769da942679d4e3d2e5b3b4709a96a7a,1,0xd38b22794b308a2e55808a13d1e6a80c4be94fd5,62513098,2026-08-06T23:38:22Z
0xdf788d3448dfa8d6f3fcad7ef94463740b472310,1,0xd38b22794b308a2e55808a13d1e6a80c4be94fd5,62513098,2026-08-06T23:38:22Z
0xde7979793eea8ffa19e3db7f7e7826fed350eeba,1,0xd38b22794b308a2e55808a13d1e6a80c4be94fd5,62513098,2026-08-06T23:38:22Z
0xde3477f47616d644f8adb54cb0c1dcd810755169,1,0xd38b22794b308a2e55808a13d1e6a80c4be94fd5,62513098,2026-08-06T23:38:22Z
0xdc90062b1202cf30cf2fc6b2cca007af94c8f231,1,0xd38b22794b308a2e55808a13d1e6a80c4be94fd5,62513098,2026-08-06T23:38:22Z
0xdc444a464e4c2369430ca3ad2c950ad3abed5d1f,1,0xd38b22794b308a2e55808a13d1e6a80c4be94fd5,62513098,2026-08-06T23:38:22Z
0xdbd161be988b95d2b263f8eac431264240227127,1,0xd38b22794b308a2e55808a13d1e6a80c4be94fd5,62513098,2026-08-06T23:38:22Z
0xdbbfdd1329452c7db8d93919f612942f619ed733,1,0xd38b22794b308a2e55808a13d1e6a80c4be94fd5,62513098,2026-08-06T23:38:22Z
0xdb382e8c08e68d8e8e6f35439b6875c84b3d2887,1,0xd38b22794b308a2e55808a13d1e6a80c4be94fd5,62513098,2026-08-06T23:38:22Z
0xda684de027845d15ba1dd229bc301419bce47e84,1,0xd38b22794b308a2e55808a13d1e6a80c4be94fd5,62513098,2026-08-06T23:38:22Z
0xd91064cc2eb2881aaa5b5ae7119316b8a1c6ffa3,1,0xd38b22794b308a2e55808a13d1e6a80c4be94fd5,62513098,2026-08-06T23:38:22Z
0xd8e7d57685ce2d022c1d0483a40573838736e52f,1,0xd38b22794b308a2e55808a13d1e6a80c4be94fd5,62513098,2026-08-06T23:38:22Z
0xd8d058f2f679c8228f1258b453b4fdeb470b4477,1,0xd38b22794b308a2e55808a13d1e6a80c4be94fd5,62513098,2026-08-06T23:38:22Z
0xd88b62f91a492df468315d684ec2e454320b0586,1,0xd38b22794b308a2e55808a13d1e6a80c4be94fd5,62513098,2026-08-06T23:38:22Z
0xd7bc675787c8ee96588f296c12bada8b041eb48d,1,0xd38b22794b308a2e55808a13d1e6a80c4be94fd5,62513098,2026-08-06T23:38:22Z
0xd699dc8bc53dd68b25aa87795957ff2abc6ca78a,1,0xd38b22794b308a2e55808a13d1e6a80c4be94fd5,62513098,2026-08-06T23:38:22Z
0xd5b47b80668840e7164c1d1d81af8a9d9727b421,1,0xd38b22794b308a2e55808a13d1e6a80c4be94fd5,62513098,2026-08-06T23:38:22Z
0xd4883eea1b6cb8d43b4828ebc5f03954f3f03dd3,1,0xd38b22794b308a2e55808a13d1e6a80c4be94fd5,62513098,2026-08-06T23:38:22Z
0xd339b9e2f5cf3b4e2f4fc5d8508e0cc0ae279bb8,1,0xd38b22794b308a2e55808a13d1e6a80c4be94fd5,62513098,2026-08-06T23:38:22Z
0xd2695119e60cb742ccd54794587c5e67fb78bdb8,1,0xd38b22794b308a2e55808a13d1e6a80c4be94fd5,62513098,2026-08-06T23:38:22Z
0xd25d62cf36a0163a0b41436d8da3d53bb888bc16,1,0xd38b22794b308a2e55808a13d1e6a80c4be94fd5,62513098,2026-08-06T23:38:22Z
0xd2143b88b098bfe433292d90d8aa13dc0f58f69a,1,0xd38b22794b308a2e55808a13d1e6a80c4be94fd5,62513098,2026-08-06T23:38:22Z
0xd15bb52927ac046c72b6903e8e91dd880f497686,1,0xd38b22794b308a2e55808a13d1e6a80c4be94fd5,62513098,2026-08-06T23:38:22Z
0xd114014c63a1c967bdd79c8cc407f6422bd99b6b,1,0xd38b22794b308a2e55808a13d1e6a80c4be94fd5,62513098,2026-08-06T23:38:22Z
0xd0e3c405b4d7f5ff586e529f0ea4fe8925cdd778,1,0xd38b22794b308a2e55808a13d1e6a80c4be94fd5,62513098,2026-08-06T23:38:22Z
0xd0d68bf506cce28380dae5aa9fb7c52913b3e2ef,1,0xd38b22794b308a2e55808a13d1e6a80c4be94fd5,62513098,2026-08-06T23:38:22Z
0xd0c7bece727a8894f750919078505f83348a045b,1,0xd38b22794b308a2e55808a13d1e6a80c4be94fd5,62513098,2026-08-06T23:38:22Z
0xd0a7c8e28ccf057662107281db2ed43e1881cfbb,1,0xd38b22794b308a2e55808a13d1e6a80c4be94fd5,62513098,2026-08-06T23:38:22Z
0xd006bd6b8a30ae85cf9a8a427e10c04efc1bb2f6,1,0xd38b22794b308a2e55808a13d1e6a80c4be94fd5,62513098,2026-08-06T23:38:22Z
0xcf40543aeb62ccdc84f3f05ea0ef44728b003491,1,0xd38b22794b308a2e55808a13d1e6a80c4be94fd5,62513098,2026-08-06T23:38:22Z
0xcf249deebb12ab9f8ba5028fa58d625cbd62f59b,1,0xd38b22794b308a2e55808a13d1e6a80c4be94fd5,62513098,2026-08-06T23:38:22Z
0xcf0f6c8757f89c3b68179690a25e7daea05206ba,1,0xd38b22794b308a2e55808a13d1e6a80c4be94fd5,62513098,2026-08-06T23:38:22Z
0xce58cc6b082011f9f4669a2f160fb90f430f14f1,1,0xd38b22794b308a2e55808a13d1e6a80c4be94fd5,62513098,2026-08-06T23:38:22Z
0xce3f17ff0f62bc9b2e27c64ed9b6838828ac73ba,1,0xd38b22794b308a2e55808a13d1e6a80c4be94fd5,62513098,2026-08-06T23:38:22Z
0xcd7605cfe12f554657588f5f7e7015ec01b62d67,1,0xd38b22794b308a2e55808a13d1e6a80c4be94fd5,62513098,2026-08-06T23:38:22Z
0xccdb67bec0ce7d3d3efc28e4933e484c381f7081,1,0xd38b22794b308a2e55808a13d1e6a80c4be94fd5,62513098,2026-08-06T23:38:22Z
0xcc8f6631d100f599b5179a0ce8d2f85347773a9d,1,0xd38b22794b308a2e55808a13d1e6a80c4be94fd5,62513098,2026-08-06T23:38:22Z
0xcc89ec35fcecc62273603b6031f93ca692a54414,1,0xd38b22794b308a2e55808a13d1e6a80c4be94fd5,62513098,2026-08-06T23:38:22Z
0xcc8648b2c461c9ec16883e9d5d7de54d2a010aa1,1,0xd38b22794b308a2e55808a13d1e6a80c4be94fd5,62513098,2026-08-06T23:38:22Z
0xcc4fe4e44bd798234762feb0d17e1cab72a4d6cd,1,0xd38b22794b308a2e55808a13d1e6a80c4be94fd5,62513098,2026-08-06T23:38:22Z
0xcb9040f4be7127cd663d4905de1b63972493c20e,1,0xd38b22794b308a2e55808a13d1e6a80c4be94fd5,62513098,2026-08-06T23:38:22Z
0xcb0e1441e38489587891c686b193b71e82faa85e,1,0xd38b22794b308a2e55808a13d1e6a80c4be94fd5,62513098,2026-08-06T23:38:22Z
0xcb053654a4a8204019f0ce787bc924920e7abc5b,1,0xd38b22794b308a2e55808a13d1e6a80c4be94fd5,62513098,2026-08-06T23:38:22Z
0xcaed230e3a8ac5fa16595810ade9cb739f47f6ba,1,0xd38b22794b308a2e55808a13d1e6a80c4be94fd5,62513098,2026-08-06T23:38:22Z
0xca1b8f95046506fdf2560880b2beb2950cc9aed6,1,0xd38b22794b308a2e55808a13d1e6a80c4be94fd5,62513098,2026-08-06T23:38:22Z
0xc9e5218c2f93962917b0f3eea730c0cdf90458eb,1,0xd38b22794b308a2e55808a13d1e6a80c4be94fd5,62513098,2026-08-06T23:38:22Z
0xc9aa4d7a47472b5b5d0b7f64430dab4da12ec4eb,1,0xd38b22794b308a2e55808a13d1e6a80c4be94fd5,62513098,2026-08-06T23:38:22Z
0xc97f45a07e0fbc3c058c49f70b4480cf89bd3569,1,0xd38b22794b308a2e55808a13d1e6a80c4be94fd5,62513098,2026-08-06T23:38:22Z
0xc928620f0aae35374794729c3e89d02ecc9facf2,1,0xd38b22794b308a2e55808a13d1e6a80c4be94fd5,62513098,2026-08-06T23:38:22Z
0xc8d566a2724a533bd1c0e8528eea5f0150a125ac,1,0xd38b22794b308a2e55808a13d1e6a80c4be94fd5,62513098,2026-08-06T23:38:22Z
0xc8b806eaf62dbed134ee918f8beb9244182eed45,1,0xd38b22794b308a2e55808a13d1e6a80c4be94fd5,62513098,2026-08-06T23:38:22Z
0xc660cbf38011007f975744df85fc591c194d17c3,1,0xd38b22794b308a2e55808a13d1e6a80c4be94fd5,62513098,2026-08-06T23:38:22Z
0xc5b089fb9574f3492b9ac3d6c13a93ef93040ecb,1,0xd38b22794b308a2e55808a13d1e6a80c4be94fd5,62513098,2026-08-06T23:38:22Z
0xc3d24436cf13323d5de12e5c3662cd2c300b5d2b,1,0xd38b22794b308a2e55808a13d1e6a80c4be94fd5,62513098,2026-08-06T23:38:22Z
0xc3b5533cfed62c10e8fc04aecbd4bd09312841d0,1,0xd38b22794b308a2e55808a13d1e6a80c4be94fd5,62513098,2026-08-06T23:38:22Z
0xc34d15574ec0b650cc19ffcf3489a6ae0b3f25c6,1,0xd38b22794b308a2e55808a13d1e6a80c4be94fd5,62513098,2026-08-06T23:38:22Z
0xc262cb862d45d9259ebfd3014ba6468c8e62925e,1,0xd38b22794b308a2e55808a13d1e6a80c4be94fd5,62513098,2026-08-06T23:38:22Z
0xc215c6ca26cc41ace14cfcb2171a0982d6cdc36f,1,0xd38b22794b308a2e55808a13d1e6a80c4be94fd5,62513098,2026-08-06T23:38:22Z
0xc1ce096e968b98be8861aff0b7b3772ac7d37d52,1,0xd38b22794b308a2e55808a13d1e6a80c4be94fd5,62513098,2026-08-06T23:38:22Z
0xc003c9c054c31c93c8741ae18c554cd617a7d0f6,1,0xd38b22794b308a2e55808a13d1e6a80c4be94fd5,62513098,2026-08-06T23:38:22Z
0xbfcf1e7708132523ed281d6f776d41c219d8c129,1,0xd38b22794b308a2e55808a13d1e6a80c4be94fd5,62513098,2026-08-06T23:38:22Z
0xbf7be437858e87ed645042e01c9a78ee93a81761,1,0xd38b22794b308a2e55808a13d1e6a80c4be94fd5,62513098,2026-08-06T23:38:22Z
0xbf3f25e8815ea0e12ee53c2e046439925f1a08fd,1,0xd38b22794b308a2e55808a13d1e6a80c4be94fd5,62513098,2026-08-06T23:38:22Z
0xbeb26afe641a88da9ddf1b152d240ca5917839bc,1,0xd38b22794b308a2e55808a13d1e6a80c4be94fd5,62513098,2026-08-06T23:38:22Z
0xbd2670d4253103efd9272ead153b0ce82182f3e5,1,0xd38b22794b308a2e55808a13d1e6a80c4be94fd5,62513098,2026-08-06T23:38:22Z
0xbd1e39fc259257244e9a53a5cf634e63941ac798,1,0xd38b22794b308a2e55808a13d1e6a80c4be94fd5,62513098,2026-08-06T23:38:22Z
0xbcd82a67396213b49b3cc7c69e9ff40ab6752792,1,0xd38b22794b308a2e55808a13d1e6a80c4be94fd5,62513098,2026-08-06T23:38:22Z
0xbc4ee9567a4b8202cfdc37f6696454da25bea2f5,1,0xd38b22794b308a2e55808a13d1e6a80c4be94fd5,62513098,2026-08-06T23:38:22Z
0xbc37c2d16d28fd721bf66b96bf41fbe2f2e609c8,1,0xd38b22794b308a2e55808a13d1e6a80c4be94fd5,62513098,2026-08-06T23:38:22Z
0xbc2c226364fbded527ba8d13ff5af7fb359a0e43,1,0xd38b22794b308a2e55808a13d1e6a80c4be94fd5,62513098,2026-08-06T23:38:22Z
0xbc011c43c0c400a427bd12eb4b17b7ecc4f0841e,1,0xd38b22794b308a2e55808a13d1e6a80c4be94fd5,62513098,2026-08-06T23:38:22Z
0xbab69b50327ad185449a91bfa4d0d11aa6c3e307,1,0xd38b22794b308a2e55808a13d1e6a80c4be94fd5,62513098,2026-08-06T23:38:22Z
0xba8c09abe8f1d9c84eb54018fe6c3fffd29d1180,1,0xd38b22794b308a2e55808a13d1e6a80c4be94fd5,62513098,2026-08-06T23:38:22Z
0xb9c98869713e83d191b64290f2670caa4eabe22d,1,0xd38b22794b308a2e55808a13d1e6a80c4be94fd5,62513098,2026-08-06T23:38:22Z
0xb9afffcb8b000e6fd158176fc0811d21bf2d2e1e,1,0xd38b22794b308a2e55808a13d1e6a80c4be94fd5,62513098,2026-08-06T23:38:22Z
0xb8c6b26ac5f17f20033b068149735c95ba113694,1,0xd38b22794b308a2e55808a13d1e6a80c4be94fd5,62513098,2026-08-06T23:38:22Z
0xb893ce7529bcb6b241660308e38b93b48eb560c0,1,0xd38b22794b308a2e55808a13d1e6a80c4be94fd5,62513098,2026-08-06T23:38:22Z
0xb7b650e1c309edb2b36f7ec3cd741956cd529027,1,0xd38b22794b308a2e55808a13d1e6a80c4be94fd5,62513098,2026-08-06T23:38:22Z
0xb755b0efbf980e70b27d796f7def2cf249557925,1,0xd38b22794b308a2e55808a13d1e6a80c4be94fd5,62513098,2026-08-06T23:38:22Z
0xb6e197272540d484d65dc3843eb9ed112bf74659,1,0xd38b22794b308a2e55808a13d1e6a80c4be94fd5,62513098,2026-08-06T23:38:22Z
0xb69aa28703284445233422f39ca3afe9e624ac72,1,0xd38b22794b308a2e55808a13d1e6a80c4be94fd5,62513098,2026-08-06T23:38:22Z
0xb63875c9c63fcb23a02665c801d402eab34fc99a,1,0xd38b22794b308a2e55808a13d1e6a80c4be94fd5,62513098,2026-08-06T23:38:22Z
0xb5bc66efacbdefffcc9878e6de08e1dbf80a5e5e,1,0xd38b22794b308a2e55808a13d1e6a80c4be94fd5,62513098,2026-08-06T23:38:22Z
0xb552cd18d682263958a224c057d8d415c8de3e03,1,0xd38b22794b308a2e55808a13d1e6a80c4be94fd5,62513098,2026-08-06T23:38:22Z
0xb43d88badb90cbcbe99ced58f314ebc422024485,1,0xd38b22794b308a2e55808a13d1e6a80c4be94fd5,62513098,2026-08-06T23:38:22Z
0xb42580cc6d79dc111852160c0942527fedf01318,1,0xd38b22794b308a2e55808a13d1e6a80c4be94fd5,62513098,2026-08-06T23:38:22Z
0xb3626bf8d35ede7f658a036ac31398b707797f4d,1,0xd38b22794b308a2e55808a13d1e6a80c4be94fd5,62513098,2026-08-06T23:38:22Z
0xb2e615512c5c74573916854e0e62920c918e3455,1,0xd38b22794b308a2e55808a13d1e6a80c4be94fd5,62513098,2026-08-06T23:38:22Z
0xb24f71edfaeb2f13d155e3116dbdec0e509c1110,1,0xd38b22794b308a2e55808a13d1e6a80c4be94fd5,62513098,2026-08-06T23:38:22Z
0xb2268b8057818cccc23c09de8ffd31f71468e072,1,0xd38b22794b308a2e55808a13d1e6a80c4be94fd5,62513098,2026-08-06T23:38:22Z
0xb0dd61a5390210f31d9187936c7b5c68d4f48804,1,0xd38b22794b308a2e55808a13d1e6a80c4be94fd5,62513098,2026-08-06T23:38:22Z
0xb0a1399087746f9f851ad351ec54cdae8a770177,1,0xd38b22794b308a2e55808a13d1e6a80c4be94fd5,62513098,2026-08-06T23:38:22Z
0xb04f551388d8d0b242a5b2aa1993cf18fa26260e,1,0xd38b22794b308a2e55808a13d1e6a80c4be94fd5,62513098,2026-08-06T23:38:22Z
0xb04a2232ea59f903a36e3ed4b1d1c90c71dc5814,1,0xd38b22794b308a2e55808a13d1e6a80c4be94fd5,62513098,2026-08-06T23:38:22Z
0xaf65ba8ca22365dba154644f3b0484745b560b5b,1,0xd38b22794b308a2e55808a13d1e6a80c4be94fd5,62513098,2026-08-06T23:38:22Z
0xae80ca1f042ee397c405d4b6c46761632669d4db,1,0xd38b22794b308a2e55808a13d1e6a80c4be94fd5,62513098,2026-08-06T23:38:22Z
0xae77719e9997567951bc08e6e42f885798ad4b71,1,0xd38b22794b308a2e55808a13d1e6a80c4be94fd5,62513098,2026-08-06T23:38:22Z
0xad26e67c9e13c8042f4c0de45df10d2a928cb810,1,0xd38b22794b308a2e55808a13d1e6a80c4be94fd5,62513098,2026-08-06T23:38:22Z
0xacd37800e67ce9a35bf6cef176be1303d73f8f29,1,0xd38b22794b308a2e55808a13d1e6a80c4be94fd5,62513098,2026-08-06T23:38:22Z
0xac94addffa8fe3deeaf0b16d358bcbdcd74a9fce,1,0xd38b22794b308a2e55808a13d1e6a80c4be94fd5,62513098,2026-08-06T23:38:22Z
0xaa7a1f97baaec2624e8456971e8fe31fa83cae2e,1,0xd38b22794b308a2e55808a13d1e6a80c4be94fd5,62513098,2026-08-06T23:38:22Z
0xa9fdec2607a35fd30a4ed2b68d6d7bcacbb86077,1,0xd38b22794b308a2e55808a13d1e6a80c4be94fd5,62513098,2026-08-06T23:38:22Z
0xa9c800eef64bd5cdb5abedce7973fc699a393198,1,0xd38b22794b308a2e55808a13d1e6a80c4be94fd5,62513098,2026-08-06T23:38:22Z
0xa985957df680a5d92295f2166590c83adf4619b7,1,0xd38b22794b308a2e55808a13d1e6a80c4be94fd5,62513098,2026-08-06T23:38:22Z
0xa88bea34c9b1d56681e72150d49238a23daad189,1,0xd38b22794b308a2e55808a13d1e6a80c4be94fd5,62513098,2026-08-06T23:38:22Z
0xa86de09c366626f1d0ffb0e7a85173e94e7bc7ed,1,0xd38b22794b308a2e55808a13d1e6a80c4be94fd5,62513098,2026-08-06T23:38:22Z
0xa81aa2a067acd9656a327966cadba4c09c676c53,1,0xd38b22794b308a2e55808a13d1e6a80c4be94fd5,62513098,2026-08-06T23:38:22Z
0xa7b69420589774dd2e3138d002507194a5201804,1,0xd38b22794b308a2e55808a13d1e6a80c4be94fd5,62513098,2026-08-06T23:38:22Z
0xa76c73b7d62d47ddef1a0e2ca639f66f2e85157f,1,0xd38b22794b308a2e55808a13d1e6a80c4be94fd5,62513098,2026-08-06T23:38:22Z
0xa735a6ff4cb31ec378854b6259e6ee0864b38ebf,1,0xd38b22794b308a2e55808a13d1e6a80c4be94fd5,62513098,2026-08-06T23:38:22Z
0xa726e5a88e047cfbb123c28db71d498a144978f8,1,0xd38b22794b308a2e55808a13d1e6a80c4be94fd5,62513098,2026-08-06T23:38:22Z
0xa6d2bb016b1f4ed5698dbe035af9b9499702c653,1,0xd38b22794b308a2e55808a13d1e6a80c4be94fd5,62513098,2026-08-06T23:38:22Z
0xa5d9fe377b6c821e08360526bf3879c859cbb52c,1,0xd38b22794b308a2e55808a13d1e6a80c4be94fd5,62513098,2026-08-06T23:38:22Z
0xa3b8e69e4b528e8aaf948a106126b5528427143b,1,0xd38b22794b308a2e55808a13d1e6a80c4be94fd5,62513098,2026-08-06T23:38:22Z
0xa3a5dc96f5fa44911bb3741ca66ad87c79de6714,1,0xd38b22794b308a2e55808a13d1e6a80c4be94fd5,62513098,2026-08-06T23:38:22Z
0xa37fbd2264b48ed56dd7de8b9b83db35561700ef,1,0xd38b22794b308a2e55808a13d1e6a80c4be94fd5,62513098,2026-08-06T23:38:22Z
0xa37874fc1ae40c20c27d34e62fb03aeb94d6b1e3,1,0xd38b22794b308a2e55808a13d1e6a80c4be94fd5,62513098,2026-08-06T23:38:22Z
0xa27aacda9b16dd45919d0a1909be0d0e26763e13,1,0xd38b22794b308a2e55808a13d1e6a80c4be94fd5,62513098,2026-08-06T23:38:22Z
0xa1b342ef9cf077407c261d59bb481df0b92d5b54,1,0xd38b22794b308a2e55808a13d1e6a80c4be94fd5,62513098,2026-08-06T23:38:22Z
0xa12bdcb79e7d54e21209e0380ba7354457092934,1,0xd38b22794b308a2e55808a13d1e6a80c4be94fd5,62513098,2026-08-06T23:38:22Z
0x9f884384db81c0202e0229a7bd7d4b0804b636f5,1,0xd38b22794b308a2e55808a13d1e6a80c4be94fd5,62513098,2026-08-06T23:38:22Z
0x9f6821b0b9b377c8743852a4fe222cd2cd63c75c,1,0xd38b22794b308a2e55808a13d1e6a80c4be94fd5,62513098,2026-08-06T23:38:22Z
0x9ec67d463e394c0306872a49cda4d2b0db9c8b27,1,0xd38b22794b308a2e55808a13d1e6a80c4be94fd5,62513098,2026-08-06T23:38:22Z
0x9eaa0ebf303ce5e6c9ce3059d734a890bfafb9f6,1,0xd38b22794b308a2e55808a13d1e6a80c4be94fd5,62513098,2026-08-06T23:38:22Z
0x9e407dab6b2faed029e2a6d32234be5f5ff58c22,1,0xd38b22794b308a2e55808a13d1e6a80c4be94fd5,62513098,2026-08-06T23:38:22Z
0x9df06e44585d1a5b9869a5e5630709e1c74b3b3a,1,0xd38b22794b308a2e55808a13d1e6a80c4be94fd5,62513098,2026-08-06T23:38:22Z
0x9d9968418f7cd49f25758e409b6f7ae46c9cba01,1,0xd38b22794b308a2e55808a13d1e6a80c4be94fd5,62513098,2026-08-06T23:38:22Z
0x9d3dc76c5495a16e4bf8d76f1221327e694cb131,1,0xd38b22794b308a2e55808a13d1e6a80c4be94fd5,62513098,2026-08-06T23:38:22Z
0x9ce599e5fc6f557882a7a65418f0b77eee97c15d,1,0xd38b22794b308a2e55808a13d1e6a80c4be94fd5,62513098,2026-08-06T23:38:22Z
0x9cc0863cd0270cab25650e2c1f5c6fdc4ae29cb3,1,0xd38b22794b308a2e55808a13d1e6a80c4be94fd5,62513098,2026-08-06T23:38:22Z
0x9c1f1a275776579ac74fa01d8687cb198b91f74d,1,0xd38b22794b308a2e55808a13d1e6a80c4be94fd5,62513098,2026-08-06T23:38:22Z
0x9b809cc9ecc98683ed85241de429afa177c1fde7,1,0xd38b22794b308a2e55808a13d1e6a80c4be94fd5,62513098,2026-08-06T23:38:22Z
0x9b61163ad92ee7e36ff6566ca6190a92b6690be6,1,0xd38b22794b308a2e55808a13d1e6a80c4be94fd5,62513098,2026-08-06T23:38:22Z
0x9a5a297217a69e58a7baf14f23cfd684c4ba4aa0,1,0xd38b22794b308a2e55808a13d1e6a80c4be94fd5,62513098,2026-08-06T23:38:22Z
0x9a4a475d7d7c638f43edb9ef83a71f71411cfc70,1,0xd38b22794b308a2e55808a13d1e6a80c4be94fd5,62513098,2026-08-06T23:38:22Z
0x99b6cb7235f7ba5659adcc2ea0829479023d72e6,1,0xd38b22794b308a2e55808a13d1e6a80c4be94fd5,62513098,2026-08-06T23:38:22Z
0x99a5eaf1377b8128264a447ece0f12895caca68f,1,0xd38b22794b308a2e55808a13d1e6a80c4be94fd5,62513098,2026-08-06T23:38:22Z
0x99670d6fc5256b89de0b5a97436bf73d223c5671,1,0xd38b22794b308a2e55808a13d1e6a80c4be94fd5,62513098,2026-08-06T23:38:22Z
0x995a826fc3dd9cf4f26948dd187a08129ecc37e4,1,0xd38b22794b308a2e55808a13d1e6a80c4be94fd5,62513098,2026-08-06T23:38:22Z
0x9864417b6367c3a02b580338ff174df73b13448b,1,0xd38b22794b308a2e55808a13d1e6a80c4be94fd5,62513098,2026-08-06T23:38:22Z
0x9819fda1492b8e261f87a9908bf3a24f8554da7d,1,0xd38b22794b308a2e55808a13d1e6a80c4be94fd5,62513098,2026-08-06T23:38:22Z
0x97869f5189fb3c8ccf99b0703bb48e331add1250,1,0xd38b22794b308a2e55808a13d1e6a80c4be94fd5,62513098,2026-08-06T23:38:22Z
0x9772bfb632383ff2db8aa269bf3964efe17666cf,1,0xd38b22794b308a2e55808a13d1e6a80c4be94fd5,62513098,2026-08-06T23:38:22Z
0x96dd9324a2af63439c3569da3f7860c171f5081a,1,0xd38b22794b308a2e55808a13d1e6a80c4be94fd5,62513098,2026-08-06T23:38:22Z
0x96b79045a899693dd1131f04c257e941b30dc153,1,0xd38b22794b308a2e55808a13d1e6a80c4be94fd5,62513098,2026-08-06T23:38:22Z
0x9477861457123c55cd34c608068c58af2bff5dc8,1,0xd38b22794b308a2e55808a13d1e6a80c4be94fd5,62513098,2026-08-06T23:38:22Z
0x9449260a73b87f207fa4e0ecde91f0661b692452,1,0xd38b22794b308a2e55808a13d1e6a80c4be94fd5,62513098,2026-08-06T23:38:22Z
0x9436371d3bd112f16fe5e0671f8e1b43e48b4941,1,0xd38b22794b308a2e55808a13d1e6a80c4be94fd5,62513098,2026-08-06T23:38:22Z
0x93caa458f900120f7270995ad7d1de4b45393755,1,0xd38b22794b308a2e55808a13d1e6a80c4be94fd5,62513098,2026-08-06T23:38:22Z
0x933c5b6b0b3f30cef63754b6e12a0715ec1db8b3,1,0xd38b22794b308a2e55808a13d1e6a80c4be94fd5,62513098,2026-08-06T23:38:22Z
0x92ddd574ee24dcb18eb0fb8464b017047734725f,1,0xd38b22794b308a2e55808a13d1e6a80c4be94fd5,62513098,2026-08-06T23:38:22Z
0x92907fd29577de2275330fc50ff467b954aca864,1,0xd38b22794b308a2e55808a13d1e6a80c4be94fd5,62513098,2026-08-06T23:38:22Z
0x927bf8f3c81c96aa03a310371eca130c470c1f7b,1,0xd38b22794b308a2e55808a13d1e6a80c4be94fd5,62513098,2026-08-06T23:38:22Z
0x923f4afc77a7451579ce0e8b0f647426951bf064,1,0xd38b22794b308a2e55808a13d1e6a80c4be94fd5,62513098,2026-08-06T23:38:22Z
0x921d9a3d21920ee11457f19fd2ade52a2e7a06ce,1,0xd38b22794b308a2e55808a13d1e6a80c4be94fd5,62513098,2026-08-06T23:38:22Z
0x9129467274790d1edc42ece76453e37f138a5339,1,0xd38b22794b308a2e55808a13d1e6a80c4be94fd5,62513098,2026-08-06T23:38:22Z
0x90231151cf3ac9056b349da547b888024a3522c6,1,0xd38b22794b308a2e55808a13d1e6a80c4be94fd5,62513098,2026-08-06T23:38:22Z
0x900f2bbbe8b02d033f8730c51388ff6f2212892b,1,0xd38b22794b308a2e55808a13d1e6a80c4be94fd5,62513098,2026-08-06T23:38:22Z
0x8feac93889c5002b467ae88eb9c74a91efb742a8,1,0xd38b22794b308a2e55808a13d1e6a80c4be94fd5,62513098,2026-08-06T23:38:22Z
0x8f17349218343b414a90eb0f568dfa53a887a3d6,1,0xd38b22794b308a2e55808a13d1e6a80c4be94fd5,62513098,2026-08-06T23:38:22Z
0x8ddca770c777714de94cfb567a76dba60c20a828,1,0xd38b22794b308a2e55808a13d1e6a80c4be94fd5,62513098,2026-08-06T23:38:22Z
0x8dc4b216d7ba88524508e97a6d2c08beb14d2885,1,0xd38b22794b308a2e55808a13d1e6a80c4be94fd5,62513098,2026-08-06T23:38:22Z
0x8d64b8417fb5c22bd0bf819f5523abd73acd120c,1,0xd38b22794b308a2e55808a13d1e6a80c4be94fd5,62513098,2026-08-06T23:38:22Z
0x8d1d448cb0aad26b0004ca03d9ceecdc88d35844,1,0xd38b22794b308a2e55808a13d1e6a80c4be94fd5,62513098,2026-08-06T23:38:22Z
0x8bbef539c1ed386bac9dbd50b53adc4c58a028fc,1,0xd38b22794b308a2e55808a13d1e6a80c4be94fd5,62513098,2026-08-06T23:38:22Z
0x8a6a34eea0b7c7e30f1014835033f6f101beab53,1,0xd38b22794b308a2e55808a13d1e6a80c4be94fd5,62513098,2026-08-06T23:38:22Z
0x89031998163f1506e315e5f092ab4b50f70777b9,1,0xd38b22794b308a2e55808a13d1e6a80c4be94fd5,62513098,2026-08-06T23:38:22Z
0x86f2a9e1f0b44b83fccd01c18d90468e451dafda,1,0xd38b22794b308a2e55808a13d1e6a80c4be94fd5,62513098,2026-08-06T23:38:22Z
0x8464da2c737dfe5b55c0d4be69fa7e84eb2249be,1,0xd38b22794b308a2e55808a13d1e6a80c4be94fd5,62513098,2026-08-06T23:38:22Z
0x8426b4d15697a82828563efa886fbf0445afd5ff,1,0xd38b22794b308a2e55808a13d1e6a80c4be94fd5,62513098,2026-08-06T23:38:22Z
0x83dc5c6c62d8a4134910fb0c454473c10a55c8d3,1,0xd38b22794b308a2e55808a13d1e6a80c4be94fd5,62513098,2026-08-06T23:38:22Z
0x821ceaa69dcd37bdeafb4ec44566a3952b5d74e4,1,0xd38b22794b308a2e55808a13d1e6a80c4be94fd5,62513098,2026-08-06T23:38:22Z
0x814542445930a5c4438dd8dced86a17f577b92ab,1,0xd38b22794b308a2e55808a13d1e6a80c4be94fd5,62513098,2026-08-06T23:38:22Z
0x811546303ca58a3d26ab5b616f256b13522f92f4,1,0xd38b22794b308a2e55808a13d1e6a80c4be94fd5,62513098,2026-08-06T23:38:22Z
0x80e1c7c616add85eb71c904ab321c868dc477a4c,1,0xd38b22794b308a2e55808a13d1e6a80c4be94fd5,62513098,2026-08-06T23:38:22Z
0x80c09fa2cec7d89f16ef7e340e742c05bdcec71c,1,0xd38b22794b308a2e55808a13d1e6a80c4be94fd5,62513098,2026-08-06T23:38:22Z
0x7fa2163bbdf10ffdf4be2e6a53d67d8ae9d3095b,1,0xd38b22794b308a2e55808a13d1e6a80c4be94fd5,62513098,2026-08-06T23:38:22Z
0x7f4966c1e78d8248aa4d242ac4ecef6b1e371034,1,0xd38b22794b308a2e55808a13d1e6a80c4be94fd5,62513098,2026-08-06T23:38:22Z
0x7dd499530dbffc774d3ddc2730d9e9e2a314677d,1,0xd38b22794b308a2e55808a13d1e6a80c4be94fd5,62513098,2026-08-06T23:38:22Z
0x7d062af092e3dc840636798eb7bbced35cd2130c,1,0xd38b22794b308a2e55808a13d1e6a80c4be94fd5,62513098,2026-08-06T23:38:22Z
0x7c4b2a3a0163c0caa91d51590bc3f34100ccf4b7,1,0xd38b22794b308a2e55808a13d1e6a80c4be94fd5,62513098,2026-08-06T23:38:22Z
0x7a432aa47cdf9a82b54b026a48890b7c4ae6fdac,1,0xd38b22794b308a2e55808a13d1e6a80c4be94fd5,62513098,2026-08-06T23:38:22Z
0x7a1813e010dbf32bbd4081e7ad777418edb12169,1,0xd38b22794b308a2e55808a13d1e6a80c4be94fd5,62513098,2026-08-06T23:38:22Z
0x797c0aa1c27f6ebc5883d7a6cd5f3b5f67f48d6e,1,0xd38b22794b308a2e55808a13d1e6a80c4be94fd5,62513098,2026-08-06T23:38:22Z
0x797597e97e33bbcb62c5a10266adf0586d873b14,1,0xd38b22794b308a2e55808a13d1e6a80c4be94fd5,62513098,2026-08-06T23:38:22Z
0x795cb9934dd6e884b4e55c6238442ae8a777bed1,1,0xd38b22794b308a2e55808a13d1e6a80c4be94fd5,62513098,2026-08-06T23:38:22Z
0x78b539dae5ba1d0a48413c6237dcf567e3f2b6b0,1,0xd38b22794b308a2e55808a13d1e6a80c4be94fd5,62513098,2026-08-06T23:38:22Z
0x77d1f6c792c8f187ebae41f3013763f817c59ea9,1,0xd38b22794b308a2e55808a13d1e6a80c4be94fd5,62513098,2026-08-06T23:38:22Z
0x77d1e1edc224ab7a30f66f57ee309ed94b1a21c7,1,0xd38b22794b308a2e55808a13d1e6a80c4be94fd5,62513098,2026-08-06T23:38:22Z
0x779724b7933e473c09b9fdceb6b54c973756b30b,1,0xd38b22794b308a2e55808a13d1e6a80c4be94fd5,62513098,2026-08-06T23:38:22Z
0x77953ec6021a72fac5565b8c40c6ab2370e3e146,1,0xd38b22794b308a2e55808a13d1e6a80c4be94fd5,62513098,2026-08-06T23:38:22Z
0x7779da1dca18c67332f62571cb7eaf11a795202c,1,0xd38b22794b308a2e55808a13d1e6a80c4be94fd5,62513098,2026-08-06T23:38:22Z
0x777243daefd291a1574036f4991ab0ff14e3daca,1,0xd38b22794b308a2e55808a13d1e6a80c4be94fd5,62513098,2026-08-06T23:38:22Z
0x772e4dd9509e20aa8a575023b5b6e33a114db74a,1,0xd38b22794b308a2e55808a13d1e6a80c4be94fd5,62513098,2026-08-06T23:38:22Z
0x7546af61f9bdcfbc1664d6011bdf2b17cc4491ce,1,0xd38b22794b308a2e55808a13d1e6a80c4be94fd5,62513098,2026-08-06T23:38:22Z
0x72d940fbff2314aeba633677e4d1a703e2e5d30b,1,0xd38b22794b308a2e55808a13d1e6a80c4be94fd5,62513098,2026-08-06T23:38:22Z
0x726204e2726b2c10047850e4e8f05cc4bb5f40f6,1,0xd38b22794b308a2e55808a13d1e6a80c4be94fd5,62513098,2026-08-06T23:38:22Z
0x71c12da745d6f8f7c3ba7bedb5296d76062635f0,1,0xd38b22794b308a2e55808a13d1e6a80c4be94fd5,62513098,2026-08-06T23:38:22Z
0x7168a122e1142b93510bd7b50315b37044768989,1,0xd38b22794b308a2e55808a13d1e6a80c4be94fd5,62513098,2026-08-06T23:38:22Z
0x705f92a185dbd2e2d45409742bbfa816d60ddb93,1,0xd38b22794b308a2e55808a13d1e6a80c4be94fd5,62513098,2026-08-06T23:38:22Z
0x6fc0d56595af8d7fb0e64c840c4b3f005ad33157,1,0xd38b22794b308a2e55808a13d1e6a80c4be94fd5,62513098,2026-08-06T23:38:22Z
0x6f8c69ef2ce76b33bc00f96f4b8d3a100ab4569f,1,0xd38b22794b308a2e55808a13d1e6a80c4be94fd5,62513098,2026-08-06T23:38:22Z
0x6dcd02ec64ff21b121c2de1d988eaf9fef3c9af1,1,0xd38b22794b308a2e55808a13d1e6a80c4be94fd5,62513098,2026-08-06T23:38:22Z
0x6d553884696fc1ff6bf54548762717d8c4f46ee6,1,0xd38b22794b308a2e55808a13d1e6a80c4be94fd5,62513098,2026-08-06T23:38:22Z
0x6cf7e634efa8cf8b822ee2fb904829179d048aaa,1,0xd38b22794b308a2e55808a13d1e6a80c4be94fd5,62513098,2026-08-06T23:38:22Z
0x6c7fd35ae6c7fb91d92c445646aad8d85776a32f,1,0xd38b22794b308a2e55808a13d1e6a80c4be94fd5,62513098,2026-08-06T23:38:22Z
0x6c1c3b9aaac503f3d0ddd4323084c5ae2674587d,1,0xd38b22794b308a2e55808a13d1e6a80c4be94fd5,62513098,2026-08-06T23:38:22Z
0x6bb574d3ca6a24a74ab4112799af1c13d676af6f,1,0xd38b22794b308a2e55808a13d1e6a80c4be94fd5,62513098,2026-08-06T23:38:22Z
0x6b88e2267f926ce0f3082f5d8274dfa0da25f893,1,0xd38b22794b308a2e55808a13d1e6a80c4be94fd5,62513098,2026-08-06T23:38:22Z
0x6b87620ec6b95153e69be331e907e26ad3ec903f,1,0xd38b22794b308a2e55808a13d1e6a80c4be94fd5,62513098,2026-08-06T23:38:22Z
0x6b1d7a7f9cbe714283dae10b0c2f2189160bb6a7,1,0xd38b22794b308a2e55808a13d1e6a80c4be94fd5,62513098,2026-08-06T23:38:22Z
0x6afbc428dcde09679592b330a9164247e9614bd3,1,0xd38b22794b308a2e55808a13d1e6a80c4be94fd5,62513098,2026-08-06T23:38:22Z
0x6a697224427fbed77c48fd7080b7bf58bb0eb293,1,0xd38b22794b308a2e55808a13d1e6a80c4be94fd5,62513098,2026-08-06T23:38:22Z
0x6955ecb9a6052d8d314f7e79f55ed40b186361ca,1,0xd38b22794b308a2e55808a13d1e6a80c4be94fd5,62513098,2026-08-06T23:38:22Z
0x6953255bee0726c6f2c4e66030ce0dc31363baab,1,0xd38b22794b308a2e55808a13d1e6a80c4be94fd5,62513098,2026-08-06T23:38:22Z
0x68356229e9472bdf03fc67e425270f5bc21acd94,1,0xd38b22794b308a2e55808a13d1e6a80c4be94fd5,62513098,2026-08-06T23:38:22Z
0x67e6f9ebc5c9459bf5f7d3405f7ce66b6d22b521,1,0xd38b22794b308a2e55808a13d1e6a80c4be94fd5,62513098,2026-08-06T23:38:22Z
0x67d8c8b467081de46241ec17b7e3b9f64c4147cb,1,0xd38b22794b308a2e55808a13d1e6a80c4be94fd5,62513098,2026-08-06T23:38:22Z
0x67a4937d4b41d51511856c9ae0ca444a13663a64,1,0xd38b22794b308a2e55808a13d1e6a80c4be94fd5,62513098,2026-08-06T23:38:22Z
0x67852a38b531ba5dee37d36d33169f97a5608b32,1,0xd38b22794b308a2e55808a13d1e6a80c4be94fd5,62513098,2026-08-06T23:38:22Z
0x676f3d2c9f5776e09d23986adc6684fb41e9000e,1,0xd38b22794b308a2e55808a13d1e6a80c4be94fd5,62513098,2026-08-06T23:38:22Z
0x676e67d70ea93c7c80d17631ab0857c1042d0a27,1,0xd38b22794b308a2e55808a13d1e6a80c4be94fd5,62513098,2026-08-06T23:38:22Z
0x66ccd7d371a048e31e395e0330332d5436c80df0,1,0xd38b22794b308a2e55808a13d1e6a80c4be94fd5,62513098,2026-08-06T23:38:22Z
0x65f6bfcfe22b925c34d05efae9101926b970570c,1,0xd38b22794b308a2e55808a13d1e6a80c4be94fd5,62513098,2026-08-06T23:38:22Z
0x64ea0fa30efed0d53900fcd4fb10c6c47262f0d9,1,0xd38b22794b308a2e55808a13d1e6a80c4be94fd5,62513098,2026-08-06T23:38:22Z
0x64b07201e4aa41598c0fcbffb1e63b88e45619c5,1,0xd38b22794b308a2e55808a13d1e6a80c4be94fd5,62513098,2026-08-06T23:38:22Z
0x6476702b010343f92e297b7d83f041b817eaf2e5,1,0xd38b22794b308a2e55808a13d1e6a80c4be94fd5,62513098,2026-08-06T23:38:22Z
0x63bb3016624e6a5cdcdec5ee468d24bb720d0ad0,1,0xd38b22794b308a2e55808a13d1e6a80c4be94fd5,62513098,2026-08-06T23:38:22Z
0x630215f9e1ce7b3025971a230b34ba982c67192c,1,0xd38b22794b308a2e55808a13d1e6a80c4be94fd5,62513098,2026-08-06T23:38:22Z
0x62b7ca5cbcbcef710e826893753c0f2c8f27165a,1,0xd38b22794b308a2e55808a13d1e6a80c4be94fd5,62513098,2026-08-06T23:38:22Z
0x61a1dbf0228363f032e05e1fb67e6f2abda75a40,1,0xd38b22794b308a2e55808a13d1e6a80c4be94fd5,62513098,2026-08-06T23:38:22Z
0x6193aac56cc4121c1c0558ee548b6e7bb02d7660,1,0xd38b22794b308a2e55808a13d1e6a80c4be94fd5,62513098,2026-08-06T23:38:22Z
0x60edd36534255dc40e0a9480fe4fbb60cb1044f1,1,0xd38b22794b308a2e55808a13d1e6a80c4be94fd5,62513098,2026-08-06T23:38:22Z
0x60a890bb9490278930a644a2c397a325d45875f3,1,0xd38b22794b308a2e55808a13d1e6a80c4be94fd5,62513098,2026-08-06T23:38:22Z
0x5fd9c4368ee7e8fc79e48fba390c148fd16453ee,1,0xd38b22794b308a2e55808a13d1e6a80c4be94fd5,62513098,2026-08-06T23:38:22Z
0x5f8317c840bc089c79c57afc50a4e75faa652089,1,0xd38b22794b308a2e55808a13d1e6a80c4be94fd5,62513098,2026-08-06T23:38:22Z
0x5f1a6bc1d42db8bf5b4442e32e2aa771f9b2b9a1,1,0xd38b22794b308a2e55808a13d1e6a80c4be94fd5,62513098,2026-08-06T23:38:22Z
0x5cceaa230ded0855504203bd30f242154909be2e,1,0xd38b22794b308a2e55808a13d1e6a80c4be94fd5,62513098,2026-08-06T23:38:22Z
0x5bdc97ef6db3f69ba6e4d73550aa57e54a966713,1,0xd38b22794b308a2e55808a13d1e6a80c4be94fd5,62513098,2026-08-06T23:38:22Z
0x5b7157080aef90f2f71dabea94f91388f06811fb,1,0xd38b22794b308a2e55808a13d1e6a80c4be94fd5,62513098,2026-08-06T23:38:22Z
0x59fc7bdf47cf035dc1c238942a369473c2fbc848,1,0xd38b22794b308a2e55808a13d1e6a80c4be94fd5,62513098,2026-08-06T23:38:22Z
0x595d602661fd23ff26dfe8a4e19103564fbd10a7,1,0xd38b22794b308a2e55808a13d1e6a80c4be94fd5,62513098,2026-08-06T23:38:22Z
0x58d0f3da9c97de3c39f481e146f3568081d328a2,1,0xd38b22794b308a2e55808a13d1e6a80c4be94fd5,62513098,2026-08-06T23:38:22Z
0x577eb1e1d21d6a236e5f6262106749b6650cc9eb,1,0xd38b22794b308a2e55808a13d1e6a80c4be94fd5,62513098,2026-08-06T23:38:22Z
0x57721412e570ab10bee33721977bc97d0d4d1822,1,0xd38b22794b308a2e55808a13d1e6a80c4be94fd5,62513098,2026-08-06T23:38:22Z
0x56de2eff85e255641da7cfc2f87ce5fa0f28214f,1,0xd38b22794b308a2e55808a13d1e6a80c4be94fd5,62513098,2026-08-06T23:38:22Z
0x56ce632320b8af872b9ef5b94c4a483a63f1ee26,1,0xd38b22794b308a2e55808a13d1e6a80c4be94fd5,62513098,2026-08-06T23:38:22Z
0x568146b18d96435a77db224e1662cb19a366e783,1,0xd38b22794b308a2e55808a13d1e6a80c4be94fd5,62513098,2026-08-06T23:38:22Z
0x564d14f6aa19f642b69fe5d2119d20f104aac317,1,0xd38b22794b308a2e55808a13d1e6a80c4be94fd5,62513098,2026-08-06T23:38:22Z
0x55e90d2227454812b602536b096760d27ee9dc9f,1,0xd38b22794b308a2e55808a13d1e6a80c4be94fd5,62513098,2026-08-06T23:38:22Z
0x54931a3411a4ac57ed577a0181d438538be75fc0,1,0xd38b22794b308a2e55808a13d1e6a80c4be94fd5,62513098,2026-08-06T23:38:22Z
0x5400375ed5632b59d871525fa63b0d01ddbe035e,1,0xd38b22794b308a2e55808a13d1e6a80c4be94fd5,62513098,2026-08-06T23:38:22Z
0x53df3b35f2808b8fc75d028e032be6890be9eb84,1,0xd38b22794b308a2e55808a13d1e6a80c4be94fd5,62513098,2026-08-06T23:38:22Z
0x5372e875746f12c3968c07d13d33e9d6b5844384,1,0xd38b22794b308a2e55808a13d1e6a80c4be94fd5,62513098,2026-08-06T23:38:22Z
0x53270d44eee663e509f0b715525703b12c353e30,1,0xd38b22794b308a2e55808a13d1e6a80c4be94fd5,62513098,2026-08-06T23:38:22Z
0x51cc351e9bbe78e476dcb5e098d83ef335acc129,1,0xd38b22794b308a2e55808a13d1e6a80c4be94fd5,62513098,2026-08-06T23:38:22Z
0x51cb5337f660d30d0eb7e1669e3a5b047572f116,1,0xd38b22794b308a2e55808a13d1e6a80c4be94fd5,62513098,2026-08-06T23:38:22Z
0x51a6bc8807add4c8f2101a6d61eca897512b7ab6,1,0xd38b22794b308a2e55808a13d1e6a80c4be94fd5,62513098,2026-08-06T23:38:22Z
0x50cbe94083676cd17f25120807b6fca931978e1d,1,0xd38b22794b308a2e55808a13d1e6a80c4be94fd5,62513098,2026-08-06T23:38:22Z
0x50b78f0e3063a2cb4f6f888d6da2edeb2dc6f0f2,1,0xd38b22794b308a2e55808a13d1e6a80c4be94fd5,62513098,2026-08-06T23:38:22Z
0x501dc035f9be53bfd56f9faf683131f7faafb2e4,1,0xd38b22794b308a2e55808a13d1e6a80c4be94fd5,62513098,2026-08-06T23:38:22Z
0x4f8b511225ec96a2b07171b9d1f99dd9b77cc365,1,0xd38b22794b308a2e55808a13d1e6a80c4be94fd5,62513098,2026-08-06T23:38:22Z
0x4f8a3e316c976b842bb8f2fb62bf0a93b22b2415,1,0xd38b22794b308a2e55808a13d1e6a80c4be94fd5,62513098,2026-08-06T23:38:22Z
0x4e028103f2cd169e9e48836b38defd8b7022fd5f,1,0xd38b22794b308a2e55808a13d1e6a80c4be94fd5,62513098,2026-08-06T23:38:22Z
0x4df1a3d2a1f726ff66de93cadc0f60d5d2d36795,1,0xd38b22794b308a2e55808a13d1e6a80c4be94fd5,62513098,2026-08-06T23:38:22Z
0x4cb762f5f08bea54047294aabf83b90cef9e7bec,1,0xd38b22794b308a2e55808a13d1e6a80c4be94fd5,62513098,2026-08-06T23:38:22Z
0x4b39eaf26ee54a089c668435e92e183b2621c4d3,1,0xd38b22794b308a2e55808a13d1e6a80c4be94fd5,62513098,2026-08-06T23:38:22Z
0x4a5e200e870fa788321e3ecc776860a587f5cf23,1,0xd38b22794b308a2e55808a13d1e6a80c4be94fd5,62513098,2026-08-06T23:38:22Z
0x4a22a747e3336d9418a2648e524c705220f23b6c,1,0xd38b22794b308a2e55808a13d1e6a80c4be94fd5,62513098,2026-08-06T23:38:22Z
0x49a42a7082fced07869801c39625e16fbf82c8eb,1,0xd38b22794b308a2e55808a13d1e6a80c4be94fd5,62513098,2026-08-06T23:38:22Z
0x48ce1868e1efd1f0894b1636a8a2f03ef5a672e9,1,0xd38b22794b308a2e55808a13d1e6a80c4be94fd5,62513098,2026-08-06T23:38:22Z
0x488ed54ca0ae6d64683286278be99e9c3a9c203e,1,0xd38b22794b308a2e55808a13d1e6a80c4be94fd5,62513098,2026-08-06T23:38:22Z
0x4738cbd2e7ee262caf8df656cab85c1c5596a5c8,1,0xd38b22794b308a2e55808a13d1e6a80c4be94fd5,62513098,2026-08-06T23:38:22Z
0x4669416015a1a79280765f3d1366b1e5fec524ba,1,0xd38b22794b308a2e55808a13d1e6a80c4be94fd5,62513098,2026-08-06T23:38:22Z
0x45ca313417ce75316d82add9d406f834287d30d5,1,0xd38b22794b308a2e55808a13d1e6a80c4be94fd5,62513098,2026-08-06T23:38:22Z
0x4461b8a3a3e4aee3c2679fbef442cf1865c450b2,1,0xd38b22794b308a2e55808a13d1e6a80c4be94fd5,62513098,2026-08-06T23:38:22Z
0x4440c3adbcf4b125fec11560dde90498843bbc2a,1,0xd38b22794b308a2e55808a13d1e6a80c4be94fd5,62513098,2026-08-06T23:38:22Z
0x43a2b655ad77f8409b5c3a0a2576734075b22555,1,0xd38b22794b308a2e55808a13d1e6a80c4be94fd5,62513098,2026-08-06T23:38:22Z
0x43a2aeec73632cc8fb66251dc9e911af87278377,1,0xd38b22794b308a2e55808a13d1e6a80c4be94fd5,62513098,2026-08-06T23:38:22Z
0x40ba8d39f471678476c4bf97c4b1c5ac2ebe21d2,1,0xd38b22794b308a2e55808a13d1e6a80c4be94fd5,62513098,2026-08-06T23:38:22Z
0x40a085caa1f6894410943230df2ff4b08d7955ff,1,0xd38b22794b308a2e55808a13d1e6a80c4be94fd5,62513098,2026-08-06T23:38:22Z
0x40661c8a3c48f7f8ecac1f962a6ce8a1b7dc614c,1,0xd38b22794b308a2e55808a13d1e6a80c4be94fd5,62513098,2026-08-06T23:38:22Z
0x3fb925ae5d908e913e5773ea7c708733548e5ac6,1,0xd38b22794b308a2e55808a13d1e6a80c4be94fd5,62513098,2026-08-06T23:38:22Z
0x3f8b58288ecafc62d72c589edcb644c869e33c3d,1,0xd38b22794b308a2e55808a13d1e6a80c4be94fd5,62513098,2026-08-06T23:38:22Z
0x3e903e4414834a29c76173085c0164eb9771a2b9,1,0xd38b22794b308a2e55808a13d1e6a80c4be94fd5,62513098,2026-08-06T23:38:22Z
0x3df51c76e46bde1416bef8a8ddc40d9b2ccde3df,1,0xd38b22794b308a2e55808a13d1e6a80c4be94fd5,62513098,2026-08-06T23:38:22Z
0x3de4d1e96707b4101ff53383e055570c94987aa9,1,0xd38b22794b308a2e55808a13d1e6a80c4be94fd5,62513098,2026-08-06T23:38:22Z
0x3ae277b57424a37c4914205453f57df7d738208a,1,0xd38b22794b308a2e55808a13d1e6a80c4be94fd5,62513098,2026-08-06T23:38:22Z
0x39e9d2798dfac8e164254e5e4bcfa46ca2a3df5f,1,0xd38b22794b308a2e55808a13d1e6a80c4be94fd5,62513098,2026-08-06T23:38:22Z
0x39cc2bfe9ca542bded6056dae01e35405a4d1f51,1,0xd38b22794b308a2e55808a13d1e6a80c4be94fd5,62513098,2026-08-06T23:38:22Z
0x3943f78dcc1b07fbd429b3a27b141176350eeb26,1,0xd38b22794b308a2e55808a13d1e6a80c4be94fd5,62513098,2026-08-06T23:38:22Z
0x39418fc1d5a06ce35ef653af105a6699a63bf154,1,0xd38b22794b308a2e55808a13d1e6a80c4be94fd5,62513098,2026-08-06T23:38:22Z
0x39004fb0459643e3be6200cead928b5992d30a8b,1,0xd38b22794b308a2e55808a13d1e6a80c4be94fd5,62513098,2026-08-06T23:38:22Z
0x38e4c3cb13c02014e31c84380a3d10e885365412,1,0xd38b22794b308a2e55808a13d1e6a80c4be94fd5,62513098,2026-08-06T23:38:22Z
0x38c5ccd695a65b4e3013d0430b6c04c3d557f4b8,1,0xd38b22794b308a2e55808a13d1e6a80c4be94fd5,62513098,2026-08-06T23:38:22Z
0x36867a20de281a3735e4ecfc7dc4e207665a73de,1,0xd38b22794b308a2e55808a13d1e6a80c4be94fd5,62513098,2026-08-06T23:38:22Z
0x34f712f6e33286150de2d85ea0d75ff84774a771,1,0xd38b22794b308a2e55808a13d1e6a80c4be94fd5,62513098,2026-08-06T23:38:22Z
0x31e218b4f2676d17195bdcd60727c999f13d0253,1,0xd38b22794b308a2e55808a13d1e6a80c4be94fd5,62513098,2026-08-06T23:38:22Z
0x30ff015d37ada29ca1f37bb4338995024d090500,1,0xd38b22794b308a2e55808a13d1e6a80c4be94fd5,62513098,2026-08-06T23:38:22Z
0x308be429641aab24175b2bafbc519350e2d4183d,1,0xd38b22794b308a2e55808a13d1e6a80c4be94fd5,62513098,2026-08-06T23:38:22Z
0x302f1b70cff5f891f54a9057670dd39e7409f51e,1,0xd38b22794b308a2e55808a13d1e6a80c4be94fd5,62513098,2026-08-06T23:38:22Z
0x2f5b7be174485b09ec6c2282ac68090e7430a736,1,0xd38b22794b308a2e55808a13d1e6a80c4be94fd5,62513098,2026-08-06T23:38:22Z
0x2e25362700cf06eaaf4845c34789f67ea1b78d56,1,0xd38b22794b308a2e55808a13d1e6a80c4be94fd5,62513098,2026-08-06T23:38:22Z
0x2cca6b8821d53e2d7c7fc321d21e83fdbe5cb362,1,0xd38b22794b308a2e55808a13d1e6a80c4be94fd5,62513098,2026-08-06T23:38:22Z
0x2c2780fd581ac088c2590264aee33a6899b2afd2,1,0xd38b22794b308a2e55808a13d1e6a80c4be94fd5,62513098,2026-08-06T23:38:22Z
0x2bf053369ce39f518eacd01118191a0801892cf5,1,0xd38b22794b308a2e55808a13d1e6a80c4be94fd5,62513098,2026-08-06T23:38:22Z
0x2bd95558e74560c9813d12839a44e2176bfd07d0,1,0xd38b22794b308a2e55808a13d1e6a80c4be94fd5,62513098,2026-08-06T23:38:22Z
0x2a83833674fc1ea4655d894754c1690aeab021b3,1,0xd38b22794b308a2e55808a13d1e6a80c4be94fd5,62513098,2026-08-06T23:38:22Z
0x2a44fcb5aa315c6718a2759095fa351b065d5971,1,0xd38b22794b308a2e55808a13d1e6a80c4be94fd5,62513098,2026-08-06T23:38:22Z
0x29d82e2a9ea1e47c0948397b7cd6bc8d3e578041,1,0xd38b22794b308a2e55808a13d1e6a80c4be94fd5,62513098,2026-08-06T23:38:22Z
0x297cf752c9124a7ec211cca34723598f7a87d891,1,0xd38b22794b308a2e55808a13d1e6a80c4be94fd5,62513098,2026-08-06T23:38:22Z
0x28e0310ebb82cb4aa8bb69c2cc311b9c3cdc8aae,1,0xd38b22794b308a2e55808a13d1e6a80c4be94fd5,62513098,2026-08-06T23:38:22Z
0x2837247f1de9467ed0b26b70ec10984ee9c3d7a1,1,0xd38b22794b308a2e55808a13d1e6a80c4be94fd5,62513098,2026-08-06T23:38:22Z
0x27123cda101d624e5196b24d7bde371bfac8c6da,1,0xd38b22794b308a2e55808a13d1e6a80c4be94fd5,62513098,2026-08-06T23:38:22Z
0x253a42f5efca98eb92121c0b926bb9e34be06ee1,1,0xd38b22794b308a2e55808a13d1e6a80c4be94fd5,62513098,2026-08-06T23:38:22Z
0x23230789629cde13f28ed45f3540a5d008d59db3,1,0xd38b22794b308a2e55808a13d1e6a80c4be94fd5,62513098,2026-08-06T23:38:22Z
0x226ce3e2b29cc8e4e1231cb8205b43a32d17faba,1,0xd38b22794b308a2e55808a13d1e6a80c4be94fd5,62513098,2026-08-06T23:38:22Z
0x21bca401c280c8492a1ca15d554382eecb92f2f3,1,0xd38b22794b308a2e55808a13d1e6a80c4be94fd5,62513098,2026-08-06T23:38:22Z
0x2191926c2d155142f85b06a47f192e149b17aaec,1,0xd38b22794b308a2e55808a13d1e6a80c4be94fd5,62513098,2026-08-06T23:38:22Z
0x2117085e7e4ee35825a9c71bbe46aad8c01789f3,1,0xd38b22794b308a2e55808a13d1e6a80c4be94fd5,62513098,2026-08-06T23:38:22Z
0x20e5b7993fec97d84c931af8eba9e9e50a412173,1,0xd38b22794b308a2e55808a13d1e6a80c4be94fd5,62513098,2026-08-06T23:38:22Z
0x20d72284ab7e3ae45947b69bba9814ee4bd7f856,1,0xd38b22794b308a2e55808a13d1e6a80c4be94fd5,62513098,2026-08-06T23:38:22Z
0x20652edb6baa37b95e4466b74c453658101f51bf,1,0xd38b22794b308a2e55808a13d1e6a80c4be94fd5,62513098,2026-08-06T23:38:22Z
0x205ea67a4f3582904e237361fb7682e72d849153,1,0xd38b22794b308a2e55808a13d1e6a80c4be94fd5,62513098,2026-08-06T23:38:22Z
0x205b993bb19930c80fb10ddf4f4c423e49c4caac,1,0xd38b22794b308a2e55808a13d1e6a80c4be94fd5,62513098,2026-08-06T23:38:22Z
0x1ffaa7a2d1f898e4be65534c649703d896ab5cde,1,0xd38b22794b308a2e55808a13d1e6a80c4be94fd5,62513098,2026-08-06T23:38:22Z
0x1e7e1c19a650f253d50ca5d441f30badf453add9,1,0xd38b22794b308a2e55808a13d1e6a80c4be94fd5,62513098,2026-08-06T23:38:22Z
0x1d40fc9456a1e6f13f69615fee1cbcbe604b9167,1,0xd38b22794b308a2e55808a13d1e6a80c4be94fd5,62513098,2026-08-06T23:38:22Z
0x1d1473c50fd1b266a2f304f3034814aa978d8d84,1,0xd38b22794b308a2e55808a13d1e6a80c4be94fd5,62513098,2026-08-06T23:38:22Z
0x1cc1c54314c7fec2c3020a40a6cd9d1c4a44ed90,1,0xd38b22794b308a2e55808a13d1e6a80c4be94fd5,62513098,2026-08-06T23:38:22Z
0x1c9653180c29e3b8956c2d5dcec98fd580e26437,1,0xd38b22794b308a2e55808a13d1e6a80c4be94fd5,62513098,2026-08-06T23:38:22Z
0x1bad6fd79060164f2f2b86d02816c801a9ee4136,1,0xd38b22794b308a2e55808a13d1e6a80c4be94fd5,62513098,2026-08-06T23:38:22Z
0x1ba22d7fa9f8791c2bea0dc54d7c987910b4f5dd,1,0xd38b22794b308a2e55808a13d1e6a80c4be94fd5,62513098,2026-08-06T23:38:22Z
0x1b6a09e1e2bffdb4216e682d172b8eabd2158b44,1,0xd38b22794b308a2e55808a13d1e6a80c4be94fd5,62513098,2026-08-06T23:38:22Z
0x1b5ebaace21877999e9c8c9ae5cdebba2a981ce0,1,0xd38b22794b308a2e55808a13d1e6a80c4be94fd5,62513098,2026-08-06T23:38:22Z
0x1b53991c93296602ea451555aae018aa1ba7654f,1,0xd38b22794b308a2e55808a13d1e6a80c4be94fd5,62513098,2026-08-06T23:38:22Z
0x1a091fa79a8bac877a3fb0dc2511a406c2888613,1,0xd38b22794b308a2e55808a13d1e6a80c4be94fd5,62513098,2026-08-06T23:38:22Z
0x19fc750595f81be6e420438a50aa9760e401b354,1,0xd38b22794b308a2e55808a13d1e6a80c4be94fd5,62513098,2026-08-06T23:38:22Z
0x1948c67e9f9c602a27c6fb4bd3dc73aa69bf9cbd,1,0xd38b22794b308a2e55808a13d1e6a80c4be94fd5,62513098,2026-08-06T23:38:22Z
0x186e75745712f4f5655c09e83f28fbc27766a7a8,1,0xd38b22794b308a2e55808a13d1e6a80c4be94fd5,62513098,2026-08-06T23:38:22Z
0x183c4d0dd7bfb631bffaa40dad483f2aadc1b916,1,0xd38b22794b308a2e55808a13d1e6a80c4be94fd5,62513098,2026-08-06T23:38:22Z
0x173de64ed21a99cd1f9cc7b8451f48975af84ad3,1,0xd38b22794b308a2e55808a13d1e6a80c4be94fd5,62513098,2026-08-06T23:38:22Z
0x16e6fd90718d7da78b682d5975d3ca7b3f3fa0e9,1,0xd38b22794b308a2e55808a13d1e6a80c4be94fd5,62513098,2026-08-06T23:38:22Z
0x14fca733f9283caaa6d0f2294239ff379b29fd0a,1,0xd38b22794b308a2e55808a13d1e6a80c4be94fd5,62513098,2026-08-06T23:38:22Z
0x149c17fbcce960e1d01cac9efbaed09149da8a24,1,0xd38b22794b308a2e55808a13d1e6a80c4be94fd5,62513098,2026-08-06T23:38:22Z
0x147c90dad8e33ae3e916aa3ca779d56aa3ae129e,1,0xd38b22794b308a2e55808a13d1e6a80c4be94fd5,62513098,2026-08-06T23:38:22Z
0x14280d9144a06ecf4ee8f0e912ed9cda374f5f75,1,0xd38b22794b308a2e55808a13d1e6a80c4be94fd5,62513098,2026-08-06T23:38:22Z
0x13fa7fc5179f2dad016dc713442a47ca2ad40392,1,0xd38b22794b308a2e55808a13d1e6a80c4be94fd5,62513098,2026-08-06T23:38:22Z
0x1386146dec79e3d90650f1bd25e7a4c321c01143,1,0xd38b22794b308a2e55808a13d1e6a80c4be94fd5,62513098,2026-08-06T23:38:22Z
0x12d618852c82e30805615b28c89cfc39d9faaffc,1,0xd38b22794b308a2e55808a13d1e6a80c4be94fd5,62513098,2026-08-06T23:38:22Z
0x12cd30b35a1aef53c7cf9b34b0a4dffb6525b4bf,1,0xd38b22794b308a2e55808a13d1e6a80c4be94fd5,62513098,2026-08-06T23:38:22Z
0x127114f654cda86691ee50fc03dbce0e0a5636dd,1,0xd38b22794b308a2e55808a13d1e6a80c4be94fd5,62513098,2026-08-06T23:38:22Z
0x11cb4893732ae01aa0f753b6d5a42454b08e4114,1,0xd38b22794b308a2e55808a13d1e6a80c4be94fd5,62513098,2026-08-06T23:38:22Z
0x118bba4793e23418e1ca58895b69156c98dbd4ed,1,0xd38b22794b308a2e55808a13d1e6a80c4be94fd5,62513098,2026-08-06T23:38:22Z
0x1183cbdb0289d420eb350251f8fcd0cd339bb453,1,0xd38b22794b308a2e55808a13d1e6a80c4be94fd5,62513098,2026-08-06T23:38:22Z
0x1143be0ad2faa3228acb0aac03f8b1dd55a71d95,1,0xd38b22794b308a2e55808a13d1e6a80c4be94fd5,62513098,2026-08-06T23:38:22Z
0x113efeaaa365414511abbdb017fb5e25a7338f8f,1,0xd38b22794b308a2e55808a13d1e6a80c4be94fd5,62513098,2026-08-06T23:38:22Z
0x10a19adbc801cfb07f4ac1217bdf3a6b74bc5eba,1,0xd38b22794b308a2e55808a13d1e6a80c4be94fd5,62513098,2026-08-06T23:38:22Z
0x0fb5f856af0e49840ad0263e43ff96e0f2c6099a,1,0xd38b22794b308a2e55808a13d1e6a80c4be94fd5,62513098,2026-08-06T23:38:22Z
0x0f581f00f6a318873e77715ef8953df226427ae7,1,0xd38b22794b308a2e55808a13d1e6a80c4be94fd5,62513098,2026-08-06T23:38:22Z
0x0f18a34a1fc5f7872fc07886fa454c8975350ebb,1,0xd38b22794b308a2e55808a13d1e6a80c4be94fd5,62513098,2026-08-06T23:38:22Z
0x0eb0a4be91221e9ce1cec4a6a37f91505385874e,1,0xd38b22794b308a2e55808a13d1e6a80c4be94fd5,62513098,2026-08-06T23:38:22Z
0x0e639b7a3dfd4475f3f95d921b675043dbb2db83,1,0xd38b22794b308a2e55808a13d1e6a80c4be94fd5,62513098,2026-08-06T23:38:22Z
0x0e39b12dc1f8a69202838f540684fb5ac307c9c1,1,0xd38b22794b308a2e55808a13d1e6a80c4be94fd5,62513098,2026-08-06T23:38:22Z
0x0dafbca6211d8f05734e46f817e58cf3e9ca468e,1,0xd38b22794b308a2e55808a13d1e6a80c4be94fd5,62513098,2026-08-06T23:38:22Z
0x0d8b49be1176b7c9436167a4faa2c0f8547aa7e7,1,0xd38b22794b308a2e55808a13d1e6a80c4be94fd5,62513098,2026-08-06T23:38:22Z
0x0d0ed110a0ef50e25b53f44753ad3dad717d2105,1,0xd38b22794b308a2e55808a13d1e6a80c4be94fd5,62513098,2026-08-06T23:38:22Z
0x0cf6e065f2244ce8469805f3e184612619aaad5e,1,0xd38b22794b308a2e55808a13d1e6a80c4be94fd5,62513098,2026-08-06T23:38:22Z
0x0cebb82c003888bedb89b71f7a0bde5b0e99f2c5,1,0xd38b22794b308a2e55808a13d1e6a80c4be94fd5,62513098,2026-08-06T23:38:22Z
0x0c629a22b798d85465f490261eb7c9a0242e05ec,1,0xd38b22794b308a2e55808a13d1e6a80c4be94fd5,62513098,2026-08-06T23:38:22Z
0x0c0ffaaf6378cc0b4118f2752209a206a046d56e,1,0xd38b22794b308a2e55808a13d1e6a80c4be94fd5,62513098,2026-08-06T23:38:22Z
0x0c0365a2a20678a06770107cabc1e63eb5e9ed96,1,0xd38b22794b308a2e55808a13d1e6a80c4be94fd5,62513098,2026-08-06T23:38:22Z
0x0b5c33102af77b557f37efc7bfcfa56ee075aafa,1,0xd38b22794b308a2e55808a13d1e6a80c4be94fd5,62513098,2026-08-06T23:38:22Z
0x0b1c0088782b6318bdcc604e14e6f93bf303314f,1,0xd38b22794b308a2e55808a13d1e6a80c4be94fd5,62513098,2026-08-06T23:38:22Z
0x0ae1e4c1f2da93fa0fa6f2de67794fd007871932,1,0xd38b22794b308a2e55808a13d1e6a80c4be94fd5,62513098,2026-08-06T23:38:22Z
0x0ad3a2314124ec8f20c50d930094b06b1ca1d583,1,0xd38b22794b308a2e55808a13d1e6a80c4be94fd5,62513098,2026-08-06T23:38:22Z
0x0aa1bbe8ff9653c4b3a8751c172ce670853bce96,1,0xd38b22794b308a2e55808a13d1e6a80c4be94fd5,62513098,2026-08-06T23:38:22Z
0x0a9041bb984e4128dd61924f85cb4514008ee095,1,0xd38b22794b308a2e55808a13d1e6a80c4be94fd5,62513098,2026-08-06T23:38:22Z
0x0977d77a85a00eaba53d3fb7170ef20dfcb40be7,1,0xd38b22794b308a2e55808a13d1e6a80c4be94fd5,62513098,2026-08-06T23:38:22Z
0x09495fa710dd218d520188e352f4d7b3d37a9915,1,0xd38b22794b308a2e55808a13d1e6a80c4be94fd5,62513098,2026-08-06T23:38:22Z
0x0932dc25c2eca97908d632eb0702d3feceb84455,1,0xd38b22794b308a2e55808a13d1e6a80c4be94fd5,62513098,2026-08-06T23:38:22Z
0x09215c748afc2aa5f0eacf299637d1728913f961,1,0xd38b22794b308a2e55808a13d1e6a80c4be94fd5,62513098,2026-08-06T23:38:22Z
0x08fbb631da6a2f60570b2bd59749b257b1696b78,1,0xd38b22794b308a2e55808a13d1e6a80c4be94fd5,62513098,2026-08-06T23:38:22Z
0x0815c1e34a819f48d480a173db83b58c076d7299,1,0xd38b22794b308a2e55808a13d1e6a80c4be94fd5,62513098,2026-08-06T23:38:22Z
0x0800db86e233ac4a21035ea2f498c2fcc003f501,1,0xd38b22794b308a2e55808a13d1e6a80c4be94fd5,62513098,2026-08-06T23:38:22Z
0x07fb178dd44c63dd02f21eee211420a7de0546b6,1,0xd38b22794b308a2e55808a13d1e6a80c4be94fd5,62513098,2026-08-06T23:38:22Z
0x07c366a6c9815000e68572a64de9c66e0358003c,1,0xd38b22794b308a2e55808a13d1e6a80c4be94fd5,62513098,2026-08-06T23:38:22Z
0x0706e24ca87295dcd2879d8912e81e4859e7ed72,1,0xd38b22794b308a2e55808a13d1e6a80c4be94fd5,62513098,2026-08-06T23:38:22Z
0x06b57d9e43cef0641e4d23453845992397917ad0,1,0xd38b22794b308a2e55808a13d1e6a80c4be94fd5,62513098,2026-08-06T23:38:22Z
0x054dba6ae7b0ea332f8f97b2a1079071db1c97f7,1,0xd38b22794b308a2e55808a13d1e6a80c4be94fd5,62513098,2026-08-06T23:38:22Z
0x05378fa2314349972abd5a1d33da62077651b442,1,0xd38b22794b308a2e55808a13d1e6a80c4be94fd5,62513098,2026-08-06T23:38:22Z
0x048cfa6f904b6db10277411370e8e1c56886c5a3,1,0xd38b22794b308a2e55808a13d1e6a80c4be94fd5,62513098,2026-08-06T23:38:22Z
0x041a909d1db8f03c2f4cf57c2eb1eda8d9b5e51e,1,0xd38b22794b308a2e55808a13d1e6a80c4be94fd5,62513098,2026-08-06T23:38:22Z
0x038cdbaf5b85ed96956be840cea2bc03edd20cca,1,0xd38b22794b308a2e55808a13d1e6a80c4be94fd5,62513098,2026-08-06T23:38:22Z
0x035ad2cc355ffb3d569cbffc078551a3071a395a,1,0xd38b22794b308a2e55808a13d1e6a80c4be94fd5,62513098,2026-08-06T23:38:22Z
0x02eb5ce0335fefc529ad1e35c9fabbad0d29e68d,1,0xd38b22794b308a2e55808a13d1e6a80c4be94fd5,62513098,2026-08-06T23:38:22Z
0x01cb74cfd225aa8a1a5ec723c1dbce4a497bac30,1,0xd38b22794b308a2e55808a13d1e6a80c4be94fd5,62513098,2026-08-06T23:38:22Z
0x01aa9602c00c6c3e0099240525dacb65d39ec3ec,1,0xd38b22794b308a2e55808a13d1e6a80c4be94fd5,62513098,2026-08-06T23:38:22Z
0x00fcaa31a00ca13e2b2f7b28086e8ebbe5eda5c9,1,0xd38b22794b308a2e55808a13d1e6a80c4be94fd5,62513098,2026-08-06T23:38:22Z
