wallet,nft_count,token_ids,contract,snapshot_block,snapshot_time
0x3e79c89f479824bc24b9ead73eb8c55f322fe963,419,"8,17,28,66,69,106,111,125,152,169,212,286,308,313,319,333,334,335,342,387,391,410,440,517,519,539,582,588,615,619,642,658,667,680,684,695,748,754,782,792,799,800,817,866,868,893,916,997,1041,1115,1187,1318,1336,1343,1365,1374,1375,1489,1491,1493,1592,1595,1611,1625,1671,1681,1713,1724,1735,1790,1933,1963,1992,2148,2319,2493,2498,2503,2504,2508,2509,2513,2514,2515,2516,2517,2525,2549,2559,2562,2574,2577,2621,2625,2626,2634,2637,2639,2678,2680,2685,2686,2701,2703,2706,2726,2744,2754,2840,2848,2851,2931,2943,2944,2948,2949,2950,2951,3019,3030,3040,3046,3112,3138,3349,3350,3352,3357,3361,3362,3384,3390,3453,3459,3461,3472,3482,3504,3509,3514,3518,3606,3651,3659,3660,3665,3687,3694,3700,3705,3725,3726,3795,3802,3810,3833,3843,3849,3863,3879,3908,3914,3930,3955,3971,3976,4017,4018,4058,4066,4073,4107,4145,4152,4180,4268,4282,4291,4297,4298,4303,4323,4331,4334,4338,4345,4346,4358,4375,4390,4396,4400,4414,4422,4454,4458,4462,4494,4503,4513,4531,4626,4630,4631,4680,4721,4736,4746,4747,4752,4753,4754,4755,4809,4848,4868,4886,4899,4905,4918,4938,4952,4968,4972,4983,5000,5033,5063,5077,5094,5096,5097,5100,5111,5143,5144,5159,5221,5223,5226,5235,5293,5312,5331,5341,5343,5346,5347,5369,5371,5374,5376,5377,5378,5384,5385,5386,5387,5427,5441,5448,5576,5582,5621,5626,5640,5733,5822,5836,5864,5978,6215,6218,6224,6233,6242,6249,6268,6285,6286,6290,6294,6295,6297,6303,6318,6332,6361,6450,6470,6511,6522,6534,6576,6587,6617,6710,6716,6774,6791,6803,6804,6807,6809,6811,6812,6818,6823,6825,6840,6846,6859,6860,6865,6868,6884,6899,6907,6908,6916,6923,6925,6928,6929,6934,6938,6957,6958,6963,6968,7017,7019,7054,7156,7159,7180,7524,7552,7560,7563,7572,7586,7595,7602,7612,7650,7752,7782,7810,7895,7896,7898,7924,7926,7931,7935,7939,7940,7946,7950,7954,7955,7960,7961,7981,7989,8067,8123,8280,8322,8368,8389,8427,8454,8488,8520,8589,8610,8620,8685,8693,8944,8973,8987,9042,9054,9158,9160,9163,9173,9212,9270,9273,9312,9332,9381,9429,9432,9435,9440,9465,9468,9472,9716,9766,9769,9771,9784,9789,9823,9835,9843,9891,9892,9905,9940,9948,9990,9998",0xd38b22794b308a2e55808a13d1e6a80c4be94fd5,62514232,2026-08-07T00:16:08Z
0xb0f96ac801097250d16d72ba4f629d9972f43875,281,"62,1702,2189,2206,2208,2210,2214,2218,2219,2220,2221,2222,2224,2228,2229,2232,2233,2235,2236,2237,2238,2239,2240,2241,2242,2245,2247,2269,2271,2272,2273,2274,2278,2279,2281,2283,2284,2286,2287,2288,2290,2291,2292,2294,2295,2297,2298,2322,2323,2324,2326,2327,2328,2330,2331,2336,2337,2339,2340,2342,2343,2344,2345,2347,2348,2349,2352,2353,2356,2357,2359,2360,2361,2362,2363,2365,2367,2368,2370,2375,2377,2378,2489,2490,2491,2492,2496,2497,2499,2500,2501,2502,2505,2506,2507,2512,2518,2519,2520,2521,2522,2523,2524,2526,2527,2528,2529,2530,2531,2532,2533,2534,2535,2536,2537,2538,2539,2541,2542,2543,2544,2545,2546,2547,2548,2554,2555,2557,2558,2560,2563,2566,2567,2568,2569,2570,2571,2572,2573,2576,2579,2582,2583,2585,2586,2587,2588,2589,2590,2591,2592,2593,2594,2595,2596,2597,2598,2599,2600,2601,2602,2603,2604,2605,2606,2607,2608,2609,2610,2611,2612,2613,2614,2615,2616,2617,2618,2619,2620,2622,2624,2627,2629,2630,2632,2633,2635,2636,2638,2640,2644,2645,2646,2647,2648,2649,2650,2652,2653,2654,2655,2656,2657,2658,2659,2660,2661,2662,2663,2664,2666,2667,2668,2669,2670,2671,2673,2674,2676,2677,2679,2684,2687,2688,2689,2690,2691,2692,2693,2695,2696,2697,2698,2699,2702,2704,4902,4916,4920,4964,4971,4975,4976,4979,4982,4987,4989,4992,5004,5005,5008,5009,5010,5012,5013,5014,5015,5017,5018,5019,5021,5022,5023,5025,5026,5043,5044,5048,5051,5052,5053,5055,5058,5061,5064,5076,5082,5083,5086,5087,5088",0xd38b22794b308a2e55808a13d1e6a80c4be94fd5,62514232,2026-08-07T00:16:08Z
0x1de70e8fbbfb0ca0c75234c499b5db74bae0d66b,216,"2709,2710,2711,2712,2716,2717,2720,2722,2723,2730,2732,2733,2735,2738,2741,2745,2746,2748,2750,2752,2753,3065,3067,3068,3069,3071,3072,3074,3075,3076,3078,3079,3080,3081,3083,3084,3085,3086,3107,3108,3109,3111,3113,3114,3116,3118,3119,3120,3121,3123,3125,3129,3130,3252,3253,3255,3256,3257,3258,3259,3260,3261,3264,3265,3266,3267,3268,3270,3271,3273,3274,3275,3276,4558,4560,4561,4563,4564,4566,4567,4568,4569,4570,4571,4573,4575,4576,4577,4578,4579,4581,4582,4583,4584,4585,4586,4587,4588,4589,4590,4591,4592,6482,6483,6484,6485,6486,6489,6490,6491,6492,6493,6494,6495,6496,6497,6498,6499,6500,6593,6594,6595,6596,6597,6598,6600,6601,6602,6604,6605,6606,6607,6608,6609,6610,6611,6612,7208,7209,7210,7211,7212,7213,7214,7215,7216,7217,7218,7220,7221,7222,7223,7224,7225,7226,7227,7228,7229,7230,7231,7232,7233,7234,7236,7237,7238,7239,7240,7241,7242,7243,7245,7246,7247,7248,7249,7251,7252,7253,7254,7256,7257,7258,7259,7260,7261,7262,7263,7264,7265,7266,7267,7268,7269,7270,7274,7277,7278,7279,7280,7281,7282,7283,7284,7291,7293,7294,7295,7296,7527,7529,7531,7532,7533,7534,7535",0xd38b22794b308a2e55808a13d1e6a80c4be94fd5,62514232,2026-08-07T00:16:08Z
0xf88d218f0f771df355c279cce171246a3cf54ba6,206,"177,359,614,629,776,805,806,811,871,973,1027,1052,1099,1109,1111,1128,1133,1143,1146,1149,1170,1171,1183,1188,1201,1250,1321,1342,1440,1443,1451,1498,1522,1525,1553,1661,1663,1729,1731,1760,1764,1769,1795,1796,1807,1817,1819,1820,1821,1823,1843,1844,1846,1856,1914,1917,1925,1938,1960,2031,2052,2059,2127,2147,2329,2751,2807,2809,2828,2847,2922,3098,3166,3181,3235,3292,3313,3348,3399,3435,3440,3499,3591,3730,3792,3820,3985,4012,4076,4083,4096,4101,4117,4134,4186,4189,4210,4215,4283,4285,4455,4482,4514,4662,4803,4806,4811,4940,4963,4980,4981,5062,5229,5325,5543,5797,5877,5936,5965,5998,6336,6347,6367,6381,6384,6403,6412,6442,6533,6696,6766,6787,6977,7468,7500,7569,7590,7615,7628,7661,7863,7929,7930,7933,7937,7941,7943,7948,7952,7958,7959,7987,8009,8017,8037,8071,8073,8088,8219,8320,8415,8465,8548,8650,8747,8776,8796,8799,8808,8817,8821,8849,8861,8915,8919,9150,9151,9188,9239,9248,9252,9253,9258,9260,9268,9269,9274,9276,9278,9281,9292,9307,9316,9321,9322,9326,9338,9398,9401,9416,9497,9521,9713,9728,9897,9996",0xd38b22794b308a2e55808a13d1e6a80c4be94fd5,62514232,2026-08-07T00:16:08Z
0x3beb676fa08879ea70e9ca788b0cbd082dccebe4,205,"360,362,505,853,863,867,985,1103,1420,1664,1756,1766,1767,1768,1777,1808,1864,1868,1872,1877,1897,1898,1902,1903,1905,1909,1911,1915,1916,1929,1930,1931,1954,1957,1969,2024,2033,2046,2062,2065,2067,2068,2069,2071,2074,2076,2098,2387,2415,2426,2755,2756,2758,2767,2768,2771,2772,2773,2775,2776,2795,2802,2803,2804,2849,3137,3237,3238,3242,3243,3248,3325,3335,3342,3344,3463,3761,3776,3839,3865,3869,3870,3872,3875,3973,3974,3975,3977,3982,3983,3984,3991,4252,4517,4629,4708,4709,4710,4713,4714,4717,4720,4722,4738,4757,4758,4760,4761,4766,4767,4768,4771,4773,4774,4777,4778,4780,4781,4783,4797,4804,4816,4819,4822,4831,4835,4879,4881,4926,5068,5071,5090,5275,5388,5648,5665,5669,5735,6355,6510,6513,6773,7023,7025,7052,7204,7205,7367,7369,7519,7706,7969,7975,8270,8356,8514,8515,8710,8773,8781,8789,8790,8793,8795,8797,8814,8829,8850,8853,8874,8882,8886,8895,8898,8901,8904,8908,8914,9123,9145,9147,9231,9234,9286,9291,9293,9308,9328,9339,9344,9410,9419,9420,9426,9446,9514,9698,9720,9721,9727,9729,9735,9736,9738,9740",0xd38b22794b308a2e55808a13d1e6a80c4be94fd5,62514232,2026-08-07T00:16:08Z
0x7e689c1ef962160685da69742170b3629e6299ae,200,"2815,2816,2817,2818,2819,2820,2821,2822,2823,2824,2865,2866,2867,2868,2869,2870,2871,2872,2873,2874,2875,2876,2877,2878,2879,2880,2881,2882,2883,2884,2888,2889,2890,2891,2892,2893,2894,2895,2896,2897,2898,2899,2900,2901,2902,2903,2904,2905,2906,2907,2908,2909,2910,2911,2912,2913,2914,2915,2916,2917,2952,2953,2954,2955,2956,2957,2958,2959,2960,2961,2962,2963,2964,2965,2966,2967,2968,2969,2970,2971,2972,2973,2974,2975,2976,2977,2978,2979,2980,2981,2982,2983,2984,2985,2986,2987,2988,2989,2990,2991,2992,2993,2994,2995,2996,2997,2998,2999,3000,3001,3002,3003,3004,3005,3006,3007,3008,3009,3010,3011,3187,3188,3189,3190,3191,3192,3193,3194,3195,3196,3197,3198,3199,3200,3201,3202,3203,3204,3205,3206,3207,3208,3209,3210,3211,3212,3213,3214,3215,3216,3530,3531,3532,3533,3534,3535,3536,3537,3538,3539,3540,3541,3542,3543,3544,3545,3546,3547,3548,3549,3550,3551,3552,3553,3554,3555,3556,3557,3558,3559,4019,4020,4021,4022,4023,4024,4025,4026,4027,4028,4029,4030,4031,4032,4033,4034,4035,4036,4037,4038",0xd38b22794b308a2e55808a13d1e6a80c4be94fd5,62514232,2026-08-07T00:16:08Z
0x005acd142eb7f3749ddd09cc421c5261d6c43387,192,"83,84,86,87,88,89,90,91,92,724,726,727,729,731,732,798,864,865,869,870,872,873,904,906,908,909,911,912,913,1031,1032,1033,1034,1035,1051,1962,1967,1968,1970,1971,1972,1973,1974,1975,1976,1977,1978,1979,1981,1983,1984,1985,1986,1987,1988,1990,1991,1993,1994,1995,1996,1998,1999,2000,2001,2002,2003,2006,2007,2008,2009,2011,2012,2014,2015,2016,2018,2020,2429,2431,2433,2435,2436,2438,2439,2440,2441,2442,2443,2445,2446,2447,2448,2449,2450,2451,2452,2455,2456,2457,2458,2459,2460,2461,2462,2463,2464,2465,2466,2468,2469,2470,2471,2472,2474,2475,2476,2477,2478,2479,2480,2481,2483,2484,2485,2486,2487,2488,2780,2781,2782,2783,2784,2785,2786,2787,2788,2789,3217,3218,3219,3220,3221,3222,3223,3224,3225,3226,3297,3298,3299,3300,3301,3302,3303,3304,3305,3306,3307,3308,3309,3310,3806,3990,5245,5247,5248,5249,5250,5251,5252,5253,5254,5255,5256,5257,5258,5259,5260,5261,5262,5263,5264,5302,5723,5724,5727,5728,5730,5731,5732,9986",0xd38b22794b308a2e55808a13d1e6a80c4be94fd5,62514232,2026-08-07T00:16:08Z
0x0e53a42befb635dddb969206fbd5b60189bc4aef,183,"370,625,647,725,757,784,788,791,807,822,917,1088,1095,1124,1193,1349,1409,1441,1444,1447,1449,1462,1482,1490,1513,1516,1609,1615,1617,1626,1631,1642,1717,1758,1773,1799,1829,1830,1831,1910,1943,1945,1956,1965,2083,2118,2123,2133,2135,2136,2162,2207,2246,2277,2302,2316,2354,2358,2374,2379,2392,2409,2551,2641,2708,2727,2736,2811,2835,2843,2928,2940,2941,2946,3017,3041,3164,3284,3324,3392,3409,3412,3414,3418,3419,3455,3588,3597,3599,3601,3602,3603,3607,3614,3631,3632,3668,3685,3807,3844,3853,3855,3856,4079,4110,4116,4181,4247,4262,4275,4279,4431,4602,4615,4799,4834,4931,5125,5166,5176,5190,5299,5372,5373,5465,5540,5554,5628,5633,6054,6274,6328,6646,6652,6679,6702,6775,6847,6892,7080,7150,7185,7193,7194,7492,7597,7674,7697,7767,7815,8074,8276,8301,8357,8414,8419,8450,8453,8467,8468,8474,8493,8506,8661,8714,8867,8924,8929,9048,9138,9165,9211,9228,9261,9263,9265,9267,9277,9318,9464,9568,9988,9992",0xd38b22794b308a2e55808a13d1e6a80c4be94fd5,62514232,2026-08-07T00:16:08Z
0x22f4194f6706e70abaa14ab352d0baa6c7ced24a,163,"26,67,72,77,79,80,374,701,703,959,964,976,983,984,992,1117,1407,1439,1456,1466,1477,1484,1593,1630,1633,1638,1643,1647,1654,1675,1712,1745,1774,1907,1937,2025,2085,2090,2107,2131,2159,2180,2382,2384,2396,2707,2760,2800,2813,2814,2829,3021,3104,3117,3134,3171,3175,3311,3373,3376,3405,3425,3445,3447,3490,3502,3506,3579,3609,3628,3746,3750,3764,3768,3772,3816,3819,3826,3929,3967,3986,4142,4164,4227,4278,4292,4362,4466,4627,4756,4895,5003,5092,5246,5271,5279,5298,5365,5382,5464,5647,5662,5756,6027,6200,6325,6358,6420,6433,6519,6524,6550,6616,6705,6712,6725,7006,7010,7026,7033,7036,7046,7057,7062,7107,7173,7292,7310,7354,7441,7471,7488,7592,7609,7622,7624,7653,7775,7808,7864,7927,7956,7977,7997,8365,8413,8423,8446,8452,8545,8691,8694,8699,8805,8935,8940,8941,9070,9205,9222,9302,9376,9737",0xd38b22794b308a2e55808a13d1e6a80c4be94fd5,62514232,2026-08-07T00:16:08Z
0x02ec5d07150c9a9ee740e828d8682d1aaa8d8731,162,"41,194,276,506,576,654,657,659,676,720,753,764,766,767,780,810,907,1045,1093,1113,1151,1174,1199,1213,1215,1242,1271,1275,1276,1277,1281,1316,1319,1326,1340,1357,1369,1377,1378,1380,1401,1402,1414,1418,1423,1427,1475,1495,1504,1534,1540,1559,1575,1576,1587,1908,1935,2037,2050,2116,2234,2335,2556,2565,2832,2838,2846,2938,3035,3050,3053,3183,3280,3355,3372,3415,3428,3457,3478,3525,3574,3634,3701,3897,3926,4045,4155,4156,4166,4366,4411,4420,4515,4628,4723,4741,4873,4909,4924,4967,4974,4999,5155,5224,5334,5474,5593,5718,5744,5751,5793,5911,5925,5927,5968,5975,6014,6324,6371,6613,6674,6894,7105,7161,7179,7422,7424,7490,7502,7512,7515,7551,7643,7749,7758,7762,7774,7900,7911,8010,8038,8072,8324,8345,8348,8354,8361,8363,8378,8451,8471,8492,8708,8959,9137,9164,9198,9226,9377,9570,9871,9895",0xd38b22794b308a2e55808a13d1e6a80c4be94fd5,62514232,2026-08-07T00:16:08Z
0x18339ce4dcd270a98eedaf69143b0daca551cfdd,155,"63,668,741,760,942,947,953,961,962,966,971,1011,1320,1405,1455,1514,1519,1527,1564,1604,1612,1648,1765,1775,1838,1936,2043,2054,2078,2095,2097,2108,2134,2155,2173,2401,2404,2424,2682,2721,2757,2774,2791,2885,2886,2887,2923,3070,3088,3239,3401,3403,3407,3424,3492,3493,3495,3505,3611,3672,3719,3782,3960,3992,4011,4014,4136,4202,4254,4301,4318,4475,4476,4477,4565,4715,4779,4815,4930,4946,5102,5212,5277,5283,5284,5285,5289,5290,5291,5317,5449,5632,5851,5997,6277,6283,6331,6352,6474,6540,6556,6560,6561,6563,6572,6678,6728,6919,6927,7021,7045,7059,7146,7187,7255,7413,7510,7879,7892,7978,8012,8035,8127,8316,8370,8387,8410,8421,8444,8476,8679,8751,8756,8778,8798,8813,8888,8890,9034,9050,9148,9247,9280,9301,9333,9337,9392,9395,9402,9422,9502,9706,9779,9884,9917",0xd38b22794b308a2e55808a13d1e6a80c4be94fd5,62514232,2026-08-07T00:16:08Z
0xf27b9704a15ffe47818fd48660d952235e9c39af,145,"45,146,228,581,650,879,941,1185,1207,1221,1415,1610,1628,1744,1751,1754,1787,1847,1883,1906,1932,1948,2124,2151,2174,2380,2418,2428,2584,2837,3022,3094,3158,3290,3356,3388,3417,3420,3432,3496,3497,3503,3635,3717,3797,3827,3842,3902,3924,3928,3995,3996,3997,4059,4060,4061,4067,4070,4072,4074,4085,4098,4133,4191,4196,4198,4253,4257,4273,4286,4321,4512,4516,4696,4697,4701,4702,4703,4704,4705,4745,4812,4830,4925,4993,5059,5112,5407,5571,5650,5835,5899,5942,6226,6228,6246,6269,6421,6439,6553,6567,6732,6772,7030,7034,7035,7038,7066,7430,7482,7491,7548,7669,7859,7932,7942,7947,7962,7971,7985,8304,8321,8379,8411,8443,8551,8637,8755,8804,8827,8852,8854,8911,8993,9237,9238,9240,9241,9525,9719,9731,9797,9876,9880,9953",0xd38b22794b308a2e55808a13d1e6a80c4be94fd5,62514232,2026-08-07T00:16:08Z
0xe0f9db6371b697906117de41b218d13e64798ba3,130,"9557,9558,9559,9560,9561,9562,9563,9564,9565,9566,9575,9576,9577,9578,9579,9580,9581,9582,9583,9584,9585,9586,9587,9588,9589,9590,9591,9592,9593,9594,9595,9596,9597,9598,9599,9600,9601,9602,9603,9604,9605,9606,9607,9608,9609,9610,9611,9612,9613,9614,9615,9616,9617,9618,9619,9620,9621,9622,9623,9624,9625,9626,9627,9628,9629,9630,9631,9632,9633,9634,9635,9636,9637,9638,9639,9640,9641,9642,9643,9644,9645,9646,9647,9648,9649,9650,9651,9652,9653,9654,9655,9656,9657,9658,9659,9660,9661,9662,9663,9664,9665,9666,9667,9668,9669,9670,9671,9672,9673,9674,9675,9676,9677,9678,9679,9680,9681,9682,9683,9684,9685,9686,9687,9688,9689,9690,9691,9692,9693,9694",0xd38b22794b308a2e55808a13d1e6a80c4be94fd5,62514232,2026-08-07T00:16:08Z
0xc0d72086cce22422f18f3d5702e3ed3afa9c92bc,130,"8093,8094,8095,8096,8097,8098,8099,8100,8101,8102,8103,8104,8105,8106,8107,8108,8109,8110,8111,8112,8113,8114,8115,8116,8117,8118,8119,8120,8121,8122,8149,8150,8151,8152,8153,8154,8155,8156,8157,8158,8159,8160,8161,8162,8163,8164,8165,8166,8167,8168,8169,8170,8171,8172,8173,8174,8175,8176,8177,8178,8179,8180,8181,8182,8183,8184,8185,8186,8187,8188,8189,8190,8191,8192,8193,8194,8195,8196,8197,8198,8199,8200,8201,8202,8203,8204,8205,8206,8207,8208,8225,8226,8227,8228,8229,8230,8231,8232,8233,8234,8235,8236,8237,8238,8239,8240,8241,8242,8243,8244,8245,8246,8247,8248,8249,8250,8251,8252,8253,8254,8255,8256,8257,8258,8259,8260,8261,8262,8263,8264",0xd38b22794b308a2e55808a13d1e6a80c4be94fd5,62514232,2026-08-07T00:16:08Z
0x03b69ae9423df674eaf396c157a03be9349208f1,129,"32,40,509,621,737,744,746,802,937,988,989,1322,1382,1431,1556,1588,1798,1801,1803,1824,1840,2080,2092,2125,2200,2631,2740,3103,3126,3156,3354,3443,3448,3708,3728,3935,4171,4221,4237,4261,4263,4457,4534,4642,4735,4843,4885,5129,5153,5181,5211,5416,5509,5545,5556,5878,5933,5940,5970,6087,6101,6356,6399,6401,6416,6425,6440,6455,6459,6480,6765,6814,6881,6882,7016,7053,7128,7155,7182,7219,7244,7301,7312,7333,7554,7766,7768,7816,7875,7967,8001,8030,8325,8428,8725,8744,8759,8769,8782,8786,8812,8834,8846,8869,8938,9047,9058,9249,9272,9283,9288,9294,9295,9298,9305,9306,9330,9345,9346,9400,9406,9413,9417,9732,9802,9866,9869,9879,9976",0xd38b22794b308a2e55808a13d1e6a80c4be94fd5,62514232,2026-08-07T00:16:08Z
0xddf8da887a1d5c07d05a948856b79dab091efc78,126,"68,95,188,189,195,197,198,352,364,368,369,379,382,510,511,512,567,578,630,777,1121,1161,1261,1284,1290,1646,1674,2032,2177,2766,2831,3038,3451,3452,3570,3594,3742,3846,3911,4041,4151,4213,4330,4725,4731,4744,4910,4933,4951,5297,5307,5311,5402,5664,5719,5722,5739,5746,5748,5750,5759,5848,5854,5855,5856,5857,5859,5865,5866,5867,5871,5885,5889,5893,5894,5895,5897,6333,6335,6337,6395,6411,6446,6447,6457,6460,6626,6795,6950,6953,7070,7109,7122,7127,7135,7171,7501,7610,7654,7660,7751,7824,7877,7991,7995,8008,8022,8026,8335,8343,8409,8646,8670,8883,9041,9043,9119,9190,9704,9705,9707,9709,9882,9898,9899,9901",0xd38b22794b308a2e55808a13d1e6a80c4be94fd5,62514232,2026-08-07T00:16:08Z
0x744cf9668ae90115ed0c1bc112c6bc8f9f4fe877,125,"43,191,929,1082,1148,1253,1269,1328,1387,1442,1460,1509,1662,1738,1753,1890,1928,1997,2022,2023,2036,2038,2041,2070,2075,2077,2079,2081,2084,2086,2087,2088,2091,2099,2109,2112,2117,2132,2137,2140,2143,2153,2154,2156,2160,2176,2183,2185,2186,2187,2188,2192,2244,2511,2739,2836,2839,3062,3159,3230,3247,3296,3422,3444,3491,3585,3616,3674,3740,3752,3754,3781,3784,3824,3868,4182,4314,4335,4474,4525,4707,4813,4832,4965,5220,5345,5627,5919,6022,6239,6434,6539,6666,6695,6704,6910,6995,7051,7287,7504,7570,7594,7663,7665,7667,7979,8299,8323,8347,8391,8689,8711,8752,8762,8835,8844,8910,8926,8928,9224,9407,9414,9739,9756,9934",0xd38b22794b308a2e55808a13d1e6a80c4be94fd5,62514232,2026-08-07T00:16:08Z
0x06222aedf405267741ef190cd8ecc16ba2d8ec6d,113,"6798,6810,6813,6815,6816,6817,6820,6826,6827,6828,6829,6831,6832,6835,6836,6837,6838,6839,6841,6843,6844,6845,6855,6856,6857,6858,6862,6863,6864,6866,6867,6869,6870,6871,6872,6874,6875,6876,6877,6878,6879,6885,6887,6888,6890,6891,6893,6895,6897,6898,6900,6901,6902,6903,6904,6906,6970,6971,6972,6973,6974,6975,6978,6979,6981,6983,6984,6985,6986,6987,6991,6992,6993,6994,7091,7092,7093,7094,7095,7096,7097,7098,7099,7100,7101,7102,7103,7104,7108,7110,7111,7112,7113,7114,7115,9830,9831,9832,9833,9834,9836,9838,9841,9842,9844,9845,9846,9847,9848,9849,9850,9853,9854",0xd38b22794b308a2e55808a13d1e6a80c4be94fd5,62514232,2026-08-07T00:16:08Z
0xb40156f51103ebaa842590ce51dd2cd0a9e83cda,110,"253,796,851,1053,1086,1130,1295,1307,1413,1424,1571,1589,1740,1741,1748,1759,1770,1772,1780,1781,1782,1784,1785,2039,2042,2056,2058,2073,2082,2089,2100,2102,2111,2113,2114,2121,2128,2139,2144,2149,2152,2157,2158,2166,2175,2178,2227,2385,2389,2402,2408,2411,2420,2427,2642,2778,2790,2792,3337,3347,3393,3450,3465,3467,3468,3470,3654,3692,3780,3878,4071,4112,4183,4184,4190,4218,4336,4472,4521,4522,4698,4699,4706,4718,4719,4764,5562,5656,5725,5737,5900,5917,6227,6376,6377,6729,6737,6755,6758,6819,7481,8036,8489,8494,8512,9003,9243,9245,9254,9388",0xd38b22794b308a2e55808a13d1e6a80c4be94fd5,62514232,2026-08-07T00:16:08Z
0x7b576b07afa8a3f1a418360ce467de86f160b129,108,"924,982,1358,2138,2165,3091,3716,3912,5337,5359,5360,5362,5363,5364,5366,5367,5368,5411,5412,5413,5414,5415,5417,5418,5419,5420,5447,5450,5451,5452,5453,5454,5455,5456,5527,5528,5529,5530,5531,5532,5533,5534,5535,5536,5708,5709,5710,5711,5712,5713,5714,5715,5716,5717,6143,6359,6618,6620,6621,6622,6623,6624,6625,6627,6628,6629,6630,6631,6632,6633,6634,6635,6636,6637,6638,6639,6640,6641,6642,7191,7818,7890,7998,8872,8885,9309,9325,9404,9954,9955,9956,9957,9958,9959,9960,9961,9962,9963,9964,9965,9966,9967,9968,9969,9970,9971,9972,9973",0xd38b22794b308a2e55808a13d1e6a80c4be94fd5,62514232,2026-08-07T00:16:08Z
0xfe192d87227b3829debb48e782d89c7a44e65253,101,"3713,7913,7914,7915,7916,7917,7918,7919,7920,7921,7922,8042,8043,8044,8045,8046,8047,8048,8049,8050,8051,8052,8053,8054,8055,8056,8057,8058,8059,8060,8061,8062,8063,8064,8065,8066,8124,8125,8126,8128,8129,8130,8131,8132,8133,8134,8135,8136,8137,8138,8139,8140,8141,8142,8143,8144,8145,8146,8147,8148,9004,9005,9006,9007,9008,9009,9010,9011,9012,9013,9014,9015,9016,9017,9018,9019,9020,9021,9022,9023,9024,9025,9026,9027,9028,9029,9030,9031,9032,9033,9447,9448,9449,9450,9451,9452,9453,9454,9455,9456,9457",0xd38b22794b308a2e55808a13d1e6a80c4be94fd5,62514232,2026-08-07T00:16:08Z
0xe116d5f4ccd817e93a4827b4b1166fb3fa61bec5,95,"293,367,617,743,845,914,1013,1043,1251,1386,1505,1510,1512,1561,1573,1580,1581,1598,1635,1637,1655,1725,2553,2765,2855,3167,3295,3378,3385,3437,3637,3724,3883,3941,3964,4056,4141,4146,4163,4173,4313,4486,4509,4737,4915,4948,5101,5523,5538,5549,5721,5749,5971,6202,6393,6404,6407,6419,6443,6473,6518,6794,7067,7132,7416,7483,7543,7545,7553,7683,7689,7741,7780,7814,7823,7825,8265,8266,8437,8496,8523,8721,9038,9056,9120,9214,9375,9519,9765,9782,9819,9855,9870,9980,9987",0xd38b22794b308a2e55808a13d1e6a80c4be94fd5,62514232,2026-08-07T00:16:08Z
0x8bf1a4b7e27b0f2ac02fc6176177dcfce8cded93,91,"516,4311,6645,6647,6648,6649,6650,6651,6653,6654,6655,6657,6658,6659,6660,6661,6663,7071,7072,7073,7074,7075,7077,7078,7079,7081,7082,7083,7084,7085,7086,7087,7089,7090,9348,9351,9352,9353,9354,9355,9356,9357,9358,9359,9360,9361,9362,9363,9364,9365,9366,9367,9473,9474,9475,9476,9477,9478,9479,9480,9481,9482,9483,9484,9485,9486,9487,9488,9489,9490,9491,9492,9919,9920,9921,9922,9923,9924,9925,9926,9927,9928,9929,9930,9931,9932,9933,9935,9936,9937,9938",0xd38b22794b308a2e55808a13d1e6a80c4be94fd5,62514232,2026-08-07T00:16:08Z
0xd26672579911a9c09dedcb0223d16754e14a30d0,90,"1233,1298,1368,1391,1403,1436,1452,1453,1541,1558,1621,1895,1934,1939,1940,1941,1942,1944,1946,2304,2763,3143,3146,3147,3149,3150,3152,3154,3162,3228,3285,3519,3571,3720,3765,3766,3767,3769,3770,3771,3773,3774,3777,3778,3779,3783,3785,3787,3788,3789,3963,4775,4776,4782,4878,4882,5103,5114,5116,5184,5213,5231,5426,5614,5743,5914,6312,6344,6382,6662,6763,7514,7516,7695,7711,7783,8268,8352,8353,8394,8516,8519,8816,8864,8932,9282,9378,9390,9399,9425",0xd38b22794b308a2e55808a13d1e6a80c4be94fd5,62514232,2026-08-07T00:16:08Z
0x47632e87df7937937085f50d7658b8a59367d040,90,"1639,4105,4108,5902,5967,6030,6033,6034,6037,6039,6042,6044,6047,6049,6056,6057,6058,6061,6062,6066,6067,6072,6073,6074,6075,6077,6078,6079,6080,6082,6083,6084,6085,6090,6091,6095,6096,6106,6107,6111,6112,6113,6114,6118,6120,6121,6122,6124,6127,6134,6137,6139,6141,6144,6145,6146,6148,6158,6161,6162,6164,6166,6167,6169,6170,6171,6172,6173,6178,6180,6183,6193,6194,6196,6198,6203,6204,6205,6206,6207,6208,6211,6216,6682,6721,7562,7587,7982,8532,9209",0xd38b22794b308a2e55808a13d1e6a80c4be94fd5,62514232,2026-08-07T00:16:08Z
0x201f948e98513abe8dc70047ba98a050fe67e9fb,88,"4342,4351,4352,4353,4354,4355,4357,4359,4363,4364,4365,4367,4370,4372,4374,4376,4377,4378,4379,4385,4386,4387,4388,4389,4391,4392,4393,4394,4395,4398,4399,4402,4403,4404,4425,4426,4427,4428,4430,4432,4434,4435,4436,4437,4438,4439,4440,4441,4442,4443,4444,4445,4446,4447,4448,4449,4450,4451,4452,4453,5762,5763,5765,5766,5768,5769,5770,5771,5772,5773,5774,5775,5776,5777,5778,5779,5780,5781,5782,5783,5784,5785,5786,5787,5788,5789,5790,5791",0xd38b22794b308a2e55808a13d1e6a80c4be94fd5,62514232,2026-08-07T00:16:08Z
0x8902f0441efa2cff664626c4f31eecc3b2953725,84,"551,759,761,763,812,825,826,827,829,833,837,840,842,848,884,887,889,891,896,897,900,902,1538,1723,1733,2251,2254,2257,2258,2259,2261,2263,2265,2267,2300,2305,2307,2309,2312,2314,3386,3638,3647,3896,4511,5135,5136,5142,5160,5163,5164,5178,5187,5189,5193,5198,5225,5292,5510,5511,5515,5522,5525,5541,5547,5553,5561,5564,5566,5568,5581,5583,5584,5585,5588,5592,5655,5934,6476,6502,7121,7125,7627,8707",0xd38b22794b308a2e55808a13d1e6a80c4be94fd5,62514232,2026-08-07T00:16:08Z
0xd14c8c0312dd0e1a56c9bfde9f8a0066e2a30e84,80,"579,1110,1132,1299,1397,1426,1435,1465,1483,1614,1627,1709,1718,1726,1879,1888,2122,2223,2550,2810,3033,3343,3396,3413,3458,3462,3520,3671,3682,3697,3704,3715,3718,3732,3738,3744,3808,3895,3899,3927,4223,4232,4242,4255,4433,4625,4927,4937,4939,4949,4978,5035,5081,5348,5629,5850,5888,6252,6363,6444,6523,6665,6743,6753,7168,7479,7540,7678,7680,7682,8285,8346,8349,8525,8712,8820,9372,9567,9711,9912",0xd38b22794b308a2e55808a13d1e6a80c4be94fd5,62514232,2026-08-07T00:16:08Z
0x645d73a0666f69d45a121528d30d0a848084ac18,78,"648,1087,1092,1227,1230,1301,1312,1419,1459,1479,1921,2761,3141,3759,3953,4069,4888,5318,5663,6003,6007,6029,6032,6035,6038,6040,6048,6050,6052,6063,6064,6068,6070,6071,6088,6092,6093,6102,6103,6104,6105,6115,6116,6117,6123,6125,6126,6129,6135,6136,6140,6142,6151,6152,6154,6159,6163,6177,6195,6197,6201,6209,6210,6339,6342,6453,6454,6619,6677,7106,7235,7748,8279,8362,8461,8490,9200,9800",0xd38b22794b308a2e55808a13d1e6a80c4be94fd5,62514232,2026-08-07T00:16:08Z
0xc8680c4d4b495f7c3dc5bc8d5f83bd7108b7caec,74,"185,192,404,414,1101,1105,1172,1241,1302,1325,1361,1433,1496,1563,1814,1858,2830,3099,3155,3287,3315,3345,3369,3613,3641,3643,3696,3714,3743,3745,4153,4324,4360,4371,4820,5326,5458,5470,5833,5922,5957,6375,6406,6437,6668,6883,7123,7163,7165,7315,7461,7473,7493,7544,7605,7699,7872,7884,7891,8089,8278,8739,8866,8873,8875,9000,9143,9385,9387,9438,9462,9471,9718,9945",0xd38b22794b308a2e55808a13d1e6a80c4be94fd5,62514232,2026-08-07T00:16:08Z
0x0713a8a185043b47ded727d2dbe3787274b0087b,72,"2,23,24,25,27,30,874,876,880,881,6707,6708,6709,6711,6713,6714,6715,6717,6720,6722,6723,6724,6726,6997,6998,6999,7000,7001,7002,7007,7008,7011,7012,7013,7014,7138,7139,7140,7141,7142,7143,7144,7145,7147,7148,7149,7151,7152,7154,7298,7299,7300,7303,7304,7309,7311,7313,7314,7316,7317,8309,8310,8312,8445,8447,8449,8942,8943,8945,9114,9115,9117",0xd38b22794b308a2e55808a13d1e6a80c4be94fd5,62514232,2026-08-07T00:16:08Z
0x207749da88e5895459f88b7ba472c1b68ede19e4,70,"356,730,768,813,820,832,835,844,886,888,892,894,898,1450,2142,2252,2260,2318,2777,3110,3227,3229,3241,3244,3375,3981,4010,4178,4188,4201,4246,4929,5123,5124,5130,5134,5139,5147,5148,5149,5154,5161,5167,5170,5177,5192,5200,5201,5310,5526,5539,5542,5548,5551,5552,5558,5565,5572,5574,5579,5586,5590,5594,6487,9264,9349,9371,9373,9460,9984",0xd38b22794b308a2e55808a13d1e6a80c4be94fd5,62514232,2026-08-07T00:16:08Z
0x9212e88750a88b8000668b8785513e5b34dd1c82,65,"1164,1446,1579,1618,1797,1813,2217,2276,2334,2350,2432,2575,3042,3281,3365,3423,3572,3582,3623,3645,3800,3886,3889,3893,4040,4132,4170,4185,4520,4524,4527,4562,4743,4935,5906,6694,7037,7088,7423,7477,7662,7696,7851,7906,7980,8003,8040,8293,8315,8334,8336,8355,8360,8373,8384,8402,8466,8491,8527,8629,8737,8758,8760,9157,9177",0xd38b22794b308a2e55808a13d1e6a80c4be94fd5,62514232,2026-08-07T00:16:08Z
0x0edc2c64d952e75241590ac5fb10077395f93df6,64,"3847,4495,4498,4507,4539,4548,4549,4552,4556,4612,4617,4619,4620,4622,4634,4640,4655,4657,4658,4684,4839,4846,4849,4851,4852,4860,4865,5390,5396,5477,5482,5484,5485,5487,5488,5492,5494,5499,5598,5601,5603,5604,5605,5616,5617,5679,5680,5681,5686,5691,5694,5696,5698,5699,5706,5805,5807,5810,7870,9527,9536,9538,9541,9542",0xd38b22794b308a2e55808a13d1e6a80c4be94fd5,62514232,2026-08-07T00:16:08Z
0xb9cac0affeec5ea7ce5f6c8b26e965322fbe44f3,62,"98,337,549,554,563,747,790,809,923,1029,1129,1279,1351,1486,1500,1526,1548,1590,2734,2737,2825,2845,2856,2934,3055,3639,3644,3676,3921,3933,3970,4042,4054,4143,4160,4172,4276,4384,4624,4724,4953,5990,6017,6351,6372,6400,6506,6643,6664,7003,7584,8090,8344,8385,8456,8684,8692,9124,9193,9700,9977,9989",0xd38b22794b308a2e55808a13d1e6a80c4be94fd5,62514232,2026-08-07T00:16:08Z
0x63075555cf2ad1ee61808cc13f36c1f5be0341a1,62,"819,828,831,836,901,903,1315,1355,1570,1848,2264,2301,2303,2308,2310,2317,2325,2779,3064,3279,3330,3366,3567,3689,3813,4381,4465,4877,5126,5131,5141,5146,5156,5157,5162,5165,5171,5172,5175,5183,5194,5508,5514,5518,5519,5520,5537,5544,5555,5557,5559,5563,5573,5587,5591,5595,5673,6319,8025,8549,9382,9939",0xd38b22794b308a2e55808a13d1e6a80c4be94fd5,62514232,2026-08-07T00:16:08Z
0x4df7882657ec9fe6d5fa7df223bd1e71fd55e7cf,60,"6219,6220,6221,6222,6229,6230,6231,6232,6234,6235,6237,6238,6240,6241,6244,6245,6250,6255,6256,6257,6259,6260,6261,6262,6263,6265,6267,6270,6271,6272,6273,6275,6276,6278,6279,6280,6281,6284,6287,6288,6291,6292,6293,6296,6298,6299,6300,6301,6302,6304,6305,6306,6307,6308,6309,6310,6311,6314,6315,6316",0xd38b22794b308a2e55808a13d1e6a80c4be94fd5,62514232,2026-08-07T00:16:08Z
0x56f662aade12e5ab99c4dcb037d1274d0d5dcb94,57,"1048,1434,1849,1850,1851,1852,1854,1865,1867,1870,1871,1874,1875,1876,1878,1880,1881,1882,1884,1886,1887,1889,1891,1893,1918,1919,1920,1924,2395,3139,3338,3814,3858,3860,3862,3864,3866,4307,4785,4786,4790,4791,4792,4794,4796,4798,4802,4817,4828,4890,5659,5898,8351,8688,8836,9408,9722",0xd38b22794b308a2e55808a13d1e6a80c4be94fd5,62514232,2026-08-07T00:16:08Z
0x3fafb6815ed498d7ed09eada99bbca1c3207e477,57,"20,85,300,640,877,905,1014,1028,1160,1179,1247,1249,1265,1266,1274,1288,1333,1337,1341,1346,1352,1356,1376,1379,1410,1412,1425,1501,1511,1524,1547,1554,1574,2004,2129,3370,3439,3454,4284,4429,4456,4459,4611,4922,5380,5635,5792,7376,7757,7772,7944,8020,8070,9207,9223,9753,9944",0xd38b22794b308a2e55808a13d1e6a80c4be94fd5,62514232,2026-08-07T00:16:08Z
0xcf1759527febcad217d048dabad4de2c4fd49f3e,56,"105,109,113,148,175,221,230,233,254,289,296,301,303,306,310,314,341,344,346,347,388,409,412,435,442,452,454,461,464,465,487,489,496,503,515,528,530,550,558,562,568,592,593,596,601,604,609,664,666,669,683,704,705,708,716,718",0xd38b22794b308a2e55808a13d1e6a80c4be94fd5,62514232,2026-08-07T00:16:08Z
0x0061ea01803b55e0d3d16359e89d050a852b577f,53,"649,735,823,998,1262,1470,1476,1530,1722,2454,3169,3374,3379,3427,3433,3446,3592,3675,3931,4129,4144,4239,4412,4416,4892,4954,5195,5300,5852,5992,6415,6452,6521,6782,7521,7522,7556,7700,7760,7873,7976,8091,8398,8526,8701,9057,9195,9379,9500,9516,9517,9522,9795",0xd38b22794b308a2e55808a13d1e6a80c4be94fd5,62514232,2026-08-07T00:16:08Z
0xaeeeefb25ee0f9048fc177a6440fd7f4e1740b93,51,"636,645,655,656,663,758,1104,1112,1135,1136,1137,1139,1140,1141,1145,1150,1152,1153,1154,1157,1165,1166,1177,1178,1180,1186,1189,1190,1191,1192,1194,1198,1210,1212,1214,1218,1220,1222,1224,1226,1238,1259,2715,3475,3837,3938,3942,4106,4271,5084,7744",0xd38b22794b308a2e55808a13d1e6a80c4be94fd5,62514232,2026-08-07T00:16:08Z
0x537de2a8d2a00a03fdab51441da5d9a21b75bb6a,51,"210,235,292,312,317,320,321,322,327,331,350,384,385,386,396,400,411,416,425,426,427,439,443,455,473,481,482,484,486,488,497,499,502,521,523,527,531,533,538,552,557,559,566,571,585,600,603,687,698,699,712",0xd38b22794b308a2e55808a13d1e6a80c4be94fd5,62514232,2026-08-07T00:16:08Z
0xd32832161fbf58fa8e20b3c8d7708e9ddb86fb7b,50,"4505,4529,4532,4557,4598,4601,4613,4614,4635,4636,4650,4654,4671,4683,4688,4691,4693,4842,4847,4859,5481,5489,5491,5495,5496,5502,5503,5505,5506,5600,5618,5619,5620,5622,5678,5682,5683,5685,5687,5690,5693,5705,5815,5816,5824,5825,5826,9530,9534,9540",0xd38b22794b308a2e55808a13d1e6a80c4be94fd5,62514232,2026-08-07T00:16:08Z
0xb0f84a2288aef1cf31fb747ec65b7c3760d76a62,50,"4537,4538,4540,4541,4542,4547,4550,4554,4594,4596,4600,4609,4610,4633,4637,4644,4645,4656,4659,4668,4669,4672,4678,4681,4685,4695,4836,4854,4855,4861,4862,4863,4864,5480,5490,5493,5497,5498,5500,5599,5613,5615,5624,5800,5801,5814,5821,5828,9537,9539",0xd38b22794b308a2e55808a13d1e6a80c4be94fd5,62514232,2026-08-07T00:16:08Z
0x8f7e421948e51020edda0be81b5784bcc3da6f4f,50,"4488,4500,4533,4536,4543,4546,4551,4553,4597,4603,4604,4607,4608,4616,4618,4639,4641,4643,4646,4652,4661,4673,4674,4675,4677,4682,4686,4689,4694,4858,5606,5609,5611,5625,5692,5695,5697,5701,5702,5703,5707,5803,5808,5809,5811,5813,5827,9528,9531,9533",0xd38b22794b308a2e55808a13d1e6a80c4be94fd5,62514232,2026-08-07T00:16:08Z
0xc683b8a78cb748a4d95fdf8d5738a81bab011395,48,"380,1736,1739,1747,1749,1750,1755,1778,1779,1783,2381,2383,2390,2391,2393,2397,2398,2399,2400,2405,2406,2410,2422,2425,3835,4077,4081,4082,4115,4120,4123,4124,4176,4177,4193,4197,4199,4200,4203,4204,4206,4207,4211,4216,4219,4258,4259,4260",0xd38b22794b308a2e55808a13d1e6a80c4be94fd5,62514232,2026-08-07T00:16:08Z
0x735acfad27509cf560bd3be4c6f2588e75da5651,48,"4491,4528,4555,4593,4599,4605,4621,4638,4648,4649,4651,4653,4660,4666,4670,4679,4687,4690,4692,4837,4840,4841,4845,4850,4856,4857,5479,5486,5504,5602,5607,5608,5610,5612,5623,5684,5689,5700,5704,5806,5812,5817,5819,5823,5829,9529,9532,9535",0xd38b22794b308a2e55808a13d1e6a80c4be94fd5,62514232,2026-08-07T00:16:08Z
0x6e6b3fdd05265ead4a8718d11c506464ed440c37,48,"97,431,1030,1116,1118,1296,1314,1327,1331,1399,1411,1478,1481,1606,1734,1833,1834,2860,2863,3523,3633,3649,3699,3832,3898,3939,4039,4047,4052,4138,4169,4233,4236,4415,4479,4936,5106,5313,6465,6501,6793,6861,7126,7465,7550,7970,9386,9777",0xd38b22794b308a2e55808a13d1e6a80c4be94fd5,62514232,2026-08-07T00:16:08Z
0xa844e16e3f61915efa2fe1702c2305eaeef3da3f,47,"284,304,315,325,326,339,345,349,402,407,424,441,445,446,447,453,463,467,475,492,495,498,501,514,520,524,525,536,540,548,553,555,561,564,569,572,573,584,597,606,665,672,679,696,706,707,709",0xd38b22794b308a2e55808a13d1e6a80c4be94fd5,62514232,2026-08-07T00:16:08Z
0x12f8e8a22eed4d524011177feda049b8c560a380,47,"711,714,852,1256,1293,1632,2047,3291,3421,3438,3469,3488,3562,3564,3566,3573,3576,3686,3702,3733,4304,4319,4407,4424,4478,4506,4508,5315,5461,5466,5467,5644,5752,5832,5887,5973,6100,6338,6736,6749,7466,7681,7685,7688,8273,8858,9896",0xd38b22794b308a2e55808a13d1e6a80c4be94fd5,62514232,2026-08-07T00:16:08Z
0x2ca868eb3fc91b7346bc6e74ed4ab22b4a6faaa7,46,"363,591,771,801,816,858,936,996,1012,1044,1438,1815,1822,2681,3131,3153,3312,3406,3481,3578,3584,3600,3608,3612,3618,3620,3798,4125,4208,4487,4493,4769,4784,5049,5150,5471,5670,6024,6706,6786,7487,7755,7764,7819,8923,9336",0xd38b22794b308a2e55808a13d1e6a80c4be94fd5,62514232,2026-08-07T00:16:08Z
0x5fba81c8d21c863ea7bc4a6cbfe5b9602c5181eb,45,"117,149,267,281,282,285,290,299,307,311,323,332,397,406,419,420,432,437,451,457,460,466,471,472,474,478,479,493,526,535,542,544,556,570,595,598,602,610,681,685,689,691,713,721,722",0xd38b22794b308a2e55808a13d1e6a80c4be94fd5,62514232,2026-08-07T00:16:08Z
0x709cd0f6a95d9c8509565687cc1650c426f1f280,40,"70,522,1167,1344,2864,3014,3018,3023,3027,3028,3029,3321,3563,3590,3662,3735,3803,3956,4154,4523,5424,5652,5886,6698,6783,6988,7022,7464,7613,7619,7620,7677,7684,7686,8084,8350,8521,8524,8647,9055",0xd38b22794b308a2e55808a13d1e6a80c4be94fd5,62514232,2026-08-07T00:16:08Z
0x61f8ad898520c987717055a11db3d49db090778d,40,"7787,7788,7789,7790,7791,7792,7793,7794,7795,7796,7797,7798,7799,7800,7801,7802,7803,7804,7805,7806,7831,7832,7833,7834,7835,7836,7837,7838,7839,7840,7841,7842,7843,7844,7845,7846,7847,7848,7849,7850",0xd38b22794b308a2e55808a13d1e6a80c4be94fd5,62514232,2026-08-07T00:16:08Z
0x391d242570efbbd68a60a4cb845390f3064aba65,40,"9072,9073,9074,9075,9076,9077,9078,9079,9080,9081,9082,9083,9084,9085,9086,9087,9088,9089,9090,9091,9092,9093,9094,9095,9096,9097,9098,9099,9100,9101,9102,9103,9104,9105,9106,9107,9108,9109,9110,9111",0xd38b22794b308a2e55808a13d1e6a80c4be94fd5,62514232,2026-08-07T00:16:08Z
0xc50cdf579d83183e75756e18848c41e96d37c78b,39,"29,180,309,583,808,856,859,915,1305,1416,1517,1543,2561,2718,2743,3096,3288,3353,3359,3364,3756,5239,5309,5459,5637,5910,7158,7162,7183,7357,8014,8024,8340,8400,8564,8728,8766,8768,9859",0xd38b22794b308a2e55808a13d1e6a80c4be94fd5,62514232,2026-08-07T00:16:08Z
0xe44ab4f93c6ec942d230a62ab272d55e9dd53633,38,"1448,1737,1743,1746,1776,1786,1859,2096,2119,2167,2394,2403,2416,2764,3144,3145,3148,3234,3331,3441,3736,4080,4084,4111,4113,4114,4118,4119,4179,4192,4194,4209,4214,4217,4220,4787,4823,4934",0xd38b22794b308a2e55808a13d1e6a80c4be94fd5,62514232,2026-08-07T00:16:08Z
0x06197e5302f24f02117af37aa07fc1b6449b7f94,38,"2434,6507,6514,6515,6516,6517,6535,6541,6543,6544,6546,6551,6555,6557,6558,6566,6570,7027,7029,7031,7039,7040,7041,7044,7058,7060,7061,7063,7065,7356,7359,7360,7361,7365,7366,7372,7412,7420",0xd38b22794b308a2e55808a13d1e6a80c4be94fd5,62514232,2026-08-07T00:16:08Z
0x5b46e5ce03f2dbbcd1f5099690bb93e83b6f2996,36,"376,1050,1652,1676,1959,1980,2040,2066,2419,3037,3100,3336,3528,3888,4762,4942,5219,5294,5381,6329,6520,6671,6849,7042,7047,7574,7673,7993,8223,8272,8809,8856,9040,9144,9236,9773",0xd38b22794b308a2e55808a13d1e6a80c4be94fd5,62514232,2026-08-07T00:16:08Z
0x8ded467bfaefc5f220bac70b54aae295886d519b,35,"294,328,860,861,1437,2027,2044,2762,2769,3102,3180,3184,3185,3231,3391,3400,3568,3979,4109,4195,4256,4763,4770,4821,4876,5881,5926,7988,8791,8810,8900,9232,9235,9266,9409",0xd38b22794b308a2e55808a13d1e6a80c4be94fd5,62514232,2026-08-07T00:16:08Z
0xdf03408e34e97f822ab2bab3f87f584c18b7a454,34,"373,750,1134,1184,1523,1569,1616,1658,1660,2049,3646,4053,4241,4932,5056,5478,6727,6731,6733,7469,7517,7601,7676,7690,7776,7883,8034,8041,8537,8538,8540,8543,8546,8547",0xd38b22794b308a2e55808a13d1e6a80c4be94fd5,62514232,2026-08-07T00:16:08Z
0x943ee71b43b984456f80098a6c224bc753ec87bb,34,"3178,3387,3581,4251,4316,4464,5915,6028,6041,6045,6046,6099,6109,6119,6130,6147,6149,6153,6155,6157,6160,6165,6168,6174,6176,6182,6199,6213,6214,6676,7559,8294,8591,8761",0xd38b22794b308a2e55808a13d1e6a80c4be94fd5,62514232,2026-08-07T00:16:08Z
0x340c326884f85bf1c64f20bac304d865dc6fc597,34,"3511,3515,3516,3522,3524,3526,3650,3655,3656,3657,3658,3661,3663,3666,3667,3669,3903,3907,3915,3918,3920,3922,5428,5431,5432,5433,5434,5435,5436,5438,5440,5442,5444,5445",0xd38b22794b308a2e55808a13d1e6a80c4be94fd5,62514232,2026-08-07T00:16:08Z
0xa59a27d2b44008caadae26462fe6f422035359a5,33,"18,1024,1081,1300,1317,1390,1400,1404,1532,1665,1721,3513,3850,4222,4332,5921,6187,6289,6424,6461,6741,6805,6989,7495,7541,8075,8211,8472,8704,8964,9039,9187,9982",0xd38b22794b308a2e55808a13d1e6a80c4be94fd5,62514232,2026-08-07T00:16:08Z
0x268ab11ba55fd6d17d58d9541f54105f25ede52f,33,"255,298,302,305,338,340,343,389,392,401,405,422,428,429,434,436,444,458,468,480,483,491,494,537,586,594,599,612,613,673,674,678,688",0xd38b22794b308a2e55808a13d1e6a80c4be94fd5,62514232,2026-08-07T00:16:08Z
0x3b202fe73a4932381aa05e94b6a95fd08174e0ed,32,"932,957,972,975,990,1395,1623,1708,2115,2202,2770,2808,2841,3186,3395,3487,3775,4801,5512,5649,6081,6488,6512,6549,7616,7951,8327,8823,8825,9112,9135,9947",0xd38b22794b308a2e55808a13d1e6a80c4be94fd5,62514232,2026-08-07T00:16:08Z
0x20416d60cec1c73be3876c84af877a99c54fd5b1,32,"4866,4869,4887,4956,4962,4994,4997,5001,5104,5105,5110,5120,5121,5205,5206,5208,5214,5215,5227,5232,5233,5234,5242,5244,5266,5268,5270,5272,5276,5278,5280,5282",0xd38b22794b308a2e55808a13d1e6a80c4be94fd5,62514232,2026-08-07T00:16:08Z
0x37e68d63dc86310c9a5a296d20dcf94c9a5fef15,31,"324,3128,3822,5937,5938,5941,5943,5944,5945,5946,5947,5948,5949,5950,5951,5952,5953,5954,5955,5956,5958,5959,5960,5961,6396,6438,6788,7822,7990,8029,9051",0xd38b22794b308a2e55808a13d1e6a80c4be94fd5,62514232,2026-08-07T00:16:08Z
0xdfb02ffc1ef12c24d6f46ad9fcb70e951445fa42,30,"190,762,1297,1468,1480,1607,1651,1804,1818,1873,1894,1950,1958,2045,3087,3151,3232,3236,3334,3339,3341,3363,3966,3994,7771,7934,8366,8913,8927,9256",0xd38b22794b308a2e55808a13d1e6a80c4be94fd5,62514232,2026-08-07T00:16:08Z
0xc5ff917a20486dbbeaa4b4d5ca41f7652b808afa,30,"3943,3944,3945,3946,3947,3948,3949,3950,3951,3952,3998,3999,4000,4001,4002,4003,4004,4005,4006,4007,4086,4087,4088,4089,4090,4091,4092,4093,4094,4095",0xd38b22794b308a2e55808a13d1e6a80c4be94fd5,62514232,2026-08-07T00:16:08Z
0x37fd1d13819ace84662e51924778074e075779e1,30,"2190,2191,2193,2195,2197,2198,2199,2203,2204,2205,2212,2213,2215,2216,2243,2293,2321,2369,2540,4898,4901,4904,5964,5966,5969,5976,5979,6016,6186,6190",0xd38b22794b308a2e55808a13d1e6a80c4be94fd5,62514232,2026-08-07T00:16:08Z
0x127d84e4a082f30c75bcb1fb63043ac43c7649aa,30,"504,775,794,1354,1531,1555,1728,1809,2311,3474,3712,5115,5210,5483,5928,6394,7134,7157,7346,7421,7606,7813,8214,8412,8770,9128,9191,9433,9439,9794",0xd38b22794b308a2e55808a13d1e6a80c4be94fd5,62514232,2026-08-07T00:16:08Z
0xa649a7b78071da654e677cd4bb7a55949911a483,29,"660,1054,1485,1596,1742,2026,2060,2094,2141,2161,2759,3834,4043,4050,5274,5575,5761,5939,6247,6389,7451,7498,7604,8358,8364,8700,9063,9064,9764",0xd38b22794b308a2e55808a13d1e6a80c4be94fd5,62514232,2026-08-07T00:16:08Z
0x6fa7ac8b3870e78ac694af711d795f72dffd17d1,29,"6911,6912,6914,6915,6917,6922,6930,6932,6933,6935,6936,6937,6939,6941,6942,6943,6945,6946,6955,6956,6959,6960,6961,6962,6964,6965,6966,6967,6969",0xd38b22794b308a2e55808a13d1e6a80c4be94fd5,62514232,2026-08-07T00:16:08Z
0xe1cd19d059ce0a47b285f85c29fccd59fbb69853,28,"1678,1679,1680,1682,1683,1684,1685,1686,1688,1689,1690,1691,1692,1693,1694,1695,1696,1697,1698,1699,1700,1701,1703,1704,3876,4844,5340,7723",0xd38b22794b308a2e55808a13d1e6a80c4be94fd5,62514232,2026-08-07T00:16:08Z
0x570e5a2d96d3ef9dd5c8c9ef3e4ddea6028fc2a1,28,"770,839,899,2255,2268,2299,2306,5127,5133,5151,5168,5169,5173,5174,5179,5180,5185,5197,5507,5513,5516,5521,5570,5589,6254,6780,9781,9983",0xd38b22794b308a2e55808a13d1e6a80c4be94fd5,62514232,2026-08-07T00:16:08Z
0x91931b8a2ca5d51b28c0c52e116240cd0a5bf796,27,"199,273,638,2013,2017,2437,2453,3476,4009,4097,4229,4340,4356,4903,5421,5422,5423,5985,6374,6526,7518,7523,7525,7526,7747,8068,9715",0xd38b22794b308a2e55808a13d1e6a80c4be94fd5,62514232,2026-08-07T00:16:08Z
0x92bc60bb712444aeacb635cdae28d741a6f51733,26,"357,358,560,926,1196,1566,4288,4726,5207,5269,5873,6405,7018,7048,7120,7170,7198,7340,7375,7410,7536,7558,7770,7994,8013,8485",0xd38b22794b308a2e55808a13d1e6a80c4be94fd5,62514232,2026-08-07T00:16:08Z
0x607e0f6055087f84b192b255b2272446432a4423,26,"61,653,895,1181,2256,2262,4264,4290,4325,4870,4986,5030,5040,5118,6004,6529,7503,7600,7698,7743,7974,7983,8275,8369,8372,9220",0xd38b22794b308a2e55808a13d1e6a80c4be94fd5,62514232,2026-08-07T00:16:08Z
0x58eac89157c1415233744b6e7a9842b4b18bf34b,26,"196,882,951,1552,1577,1670,2338,2724,3170,3426,4159,4874,5007,5158,5437,6031,6060,6418,7275,7417,7475,7565,7759,8218,9044,9129",0xd38b22794b308a2e55808a13d1e6a80c4be94fd5,62514232,2026-08-07T00:16:08Z
0x58723c434f4b3c192bee580cbbf61810c1def15e,26,"2226,3652,3734,3796,4912,6573,6577,6579,6581,6582,6583,6584,6585,6586,6588,6589,6591,7733,7734,7735,7737,7738,7739,7740,7742,8974",0xd38b22794b308a2e55808a13d1e6a80c4be94fd5,62514232,2026-08-07T00:16:08Z
0x52909543c4c7141cb8e0cf1de6bc4936037cf8c6,26,"1836,1860,1913,2103,2126,2168,3024,3328,3854,3917,4833,4838,5045,5107,5196,5986,6479,6688,7124,7598,8319,8386,8422,8830,8877,9219",0xd38b22794b308a2e55808a13d1e6a80c4be94fd5,62514232,2026-08-07T00:16:08Z
0xf3c9667f9f4409d3def1e496da270f16f4915881,25,"1056,1057,1058,1059,1060,1061,1062,1063,1064,1065,1066,1067,1068,1069,1070,1071,1072,1073,1074,1075,1076,1077,1078,1079,1080",0xd38b22794b308a2e55808a13d1e6a80c4be94fd5,62514232,2026-08-07T00:16:08Z
0xeec9ba721705831bcaa97a9aad50ebf11526dc10,25,"351,4158,4287,6742,6744,7203,7206,7344,7347,7348,7349,7350,7351,7580,7581,7582,7583,8284,8401,8403,8405,8406,8407,8408,9762",0xd38b22794b308a2e55808a13d1e6a80c4be94fd5,62514232,2026-08-07T00:16:08Z
0xe2b95487dfe419c70edeceeec1ee2e934fdda4a5,25,"2201,2282,2355,2371,2578,2665,2683,4991,5011,7701,7702,7704,7709,7710,7852,7912,7953,9572,9573,9574,9772,9861,9862,9863,9864",0xd38b22794b308a2e55808a13d1e6a80c4be94fd5,62514232,2026-08-07T00:16:08Z
0xbf3e72401784b3b743697850f5a5448ce040fbef,25,"371,779,1197,1656,1866,1923,1955,3346,4055,4409,4716,5324,6388,6428,6800,7687,7779,7996,8339,8698,8753,8754,8757,8763,8764",0xd38b22794b308a2e55808a13d1e6a80c4be94fd5,62514232,2026-08-07T00:16:08Z
0x0ff88caeaf056d4d9a9d809c5d579203d3f36dd0,25,"1800,1802,2110,2179,2407,3089,3095,3622,4122,4231,4309,5429,7827,8288,8326,8328,8329,8330,8429,8430,8432,9161,9199,9459,9979",0xd38b22794b308a2e55808a13d1e6a80c4be94fd5,62514232,2026-08-07T00:16:08Z
0xd51d4d7b2272d22088c3d0ebf8eb8e3156ce01fd,24,"112,611,670,677,1257,1287,1334,2019,2430,3061,3063,3174,3293,4339,5560,5567,5726,5729,6410,6889,7607,7972,8657,9434",0xd38b22794b308a2e55808a13d1e6a80c4be94fd5,62514232,2026-08-07T00:16:08Z
0x8844a6ed10e703c667c5bbed38715dbcd858f1e7,24,"34,36,39,44,46,51,944,8723,8724,8726,8727,8729,8731,8732,8734,8735,8736,8738,8742,8743,8745,8748,8749,8750",0xd38b22794b308a2e55808a13d1e6a80c4be94fd5,62514232,2026-08-07T00:16:08Z
0xfe62606a7f1c1e0e6c4eb40a5081a44587509b2f,23,"1396,1464,1542,1545,1562,1572,2285,2289,3436,3471,3698,3828,4281,4361,4955,5237,6248,7020,7761,7807,7963,8963,9894",0xd38b22794b308a2e55808a13d1e6a80c4be94fd5,62514232,2026-08-07T00:16:08Z
0xeebb90ce4f69a1d366f4d5ea7f55c68ae550bec2,23,"6745,6746,6747,6748,6750,6754,6756,6759,6761,6762,6764,6767,7175,7176,7178,7505,7506,7507,7508,8289,8290,8291,8292",0xd38b22794b308a2e55808a13d1e6a80c4be94fd5,62514232,2026-08-07T00:16:08Z
0xdf223a269ce2a5b6845a0ef4a92ecc4fdae69dd5,23,"1304,1329,1710,1719,2700,3410,3589,3627,3722,4289,4518,5230,5306,5753,5929,6098,6703,6976,7368,8376,8772,8912,9494",0xd38b22794b308a2e55808a13d1e6a80c4be94fd5,62514232,2026-08-07T00:16:08Z
0x5078110476cd2aa096160f2d988ae80aeafb5ae4,23,"318,633,1303,1313,1629,1677,3012,3636,3693,3706,3829,3932,4168,4174,4250,4460,6365,8703,9065,9069,9071,9225,9569",0xd38b22794b308a2e55808a13d1e6a80c4be94fd5,62514232,2026-08-07T00:16:08Z
0x4d990f5aead21e468296b0a1af5f128366b1555c,23,"3,4,5,6,7,9,10,11,12,19,21,22,644,1089,1335,2834,3394,3892,6776,7459,8004,8076,8212",0xd38b22794b308a2e55808a13d1e6a80c4be94fd5,62514232,2026-08-07T00:16:08Z
0x49509f6c1dcc3d518175e517812d2789ea20f8cc,23,"383,838,2005,3105,3397,3762,3763,3905,4272,5904,5991,6006,6011,6751,6757,6760,7664,7968,8399,9745,9761,9941,9943",0xd38b22794b308a2e55808a13d1e6a80c4be94fd5,62514232,2026-08-07T00:16:08Z
0xd532595edce8ce585e95b6b03122d2f196903c4d,22,"37,949,4944,5896,6108,6909,7713,7714,7715,7716,7717,7719,7721,7724,7725,7727,7729,7730,7732,7821,7928,9315",0xd38b22794b308a2e55808a13d1e6a80c4be94fd5,62514232,2026-08-07T00:16:08Z
0xb3c6752cf000980494e7c8fa8f598f418f527d03,22,"8470,8475,8478,8479,8480,8481,8482,8483,8484,8487,8497,8499,8500,8501,8502,8504,8505,8507,8508,8509,8510,8511",0xd38b22794b308a2e55808a13d1e6a80c4be94fd5,62514232,2026-08-07T00:16:08Z
0xdf0e78e8d18db35006fb5d624e52213975354c35,21,"643,661,940,1175,1182,1323,3508,3586,3593,4875,5578,5596,6951,7137,7470,7608,7712,8522,8730,9430,9442",0xd38b22794b308a2e55808a13d1e6a80c4be94fd5,62514232,2026-08-07T00:16:08Z
0xc6981fbf01beb22451d039b0f5961f7aa0400d2e,21,"634,1158,1673,1707,3016,3282,3703,3791,3958,4235,4249,4928,4941,4996,5818,6327,8513,8718,9840,9852,9993",0xd38b22794b308a2e55808a13d1e6a80c4be94fd5,62514232,2026-08-07T00:16:08Z
0xfcab301730215ea17d82bfc0e4b2a269de226a14,20,"1038,1324,1332,1398,1471,3605,3610,3680,3683,3729,4960,5342,6043,6150,6380,6690,7288,8503,9035,9156",0xd38b22794b308a2e55808a13d1e6a80c4be94fd5,62514232,2026-08-07T00:16:08Z
0xce4d177804b74c912850ee3356b0cbfd89c33caf,20,"52,53,54,55,56,8078,8079,8080,8081,9804,9805,9806,9807,9808,9809,9810,9811,9812,9813,9814",0xd38b22794b308a2e55808a13d1e6a80c4be94fd5,62514232,2026-08-07T00:16:08Z
0xc1605ae62effe6b72e89a8453d1ca0ca265af9cc,20,"186,1537,1966,3383,3664,4205,6536,6564,7358,7672,8560,8588,8792,8902,8905,9297,9313,9341,9424,9730",0xd38b22794b308a2e55808a13d1e6a80c4be94fd5,62514232,2026-08-07T00:16:08Z
0xb1bb6ffb3dc3c099c55f23697a653851e44f5c4e,20,"772,1603,1927,3466,4312,4315,4406,4419,4421,5654,5676,5920,6086,6670,6739,6740,7370,7621,8542,9774",0xd38b22794b308a2e55808a13d1e6a80c4be94fd5,62514232,2026-08-07T00:16:08Z
0x8d22379e38543486f161135850e88a9052391606,20,"752,1544,1567,1585,1961,2552,2826,3278,3521,3621,3688,3691,3880,5457,6735,7199,8086,8441,8473,9179",0xd38b22794b308a2e55808a13d1e6a80c4be94fd5,62514232,2026-08-07T00:16:08Z
0x862ae7e7ca3e0c0019f3945061632ff2fc4b4702,20,"974,3790,3871,3873,3980,3987,3988,3989,3993,4063,4064,4126,4772,4789,4793,4800,4814,7651,7750,9324",0xd38b22794b308a2e55808a13d1e6a80c4be94fd5,62514232,2026-08-07T00:16:08Z
0x822bac563288e76ab0ec2ea05281eba9519d8690,20,"13,377,1539,1600,3286,3416,3741,3809,4274,4473,4988,5122,5641,5916,5923,6330,6675,6980,7865,8539",0xd38b22794b308a2e55808a13d1e6a80c4be94fd5,62514232,2026-08-07T00:16:08Z
0x81add5655166505020d4fc84a012950f7d912e97,20,"5286,5287,5288,5389,5391,5392,5393,5394,5395,5397,5398,5399,5400,5401,5403,5404,5405,5406,5408,5409",0xd38b22794b308a2e55808a13d1e6a80c4be94fd5,62514232,2026-08-07T00:16:08Z
0x7b5d081e6a03bcbbd68234bc90094e92773b9d6f,20,"8767,8780,8824,8831,8837,8845,8868,8878,8879,8892,8894,8897,8903,9233,9275,9310,9314,9411,9415,9741",0xd38b22794b308a2e55808a13d1e6a80c4be94fd5,62514232,2026-08-07T00:16:08Z
0x7184ef11ee9a16e981c44584c43f135b86c0dcfe,20,"815,1260,1282,1557,1641,4150,4295,4383,4921,5032,5875,5882,6001,6053,8087,8435,8442,8680,9369,9463",0xd38b22794b308a2e55808a13d1e6a80c4be94fd5,62514232,2026-08-07T00:16:08Z
0x5ad5a27bacfe7c07ae8278678da49e2e69b304a9,20,"3677,7629,7630,7631,7632,7633,7634,7635,7636,7637,7638,7639,7640,7641,7642,7644,7645,7646,7647,7648",0xd38b22794b308a2e55808a13d1e6a80c4be94fd5,62514232,2026-08-07T00:16:08Z
0xf1a1b7e11e636f19aca2a9745ee36ee075027d48,19,"883,3411,3670,4328,4380,5322,6785,6996,7009,7118,7172,7302,7307,7480,7499,7655,9210,9368,9515",0xd38b22794b308a2e55808a13d1e6a80c4be94fd5,62514232,2026-08-07T00:16:08Z
0x7403c348dbb783b082149228a79a0d3a6499d282,19,"580,616,786,795,2812,2854,2862,2930,2935,2936,2945,2947,3132,3135,3136,3140,3580,3861,4504",0xd38b22794b308a2e55808a13d1e6a80c4be94fd5,62514232,2026-08-07T00:16:08Z
0x16d20fcca26b5258acf4e635a2c96ab56b88eec7,19,"354,1791,1885,1892,1951,1953,2034,2171,3090,3786,4526,4818,5028,6565,8287,8884,8925,9311,9994",0xd38b22794b308a2e55808a13d1e6a80c4be94fd5,62514232,2026-08-07T00:16:08Z
0xe0f4490938d2ed194cb330b4a3781f69bf733541,18,"781,1350,1605,2844,3925,3968,4510,5039,6392,6481,6505,6644,7004,7474,8311,9495,9503,9523",0xd38b22794b308a2e55808a13d1e6a80c4be94fd5,62514232,2026-08-07T00:16:08Z
0xb72362b75e3f2cf3b78bee9430abc863f47363a8,18,"353,1507,1528,1788,1857,1952,2920,2932,3367,3731,4248,4470,4749,5073,5308,8224,8652,9752",0xd38b22794b308a2e55808a13d1e6a80c4be94fd5,62514232,2026-08-07T00:16:08Z
0xaa5064d072d5fee5e67c7b063f8545f51a1f7610,18,"5383,6185,6886,6924,7190,7192,7196,7341,7342,8092,8495,8696,8880,8920,9146,9251,9340,9717",0xd38b22794b308a2e55808a13d1e6a80c4be94fd5,62514232,2026-08-07T00:16:08Z
0x8f894b2385315745a813fd42fd2b59ce7fd5698a,18,"174,1861,2030,2793,2805,3901,4977,5204,5757,6789,7032,7200,7418,7593,8907,9279,9792,9796",0xd38b22794b308a2e55808a13d1e6a80c4be94fd5,62514232,2026-08-07T00:16:08Z
0x86767a8cee9b201b1edcfefdd9724d5861ffae40,18,"1497,3464,3711,3823,5446,5795,8300,9166,9169,9171,9175,9180,9183,9427,9436,9441,9770,9946",0xd38b22794b308a2e55808a13d1e6a80c4be94fd5,62514232,2026-08-07T00:16:08Z
0xd699602805bc34c540fdbca61639ec44b4da5ab1,17,"15,1025,1123,1330,1474,1620,1706,1732,2313,2467,2833,3625,4808,7893,8359,9196,9458",0xd38b22794b308a2e55808a13d1e6a80c4be94fd5,62514232,2026-08-07T00:16:08Z
0x77ae6ae1e19f8693b81ee75517ef45f9aa4a5939,17,"954,978,1246,1289,1502,1583,5983,6350,6353,6469,7777,8367,8517,9461,9975,9978,9981",0xd38b22794b308a2e55808a13d1e6a80c4be94fd5,62514232,2026-08-07T00:16:08Z
0xf30e768b9619c1d2cc05110e440e7f19b204f37e,16,"632,2072,2182,3250,3332,3852,3978,4048,4765,4825,4827,7024,7589,8690,8848,8917",0xd38b22794b308a2e55808a13d1e6a80c4be94fd5,62514232,2026-08-07T00:16:08Z
0xac5e1ca90335a461da49b6a9310c784eae8677ef,16,"238,263,329,399,403,413,438,456,462,605,607,671,675,697,700,710",0xd38b22794b308a2e55808a13d1e6a80c4be94fd5,62514232,2026-08-07T00:16:08Z
0x4b43041e418b16bb7dcf94a09f721cc73574fc04,16,"575,3480,5849,6391,6449,6456,6504,6796,6952,6954,7202,7785,7829,8295,8308,9708",0xd38b22794b308a2e55808a13d1e6a80c4be94fd5,62514232,2026-08-07T00:16:08Z
0x40640b6df1a05a5c237e507e3cc791104b4c3422,16,"628,1394,1568,1705,3640,3817,4308,5222,5463,6189,6734,6833,8083,9285,9331,9733",0xd38b22794b308a2e55808a13d1e6a80c4be94fd5,62514232,2026-08-07T00:16:08Z
0x20df12bfcd84802f02100ebb17c5f504fbdc4828,16,"765,918,920,1666,2053,5754,6334,6364,6821,6896,7467,7867,7868,7869,9347,9767",0xd38b22794b308a2e55808a13d1e6a80c4be94fd5,62514232,2026-08-07T00:16:08Z
0x16303b0e18997975793b531069aed866b4a9920e,16,"366,1309,1672,2473,4167,5767,8318,8702,8719,8958,9068,9130,9131,9132,9227,9229",0xd38b22794b308a2e55808a13d1e6a80c4be94fd5,62514232,2026-08-07T00:16:08Z
0xe20f75642b97c11af651a81afcbbc6d7b4e32981,15,"3182,5901,5903,8859,9059,9061,9757,9759,9803,9865,9867,9868,9874,9875,9877",0xd38b22794b308a2e55808a13d1e6a80c4be94fd5,62514232,2026-08-07T00:16:08Z
0xd9d836ebc67abeec65b29e586f89816dab991f69,15,"264,728,885,5036,5046,5988,5989,6537,6802,6806,7509,8306,8404,8669,8962",0xd38b22794b308a2e55808a13d1e6a80c4be94fd5,62514232,2026-08-07T00:16:08Z
0xc4639f39ebe54de9c8558fbee5ab953bd937f88e,15,"1762,2104,2925,3168,3251,3723,4805,4947,5932,6547,7207,8802,8838,9370,9907",0xd38b22794b308a2e55808a13d1e6a80c4be94fd5,62514232,2026-08-07T00:16:08Z
0xac9f48825c51f16125d03583376fb170e94e0a79,15,"631,778,789,1535,2270,2296,2927,3124,3277,3642,3815,4740,5883,7909,8717",0xd38b22794b308a2e55808a13d1e6a80c4be94fd5,62514232,2026-08-07T00:16:08Z
0x73a7d216db8d609223a66b877c3ff2dcdf45f014,15,"1126,2747,3045,4733,5314,5869,6545,6569,6683,6684,6685,7069,7611,8031,9467",0xd38b22794b308a2e55808a13d1e6a80c4be94fd5,62514232,2026-08-07T00:16:08Z
0x05314d2b0dc76c29aad83a7b2ee9539a82a9eba7,15,"2794,2796,2797,2798,2799,3245,3246,3249,3322,3323,3326,3327,3329,3333,7076",0xd38b22794b308a2e55808a13d1e6a80c4be94fd5,62514232,2026-08-07T00:16:08Z
0xbc91a0f9ae5862b4296ed8d72b076563a86dc278,14,"229,734,1982,3695,3857,3885,4872,8828,8860,8909,9393,9763,9820,9893",0xd38b22794b308a2e55808a13d1e6a80c4be94fd5,62514232,2026-08-07T00:16:08Z
0x71f6fbf51e3ebc2ad631c6c2e4440cba9dd46fae,14,"114,1168,1169,1255,1430,1432,1503,3377,3477,3836,4296,5029,6423,8016",0xd38b22794b308a2e55808a13d1e6a80c4be94fd5,62514232,2026-08-07T00:16:08Z
0x3baa552264fc3dd28e2ecf34898ee43b5db0ec61,14,"7566,7567,7571,7575,7576,7577,7578,7579,8209,8213,8215,8216,8220,8221",0xd38b22794b308a2e55808a13d1e6a80c4be94fd5,62514232,2026-08-07T00:16:08Z
0xfa43636a2aea7135aac5a382dc8a874003bfc09b,13,"577,622,662,1026,1223,1488,3799,3957,4131,4226,5070,5580,9170",0xd38b22794b308a2e55808a13d1e6a80c4be94fd5,62514232,2026-08-07T00:16:08Z
0xe3f60d597d16daa62309f74fee456ec16dc9d412,13,"9544,9545,9546,9547,9548,9549,9550,9551,9552,9553,9554,9555,9556",0xd38b22794b308a2e55808a13d1e6a80c4be94fd5,62514232,2026-08-07T00:16:08Z
0xd6b2bf27262b2aad942831e0da8a8776d69ab21c,13,"751,3020,3092,3173,3408,4945,4966,5037,5060,7484,7901,7957,9710",0xd38b22794b308a2e55808a13d1e6a80c4be94fd5,62514232,2026-08-07T00:16:08Z
0xd3a76a405c27130baf6c8df7552914f101c06d98,13,"849,2332,2333,4103,4368,4970,5078,5742,6000,6414,7195,7276,7945",0xd38b22794b308a2e55808a13d1e6a80c4be94fd5,62514232,2026-08-07T00:16:08Z
0xb45d7c08ab270bfae45a13b9a1a2a9b422608f47,13,"3596,5066,6848,6873,7068,7167,7355,7371,7547,7763,7769,8682,9052",0xd38b22794b308a2e55808a13d1e6a80c4be94fd5,62514232,2026-08-07T00:16:08Z
0xa3a570251668f82e1a3efe1a1c2e234337fb63df,13,"415,449,459,476,477,529,534,546,547,565,686,693,694",0xd38b22794b308a2e55808a13d1e6a80c4be94fd5,62514232,2026-08-07T00:16:08Z
0x9257c70f885524872ed699d1d87852fecd51fb54,13,"104,1383,1624,1650,2510,4245,5861,6527,7320,7338,8460,8464,9176",0xd38b22794b308a2e55808a13d1e6a80c4be94fd5,62514232,2026-08-07T00:16:08Z
0x122ea66fc97e02e7d6e2e861a3b63d2d89b9480f,13,"1308,2482,3176,3179,3894,3965,4046,4127,4135,7561,7623,7894,8541",0xd38b22794b308a2e55808a13d1e6a80c4be94fd5,62514232,2026-08-07T00:16:08Z
0x09e0178f584954b9366138c00e1870a59d7cc3e6,13,"50,769,956,1716,1752,2101,2694,2921,4327,5876,7189,7273,7557",0xd38b22794b308a2e55808a13d1e6a80c4be94fd5,62514232,2026-08-07T00:16:08Z
0x065c84641ee62d032ea5f20c49d59817c87a2747,13,"3043,3044,3047,3048,3049,3051,3052,3054,3056,3057,3058,3059,3060",0xd38b22794b308a2e55808a13d1e6a80c4be94fd5,62514232,2026-08-07T00:16:08Z
0xe62d76bc8a572ee7ea32abad697a15f6c8b9ed47,12,"934,1363,3015,3034,3157,3583,3630,3818,3954,4305,4469,6326",0xd38b22794b308a2e55808a13d1e6a80c4be94fd5,62514232,2026-08-07T00:16:08Z
0xa034f448761c5422ff8cbc2978d6bb2f26698ede,12,"862,1106,1385,2929,4057,6426,6926,7164,7364,8775,8826,9851",0xd38b22794b308a2e55808a13d1e6a80c4be94fd5,62514232,2026-08-07T00:16:08Z
0x85cfd396261a59892df9425ca5888bb05a78e741,12,"1107,5321,5323,5462,6398,6402,6475,6508,6790,8028,8342,8674",0xd38b22794b308a2e55808a13d1e6a80c4be94fd5,62514232,2026-08-07T00:16:08Z
0x6249a9c03b148acd773d806a50e1aa983e34be0f,12,"4728,5880,6243,6531,6808,6824,6842,6931,7539,8687,8889,8893",0xd38b22794b308a2e55808a13d1e6a80c4be94fd5,62514232,2026-08-07T00:16:08Z
0x5d94a7b776177aa500970cdd5b13c6c05478b8bc,12,"78,1793,2146,2196,4238,6451,9883,9885,9886,9887,9889,9890",0xd38b22794b308a2e55808a13d1e6a80c4be94fd5,62514232,2026-08-07T00:16:08Z
0x56a63f96bebecec070333dd21974250e5251e9a7,12,"3494,3906,3934,4015,4104,5336,5995,6360,7626,7876,8274,8649",0xd38b22794b308a2e55808a13d1e6a80c4be94fd5,62514232,2026-08-07T00:16:08Z
0x060f6529e7da2d0d95bd5626b0084069659fad07,12,"3082,6076,6390,6397,6448,7129,7186,7345,7374,7617,9045,9900",0xd38b22794b308a2e55808a13d1e6a80c4be94fd5,62514232,2026-08-07T00:16:08Z
0xfc2e467b2516d2c3d70083624640c8ee4fc4d9d2,11,"652,3093,4990,5085,7964,8648,8651,8656,9524,9760,9857",0xd38b22794b308a2e55808a13d1e6a80c4be94fd5,62514232,2026-08-07T00:16:08Z
0xc895935f13a87621ea97342f1e69bb43da36fe1e,11,"1204,1208,1228,1240,1280,1291,1360,3825,6530,6701,8390",0xd38b22794b308a2e55808a13d1e6a80c4be94fd5,62514232,2026-08-07T00:16:08Z
0xa1b7e77741c1b7f45a61895faffb3243b27fb1df,11,"65,372,1597,3473,3881,5016,7181,8713,9437,9746,9913",0xd38b22794b308a2e55808a13d1e6a80c4be94fd5,62514232,2026-08-07T00:16:08Z
0x84e4e8e4a2d7302ea0cebd636c75d705a94df3c1,11,"1789,1825,1837,1922,2055,2120,4212,4423,4824,5132,9221",0xd38b22794b308a2e55808a13d1e6a80c4be94fd5,62514232,2026-08-07T00:16:08Z
0x6acd98b7f9d818699aceb70f5e87fe148ccbb988,11,"618,2651,3127,4224,4958,5236,5273,5316,6251,6435,7656",0xd38b22794b308a2e55808a13d1e6a80c4be94fd5,62514232,2026-08-07T00:16:08Z
0x4de5e859c1004f8e6ac00b2decb4b5124ee86afd,11,"931,1461,1806,2164,2417,3757,4102,4187,7056,7585,8697",0xd38b22794b308a2e55808a13d1e6a80c4be94fd5,62514232,2026-08-07T00:16:08Z
0x37b3fae959f171767e34e33eaf7ee6e7be2842c3,11,"1200,1252,1499,3707,4234,4349,4914,4969,5006,5020,5047",0xd38b22794b308a2e55808a13d1e6a80c4be94fd5,62514232,2026-08-07T00:16:08Z
0x0219ab3584db4b71fc90a8f861b86f2a384a7ec0,11,"3890,3909,3916,4306,4326,4337,5636,6797,6822,7520,8277",0xd38b22794b308a2e55808a13d1e6a80c4be94fd5,62514232,2026-08-07T00:16:08Z
0xfd5b061127be14ded27d8a8f380fd760321326e8,10,"8956,8957,8965,8966,8967,8968,8969,8970,8971,8972",0xd38b22794b308a2e55808a13d1e6a80c4be94fd5,62514232,2026-08-07T00:16:08Z
0xf954fda89c9c298090563bb2aaf1a8893ac52edf,10,"1097,1173,1244,1254,1283,1286,5027,5050,5924,6781",0xd38b22794b308a2e55808a13d1e6a80c4be94fd5,62514232,2026-08-07T00:16:08Z
0xee93faebf9136c3ba1b2da6ff9ab086cd1d5877c,10,"5349,5350,5351,5352,5353,5354,5355,5356,5357,5358",0xd38b22794b308a2e55808a13d1e6a80c4be94fd5,62514232,2026-08-07T00:16:08Z
0xeb94c4620f9e393bd31543f4fd18dd8f9406f5be,10,"1217,1989,2064,2105,2172,3317,6110,7599,7938,8518",0xd38b22794b308a2e55808a13d1e6a80c4be94fd5,62514232,2026-08-07T00:16:08Z
0xde35201f6bfa6b9923ba5dc2509234c0df7e9f33,10,"8946,8947,8948,8949,8950,8951,8952,8953,8954,8955",0xd38b22794b308a2e55808a13d1e6a80c4be94fd5,62514232,2026-08-07T00:16:08Z
0xd6c9165b33d6bdb623540c9fbdfdab33ed219502,10,"31,738,774,1601,2230,3294,6313,6913,7809,7862",0xd38b22794b308a2e55808a13d1e6a80c4be94fd5,62514232,2026-08-07T00:16:08Z
0xaf42ce4955d0ff465e6d4f5e27130de0eb5f5f87,10,"8659,8660,8662,8663,8664,8665,8666,8667,8668,9327",0xd38b22794b308a2e55808a13d1e6a80c4be94fd5,62514232,2026-08-07T00:16:08Z
0xa8f53d0ab7fb901e490a40be5a089275fea96cdd,10,"1155,1156,3456,4471,4732,6051,6156,6571,7596,8673",0xd38b22794b308a2e55808a13d1e6a80c4be94fd5,62514232,2026-08-07T00:16:08Z
0x989693df2da055fe2c1fc87c77eceacbaabd4adf,10,"5837,5838,5839,5840,5841,5842,5843,5844,5845,5846",0xd38b22794b308a2e55808a13d1e6a80c4be94fd5,62514232,2026-08-07T00:16:08Z
0x95f9b35a6340ab732d786edd35740f12be85645e,10,"217,850,930,1216,3340,6021,6069,6089,6179,7188",0xd38b22794b308a2e55808a13d1e6a80c4be94fd5,62514232,2026-08-07T00:16:08Z
0x43949405198b10a385959b3f53749f9267b3e3e6,10,"1005,1203,1225,1231,1232,1234,1236,1273,1278,5443",0xd38b22794b308a2e55808a13d1e6a80c4be94fd5,62514232,2026-08-07T00:16:08Z
0x40995f1c5653b56e0247a5acfb95205e9478d3c6,10,"1381,6059,6175,6266,6317,8839,8840,8857,9066,9139",0xd38b22794b308a2e55808a13d1e6a80c4be94fd5,62514232,2026-08-07T00:16:08Z
0x39f4b3670652d1fd528919986640b1c3f60167cf,10,"1536,1855,4467,4739,4913,5054,5075,7174,7773,9837",0xd38b22794b308a2e55808a13d1e6a80c4be94fd5,62514232,2026-08-07T00:16:08Z
0x2df4149c9fb5b0a569159276d19a5569fb7cfc0c,10,"2184,3314,5853,6436,6445,6538,6542,6948,8431,9780",0xd38b22794b308a2e55808a13d1e6a80c4be94fd5,62514232,2026-08-07T00:16:08Z
0x014d8719aa9c5244a7ea50feedf033afe5cbd1df,10,"9695,9696,9697,9699,9747,9748,9749,9750,9751,9768",0xd38b22794b308a2e55808a13d1e6a80c4be94fd5,62514232,2026-08-07T00:16:08Z
0xa882b324edc95dbf15ab1368bdab1b4a72e349b9,9,"9504,9505,9506,9507,9508,9509,9511,9512,9513",0xd38b22794b308a2e55808a13d1e6a80c4be94fd5,62514232,2026-08-07T00:16:08Z
0x95796cc67cf1a8846e1981d12ac129c243da9853,9,"170,919,3398,4871,5304,6472,6580,7478,7908",0xd38b22794b308a2e55808a13d1e6a80c4be94fd5,62514232,2026-08-07T00:16:08Z
0x8aea99820833c32bb23479df86e8712e455dc338,9,"193,797,977,1406,2029,3240,6467,8333,9734",0xd38b22794b308a2e55808a13d1e6a80c4be94fd5,62514232,2026-08-07T00:16:08Z
0x840a276727a13ae158da999012d60f3b51523d55,9,"1202,1206,1209,1211,1219,1237,1239,1270,7308",0xd38b22794b308a2e55808a13d1e6a80c4be94fd5,62514232,2026-08-07T00:16:08Z
0x7a3446b8cc15448f1d6d861d8c56bbb5a9d86434,9,"1362,1720,6471,6777,6792,8303,8720,8741,9203",0xd38b22794b308a2e55808a13d1e6a80c4be94fd5,62514232,2026-08-07T00:16:08Z
0x6af92b8573e9bf8fcba222a38cb97802974fede4,9,"375,623,4013,4099,5203,5338,7591,8371,9860",0xd38b22794b308a2e55808a13d1e6a80c4be94fd5,62514232,2026-08-07T00:16:08Z
0x147ef3a8a05ef25ff4d8d605b43e9322c3d43a7a,9,"739,785,1131,2346,5128,5305,5863,7166,8433",0xd38b22794b308a2e55808a13d1e6a80c4be94fd5,62514232,2026-08-07T00:16:08Z
0x00e7de2ff77b46e70f9c9bece7fdb0e6d3547510,9,"35,178,2010,3269,3498,4957,5974,8392,8544",0xd38b22794b308a2e55808a13d1e6a80c4be94fd5,62514232,2026-08-07T00:16:08Z
0xf491858eb93248d20f3bc23e93bd033c043ae52b,8,"841,3904,5642,6687,7625,7754,9374,9888",0xd38b22794b308a2e55808a13d1e6a80c4be94fd5,62514232,2026-08-07T00:16:08Z
0xcc0a3bc2edd7aa49ee5b9bea619e9e80b337b52a,8,"773,1245,1613,3624,6015,6730,8015,8396",0xd38b22794b308a2e55808a13d1e6a80c4be94fd5,62514232,2026-08-07T00:16:08Z
0xc99586f31162e1118fd1d9a5efb4bf206bcbee92,8,"507,1794,3615,3801,6019,6779,8425,8774",0xd38b22794b308a2e55808a13d1e6a80c4be94fd5,62514232,2026-08-07T00:16:08Z
0xc7599a8471e7621175b021bce73cf3051237ed9b,8,"1108,2564,6458,7133,7555,8023,8302,9991",0xd38b22794b308a2e55808a13d1e6a80c4be94fd5,62514232,2026-08-07T00:16:08Z
0xade2f05f53c22a1fdb0b399398a2f1f7a773f59f,8,"1949,3142,4277,4572,6023,6850,7679,9217",0xd38b22794b308a2e55808a13d1e6a80c4be94fd5,62514232,2026-08-07T00:16:08Z
0xa5eefb7a5b6ef45e8b18c978d443ccafd38b6196,8,"532,4310,4401,5858,6341,6378,6672,6700",0xd38b22794b308a2e55808a13d1e6a80c4be94fd5,62514232,2026-08-07T00:16:08Z
0x93f5af632ce523286e033f0510e9b3c9710f4489,8,"4463,5138,5140,5145,5182,5186,5188,8007",0xd38b22794b308a2e55808a13d1e6a80c4be94fd5,62514232,2026-08-07T00:16:08Z
0x8940866a6d3ceb7225853133a86a45692a2f42c5,8,"49,736,3821,6217,6369,6918,6921,9499",0xd38b22794b308a2e55808a13d1e6a80c4be94fd5,62514232,2026-08-07T00:16:08Z
0x7eb9d364707cdf49e3d0917104c10faa26a6fa90,8,"8779,8784,8788,8881,9421,9724,9725,9726",0xd38b22794b308a2e55808a13d1e6a80c4be94fd5,62514232,2026-08-07T00:16:08Z
0x368a923dcb3550513710563fc80bb45a6cdbff2e,8,"1467,1560,3371,4161,7878,8681,9213,9828",0xd38b22794b308a2e55808a13d1e6a80c4be94fd5,62514232,2026-08-07T00:16:08Z
0x34400ecc4a5a69891a617a073e2935189f771958,8,"38,3749,3969,4917,5034,5333,9384,9827",0xd38b22794b308a2e55808a13d1e6a80c4be94fd5,62514232,2026-08-07T00:16:08Z
0x2e285b7579c91f5db65bbbc59e330f872d041c54,8,"875,1023,1042,4729,7116,7290,8536,9113",0xd38b22794b308a2e55808a13d1e6a80c4be94fd5,62514232,2026-08-07T00:16:08Z
0x1e0e34698da926d8c8959789bc5f52c8cadcf852,8,"626,1508,2341,2853,7910,8314,8338,8709",0xd38b22794b308a2e55808a13d1e6a80c4be94fd5,62514232,2026-08-07T00:16:08Z
0x12285406d3360aed5e14089a1992ac0c4986531e,8,"248,1912,2386,4700,4795,4880,8930,9389",0xd38b22794b308a2e55808a13d1e6a80c4be94fd5,62514232,2026-08-07T00:16:08Z
0xfe36aacbcf5677a4a04288764c16acb4220894b9,7,"1090,1098,1900,1926,4128,6018,7786",0xd38b22794b308a2e55808a13d1e6a80c4be94fd5,62514232,2026-08-07T00:16:08Z
0xcd497374cc72c57c632917d365eef8f74dbef891,7,"3320,3402,4580,5067,6463,6905,6990",0xd38b22794b308a2e55808a13d1e6a80c4be94fd5,62514232,2026-08-07T00:16:08Z
0x90b8e5d12c7b166563853c378e6c78ed6e564b94,7,"1039,1644,3263,5079,6680,6681,7460",0xd38b22794b308a2e55808a13d1e6a80c4be94fd5,62514232,2026-08-07T00:16:08Z
0x8f9ec26e0f77980002e626df5631f9622b665ee1,7,"5653,5660,5661,5666,5671,7811,7866",0xd38b22794b308a2e55808a13d1e6a80c4be94fd5,62514232,2026-08-07T00:16:08Z
0x81b88d5f25dc28bb617b898f9c266d02528f79a1,7,"74,287,952,981,1964,5890,6603",0xd38b22794b308a2e55808a13d1e6a80c4be94fd5,62514232,2026-08-07T00:16:08Z
0x6fe3a5de69dc308deca6d772f8d01a813c086f0b,7,"9908,9909,9910,9911,9914,9915,9916",0xd38b22794b308a2e55808a13d1e6a80c4be94fd5,62514232,2026-08-07T00:16:08Z
0x5f667eaf848481766b0a8926793ebeb77da9bb87,7,"395,1529,1594,1842,3679,3681,9136",0xd38b22794b308a2e55808a13d1e6a80c4be94fd5,62514232,2026-08-07T00:16:08Z
0x58e857b6a51e09f1ed5b588ebf255d205563559e,7,"814,2728,5747,6940,7726,7728,9815",0xd38b22794b308a2e55808a13d1e6a80c4be94fd5,62514232,2026-08-07T00:16:08Z
0x555a531eb47ae858abf5a70490b1e2f6f88f9690,7,"330,4751,5137,5439,6010,7472,9133",0xd38b22794b308a2e55808a13d1e6a80c4be94fd5,62514232,2026-08-07T00:16:08Z
0x2f5a3592b968333280a64171a4608cd1f3088eea,7,"4894,5860,5868,5905,5972,6192,7986",0xd38b22794b308a2e55808a13d1e6a80c4be94fd5,62514232,2026-08-07T00:16:08Z
0x24d1349889f96886f9ac8dd75077e655e0f61c4a,7,"1125,2351,6462,6590,7812,8077,8459",0xd38b22794b308a2e55808a13d1e6a80c4be94fd5,62514232,2026-08-07T00:16:08Z
0xfd78ab40ca4a89418fe32817b03df3adc4aa9a7e,6,"348,448,1599,2048,3874,6667",0xd38b22794b308a2e55808a13d1e6a80c4be94fd5,62514232,2026-08-07T00:16:08Z
0xf985e0e1437299dc60cf6b0c4ec1f562ca4e66c7,6,"1195,3025,3039,3793,4302,9067",0xd38b22794b308a2e55808a13d1e6a80c4be94fd5,62514232,2026-08-07T00:16:08Z
0xe554515d743589c5e8479fd2040d86533f48a407,6,"8843,9230,9244,9250,9257,9319",0xd38b22794b308a2e55808a13d1e6a80c4be94fd5,62514232,2026-08-07T00:16:08Z
0xd7f0fcd5e2f5a0d4f59fd5a4cbdeba71c76469ff,6,"103,723,3629,4417,7886,9826",0xd38b22794b308a2e55808a13d1e6a80c4be94fd5,62514232,2026-08-07T00:16:08Z
0xc31fed7a56828f2a3eaa584d4187a60ce0b1c39f,6,"590,715,719,7411,7414,7415",0xd38b22794b308a2e55808a13d1e6a80c4be94fd5,62514232,2026-08-07T00:16:08Z
0xc2fea212cb7635602b4b7993afeaecc97a873d5e,6,"6385,6386,6387,6430,6431,6432",0xd38b22794b308a2e55808a13d1e6a80c4be94fd5,62514232,2026-08-07T00:16:08Z
0xbda2479bba61c5884be7908597b7a12b8961355c,6,"1036,2315,7889,8615,9172,9801",0xd38b22794b308a2e55808a13d1e6a80c4be94fd5,62514232,2026-08-07T00:16:08Z
0xb3397a6feedff2b9fce9ca1086cb1bdd617c16bf,6,"541,3748,4900,6409,7984,8448",0xd38b22794b308a2e55808a13d1e6a80c4be94fd5,62514232,2026-08-07T00:16:08Z
0xb088c4f183636393d112e104766c14f623710073,6,"5907,5908,5930,5935,5962,6184",0xd38b22794b308a2e55808a13d1e6a80c4be94fd5,62514232,2026-08-07T00:16:08Z
0xabe465c13ebd03911087bb32a32cc75499d8103c,6,"1469,1832,3626,4266,5963,6191",0xd38b22794b308a2e55808a13d1e6a80c4be94fd5,62514232,2026-08-07T00:16:08Z
0xa6ed98c6223d109df29c411946093d4a071aec69,6,"1338,1364,1367,1371,1389,4265",0xd38b22794b308a2e55808a13d1e6a80c4be94fd5,62514232,2026-08-07T00:16:08Z
0x9ca2f06c148b6ee694892b8a455400f75c2807a2,6,"1021,1653,3172,4891,9168,9431",0xd38b22794b308a2e55808a13d1e6a80c4be94fd5,62514232,2026-08-07T00:16:08Z
0x843e04907cd71624e55d61f9ac46dc34d76d9c25,6,"433,2145,4049,4373,4883,5847",0xd38b22794b308a2e55808a13d1e6a80c4be94fd5,62514232,2026-08-07T00:16:08Z
0x7e3c5dcbb4a586deca370f07bfe7e7efafd4127f,6,"1003,1004,1006,1007,1008,1010",0xd38b22794b308a2e55808a13d1e6a80c4be94fd5,62514232,2026-08-07T00:16:08Z
0x7c0201725005b22445fde4dce334abce520dd6be,6,"1372,5734,6532,7119,7130,7614",0xd38b22794b308a2e55808a13d1e6a80c4be94fd5,62514232,2026-08-07T00:16:08Z
0x721bd7ea7cc17ecf88503b1e7f54532246dd6348,6,"855,2933,5199,8833,8891,9412",0xd38b22794b308a2e55808a13d1e6a80c4be94fd5,62514232,2026-08-07T00:16:08Z
0x6c1cc019559b5682d627953d08a91c94a80df1a5,6,"2942,3122,6552,8006,8458,8469",0xd38b22794b308a2e55808a13d1e6a80c4be94fd5,62514232,2026-08-07T00:16:08Z
0x5397cc61acf0f237854dd975adcbae9b441f51e7,6,"8811,8865,8871,8896,8916,9246",0xd38b22794b308a2e55808a13d1e6a80c4be94fd5,62514232,2026-08-07T00:16:08Z
0x51f079e44d2cb8308c4aecf98e29fd85a394fd73,6,"7897,7899,8424,9787,9788,9790",0xd38b22794b308a2e55808a13d1e6a80c4be94fd5,62514232,2026-08-07T00:16:08Z
0x4ac9e87cb27c93bcb3abf852c11635806b5c15d9,6,"508,1049,1640,3485,3841,9496",0xd38b22794b308a2e55808a13d1e6a80c4be94fd5,62514232,2026-08-07T00:16:08Z
0x4524f120f9fab133516e6989b3b7fa1ed76c54bd,6,"2859,3486,5335,7353,8455,9300",0xd38b22794b308a2e55808a13d1e6a80c4be94fd5,62514232,2026-08-07T00:16:08Z
0x26a0f386140f84e3531d30926d6a053cadeb94f8,6,"1622,2827,3604,4140,8715,9518",0xd38b22794b308a2e55808a13d1e6a80c4be94fd5,62514232,2026-08-07T00:16:08Z
0x1f14b4c839fa46aee4d4b1f8dae69cb7c26ca53e,6,"381,3709,4867,7880,8395,9778",0xd38b22794b308a2e55808a13d1e6a80c4be94fd5,62514232,2026-08-07T00:16:08Z
0xfa75c34b764a686d068c8bc177fce8a564d0fb56,5,"7675,7691,7692,7693,7694",0xd38b22794b308a2e55808a13d1e6a80c4be94fd5,62514232,2026-08-07T00:16:08Z
0xf5264fa41ad3b420972e71d5a23b3fa5569498c7,5,"3368,4489,4647,6718,6719",0xd38b22794b308a2e55808a13d1e6a80c4be94fd5,62514232,2026-08-07T00:16:08Z
0xed95dbbc066fd0a28038145f58f2c5944a185a69,5,"742,2850,4341,5674,6009",0xd38b22794b308a2e55808a13d1e6a80c4be94fd5,62514232,2026-08-07T00:16:08Z
0xe77ce1eef054863f7f5002e682ee45c71a0973d8,5,"5119,6321,8388,9192,9712",0xd38b22794b308a2e55808a13d1e6a80c4be94fd5,62514232,2026-08-07T00:16:08Z
0xe46967cc888f04678f73a8a379fa53c55f43d737,5,"6349,6373,7458,8676,9466",0xd38b22794b308a2e55808a13d1e6a80c4be94fd5,62514232,2026-08-07T00:16:08Z
0xd049f619786e81b49698a2846f30e7d90ccb7954,5,"3755,7136,7745,7874,7881",0xd38b22794b308a2e55808a13d1e6a80c4be94fd5,62514232,2026-08-07T00:16:08Z
0xcef6e423bdda75216373091b57fa30684673267e,5,"94,96,99,100,101",0xd38b22794b308a2e55808a13d1e6a80c4be94fd5,62514232,2026-08-07T00:16:08Z
0xc7abf54923030935ad8a628b7c87516e31c09cac,5,"1586,2320,3106,4748,5984",0xd38b22794b308a2e55808a13d1e6a80c4be94fd5,62514232,2026-08-07T00:16:08Z
0xc6fbb98107602c9738245b3ea9f71d072626d47e,5,"187,2628,2919,4397,8565",0xd38b22794b308a2e55808a13d1e6a80c4be94fd5,62514232,2026-08-07T00:16:08Z
0xbe8cdc2165c0b885a0bc9d5826742937acefe1a1,5,"3351,5794,8822,8863,8870",0xd38b22794b308a2e55808a13d1e6a80c4be94fd5,62514232,2026-08-07T00:16:08Z
0xbd9145a7d3a90c8cd2231cc95ceef79741bf416c,5,"733,1084,1267,3673,4961",0xd38b22794b308a2e55808a13d1e6a80c4be94fd5,62514232,2026-08-07T00:16:08Z
0xabe45a4953c3c047bede81f8d808458d0c6aaaed,5,"1549,1578,2643,4320,6357",0xd38b22794b308a2e55808a13d1e6a80c4be94fd5,62514232,2026-08-07T00:16:08Z
0xaab1a09859ad3448e5fbe03f972c8772052ae45a,5,"1243,1292,2444,5113,8746",0xd38b22794b308a2e55808a13d1e6a80c4be94fd5,62514232,2026-08-07T00:16:08Z
0xa35ec8ed88eb09651a0b86f4d74b4087ec453c45,5,"48,999,5476,5668,9167",0xd38b22794b308a2e55808a13d1e6a80c4be94fd5,62514232,2026-08-07T00:16:08Z
0x90b56d0e27e74c3c5e66ebfcaf12dc5ecf0665dd,5,"5080,5091,6132,6689,7153",0xd38b22794b308a2e55808a13d1e6a80c4be94fd5,62514232,2026-08-07T00:16:08Z
0x77bf350a791cf3b166e0f38b41cec390d37d3f63,5,"1022,1388,4299,8281,8486",0xd38b22794b308a2e55808a13d1e6a80c4be94fd5,62514232,2026-08-07T00:16:08Z
0x720723842a049c8971624c1363b1e1ce312694ac,5,"1091,1163,6008,7736,7861",0xd38b22794b308a2e55808a13d1e6a80c4be94fd5,62514232,2026-08-07T00:16:08Z
0x6eb6e82461462036b603efda69c7169b5513f36c,5,"4317,6468,7169,8085,9053",0xd38b22794b308a2e55808a13d1e6a80c4be94fd5,62514232,2026-08-07T00:16:08Z
0x5fc7459f9262a3dcc5fc83ab89907c41b6f2dcd0,5,"6005,7778,8397,9872,9942",0xd38b22794b308a2e55808a13d1e6a80c4be94fd5,62514232,2026-08-07T00:16:08Z
0x592913aa79e1389a759ec77bc2ea67abdad9247c,5,"1127,4149,4280,7476,9817",0xd38b22794b308a2e55808a13d1e6a80c4be94fd5,62514232,2026-08-07T00:16:08Z
0x58cc0e329968363564af21cc9b55aeec35c23469,5,"1667,3830,3867,5994,9824",0xd38b22794b308a2e55808a13d1e6a80c4be94fd5,62514232,2026-08-07T00:16:08Z
0x51845ce5b8a1b2b33157980e73e0a26861865233,5,"878,2372,3077,8841,8933",0xd38b22794b308a2e55808a13d1e6a80c4be94fd5,62514232,2026-08-07T00:16:08Z
0x48bd049265de2ef6cc172ebb3f23dd617a2db42a,5,"5093,5095,5098,5099,5202",0xd38b22794b308a2e55808a13d1e6a80c4be94fd5,62514232,2026-08-07T00:16:08Z
0x373df19344d5845b3986f1413f07472e61632265,5,"740,1715,1828,2130,2852",0xd38b22794b308a2e55808a13d1e6a80c4be94fd5,62514232,2026-08-07T00:16:08Z
0x264e50a6c02ca0f021659f61e3505fc05e3d92bd,5,"2918,3032,7485,8416,9215",0xd38b22794b308a2e55808a13d1e6a80c4be94fd5,62514232,2026-08-07T00:16:08Z
0x1e0da60960e131f6a2eb972f5a5e0893d3b2e617,5,"6851,6852,6853,6854,7343",0xd38b22794b308a2e55808a13d1e6a80c4be94fd5,62514232,2026-08-07T00:16:08Z
0x127908f573b6a9a363c0365783f0410c55dd19e8,5,"1506,3940,3972,4139,9444",0xd38b22794b308a2e55808a13d1e6a80c4be94fd5,62514232,2026-08-07T00:16:08Z
0x0dc4d6b24294dfa21e798ee9ff7a76e03cc0d7d0,5,"2806,3160,4068,5874,9189",0xd38b22794b308a2e55808a13d1e6a80c4be94fd5,62514232,2026-08-07T00:16:08Z
0x02d9ea14cf47562a2f1d2d2d744e628a60a1e5f8,5,"1347,1636,4496,5634,7746",0xd38b22794b308a2e55808a13d1e6a80c4be94fd5,62514232,2026-08-07T00:16:08Z
0xfe155fbed8eebc74c29ce92a19e13c1acd9f47cb,4,"423,450,587,692",0xd38b22794b308a2e55808a13d1e6a80c4be94fd5,62514232,2026-08-07T00:16:08Z
0xf6f29b2706534198ace794aba2242c03cd760b4a,4,"1393,1494,4468,5330",0xd38b22794b308a2e55808a13d1e6a80c4be94fd5,62514232,2026-08-07T00:16:08Z
0xf5e25fa39d6ffc6ec11a2f241f1b2734ee548cb1,4,"1094,4413,4998,5108",0xd38b22794b308a2e55808a13d1e6a80c4be94fd5,62514232,2026-08-07T00:16:08Z
0xe99c2323953a25fce68c522a613f254d485c537d,4,"1384,7652,7705,7707",0xd38b22794b308a2e55808a13d1e6a80c4be94fd5,62514232,2026-08-07T00:16:08Z
0xde51799a290b6cf6d9093fa8bea22fa93bb19654,4,"9949,9950,9951,9952",0xd38b22794b308a2e55808a13d1e6a80c4be94fd5,62514232,2026-08-07T00:16:08Z
0xddafa2697edac07b408c7138bfe6b783c29a2419,4,"8801,8803,9255,9335",0xd38b22794b308a2e55808a13d1e6a80c4be94fd5,62514232,2026-08-07T00:16:08Z
0xd30eb900e19be32eb03b465cc7e649119594ab0b,4,"635,1863,3460,3900",0xd38b22794b308a2e55808a13d1e6a80c4be94fd5,62514232,2026-08-07T00:16:08Z
0xd0f62308c31c0b8477752425407f55a98d17e72e,4,"8771,8794,9299,9723",0xd38b22794b308a2e55808a13d1e6a80c4be94fd5,62514232,2026-08-07T00:16:08Z
0xcf50ac2f6c7a3a0dba96a3be903e3744ad91c8bf,4,"4382,4405,6548,8934",0xd38b22794b308a2e55808a13d1e6a80c4be94fd5,62514232,2026-08-07T00:16:08Z
0xcf471d457e6363b356f2348aef11668307c97da6,4,"6615,9997,9999,10000",0xd38b22794b308a2e55808a13d1e6a80c4be94fd5,62514232,2026-08-07T00:16:08Z
0xc6e9b99b75d7c9a43b9986c0d6745a52f21080db,4,"4322,5631,7043,8922",0xd38b22794b308a2e55808a13d1e6a80c4be94fd5,62514232,2026-08-07T00:16:08Z
0xbc8c677153f10643ada3dd8578aee301bbe2d032,4,"1845,2388,4121,8937",0xd38b22794b308a2e55808a13d1e6a80c4be94fd5,62514232,2026-08-07T00:16:08Z
0xb12aa8282b00de547fda518cff984a375a61a29d,4,"1584,1591,5758,6282",0xd38b22794b308a2e55808a13d1e6a80c4be94fd5,62514232,2026-08-07T00:16:08Z
0xb0ed8f58594f0ade218d7057ca405a6a2d128af7,4,"6025,6026,8658,8921",0xd38b22794b308a2e55808a13d1e6a80c4be94fd5,62514232,2026-08-07T00:16:08Z
0xafe7b58fc2f907d641aca4c7cf6836456e7d86e1,4,"574,804,4826,6417",0xd38b22794b308a2e55808a13d1e6a80c4be94fd5,62514232,2026-08-07T00:16:08Z
0xa9d85575efed45ed034e65ec6636b38118252375,4,"921,5643,5646,7588",0xd38b22794b308a2e55808a13d1e6a80c4be94fd5,62514232,2026-08-07T00:16:08Z
0xa9b4e3a754f666a66999c3dd02b06f0cbae928c8,4,"9902,9903,9904,9906",0xd38b22794b308a2e55808a13d1e6a80c4be94fd5,62514232,2026-08-07T00:16:08Z
0x9e7953dea78bc0a3cf48f155f0a4b779df3dcaf3,4,"1085,3316,4492,7497",0xd38b22794b308a2e55808a13d1e6a80c4be94fd5,62514232,2026-08-07T00:16:08Z
0x9bef6391974b2924b29ff058e31302d31b3159b8,4,"4157,5802,6574,8477",0xd38b22794b308a2e55808a13d1e6a80c4be94fd5,62514232,2026-08-07T00:16:08Z
0x92e148fd89519030397f839948a6af6e22dbf4a3,4,"1422,4950,5524,9443",0xd38b22794b308a2e55808a13d1e6a80c4be94fd5,62514232,2026-08-07T00:16:08Z
0x8ded7660ebcd47c129163fe8bb48dbd9b9e93adf,4,"2672,4497,4499,4502",0xd38b22794b308a2e55808a13d1e6a80c4be94fd5,62514232,2026-08-07T00:16:08Z
0x8db9bae86f29a38b31acc230dbfccad7abfa789b,4,"3133,4130,7305,9793",0xd38b22794b308a2e55808a13d1e6a80c4be94fd5,62514232,2026-08-07T00:16:08Z
0x83e707ee630e5c90edb2b4eec950100407889e85,4,"4667,4853,5597,5688",0xd38b22794b308a2e55808a13d1e6a80c4be94fd5,62514232,2026-08-07T00:16:08Z
0x78f35b7980962391f6560667dc753036d16cbac5,4,"8851,9259,9317,9334",0xd38b22794b308a2e55808a13d1e6a80c4be94fd5,62514232,2026-08-07T00:16:08Z
0x7297846cac506157f36ea5b5a6b67f85f197b07b,4,"5281,5468,7513,8847",0xd38b22794b308a2e55808a13d1e6a80c4be94fd5,62514232,2026-08-07T00:16:08Z
0x6beef2b2fe00fddca12a8cda2d4b00435b0ba3b6,4,"745,2719,5755,9178",0xd38b22794b308a2e55808a13d1e6a80c4be94fd5,62514232,2026-08-07T00:16:08Z
0x6867139ce52815ad7596d7ca6080b804648a3c3b,4,"1634,5218,5238,7820",0xd38b22794b308a2e55808a13d1e6a80c4be94fd5,62514232,2026-08-07T00:16:08Z
0x679d5f6c17e8dcb51cb852f283020879cb8c74d2,4,"7853,7854,7855,7856",0xd38b22794b308a2e55808a13d1e6a80c4be94fd5,62514232,2026-08-07T00:16:08Z
0x63d7378a9f73778137ffe9d843112b022239b143,4,"2106,4884,5672,9391",0xd38b22794b308a2e55808a13d1e6a80c4be94fd5,62514232,2026-08-07T00:16:08Z
0x624bd2c49c2b2ffe3521b87cd9fb94c85215ac23,4,"9121,9125,9126,9127",0xd38b22794b308a2e55808a13d1e6a80c4be94fd5,62514232,2026-08-07T00:16:08Z
0x6043224abb23de31220ac7f07892a585190b009f,4,"64,6422,6427,6429",0xd38b22794b308a2e55808a13d1e6a80c4be94fd5,62514232,2026-08-07T00:16:08Z
0x44e4b80e4cdeb4d641168580c284859fcfb84f16,4,"2093,3737,4075,4078",0xd38b22794b308a2e55808a13d1e6a80c4be94fd5,62514232,2026-08-07T00:16:08Z
0x435ce1800db3ae86287a0eea42a5823423f40358,4,"8528,8529,8530,8531",0xd38b22794b308a2e55808a13d1e6a80c4be94fd5,62514232,2026-08-07T00:16:08Z
0x407c84007376e44926c14a9b80de80729375bc54,4,"1551,2057,6065,7923",0xd38b22794b308a2e55808a13d1e6a80c4be94fd5,62514232,2026-08-07T00:16:08Z
0x3b629681297ad4eb3e46f7091dff8e0f373877e5,4,"283,5796,9520,9714",0xd38b22794b308a2e55808a13d1e6a80c4be94fd5,62514232,2026-08-07T00:16:08Z
0x3a6154998397441c7da755e93eecc2f2460be365,4,"222,316,470,485",0xd38b22794b308a2e55808a13d1e6a80c4be94fd5,62514232,2026-08-07T00:16:08Z
0x3a2e0ca94df8ecf850a552d74eb65b96d2798b10,4,"8671,8672,8678,8683",0xd38b22794b308a2e55808a13d1e6a80c4be94fd5,62514232,2026-08-07T00:16:08Z
0x34eced1a67b27cbec2dca6f50f00e251111f2587,4,"4062,6379,6575,7297",0xd38b22794b308a2e55808a13d1e6a80c4be94fd5,62514232,2026-08-07T00:16:08Z
0x34654a9ce7a929bbabd14be751f0dbd56afa252c,4,"8777,9329,9396,9397",0xd38b22794b308a2e55808a13d1e6a80c4be94fd5,62514232,2026-08-07T00:16:08Z
0x33361de368a19f6f050975067fdaa11e16c4f2bd,4,"288,1263,1339,7331",0xd38b22794b308a2e55808a13d1e6a80c4be94fd5,62514232,2026-08-07T00:16:08Z
0x308ff48fc1542469e8493237b8c5613c2a49f706,4,"935,965,3233,9878",0xd38b22794b308a2e55808a13d1e6a80c4be94fd5,62514232,2026-08-07T00:16:08Z
0x2ef1d28e1d9f15e467467b3e0a742b9f99a62fd0,4,"1550,5241,5981,7363",0xd38b22794b308a2e55808a13d1e6a80c4be94fd5,62514232,2026-08-07T00:16:08Z
0x2ec7b0b01d7c72a31f3834fe4f208c4d04d1cdac,4,"1017,1020,4907,5329",0xd38b22794b308a2e55808a13d1e6a80c4be94fd5,62514232,2026-08-07T00:16:08Z
0x2e405a1276b59124c08a20233623426f50fbfc4a,4,"9142,9216,9493,9918",0xd38b22794b308a2e55808a13d1e6a80c4be94fd5,62514232,2026-08-07T00:16:08Z
0x1e2626226cf946209b88edff722cdd9e33409cbc,4,"1366,7828,8686,9702",0xd38b22794b308a2e55808a13d1e6a80c4be94fd5,62514232,2026-08-07T00:16:08Z
0x197ab17883354aaf0255ecf0c2295aee30950e52,4,"651,1235,1487,9818",0xd38b22794b308a2e55808a13d1e6a80c4be94fd5,62514232,2026-08-07T00:16:08Z
0x107fe0b39b133b49643515e9a94c46df770506c0,4,"2169,2266,4269,7286",0xd38b22794b308a2e55808a13d1e6a80c4be94fd5,62514232,2026-08-07T00:16:08Z
0x09cb8dd81d88902e91ba4e5c0927f21e7b4c58fc,4,"1345,4348,6320,9501",0xd38b22794b308a2e55808a13d1e6a80c4be94fd5,62514232,2026-08-07T00:16:08Z
0x06b31dbdb59b27dea76a7c6bf9ffe03b84ddb780,4,"9284,9290,9394,9405",0xd38b22794b308a2e55808a13d1e6a80c4be94fd5,62514232,2026-08-07T00:16:08Z
0xff8005c97b181b37f6a654d6df69fa0af60dbd23,3,"4807,7905,8297",0xd38b22794b308a2e55808a13d1e6a80c4be94fd5,62514232,2026-08-07T00:16:08Z
0xf8a7fdd037c5e8a437d25c7eb8fbf5501fb07e58,3,"3262,6094,6181",0xd38b22794b308a2e55808a13d1e6a80c4be94fd5,62514232,2026-08-07T00:16:08Z
0xf34528d4af32c5582781f26104b6c38a8047f303,3,"6368,8332,9383",0xd38b22794b308a2e55808a13d1e6a80c4be94fd5,62514232,2026-08-07T00:16:08Z
0xedd5e266ea99e5808f8c3c67b82b8a08c20411e9,3,"3404,3489,3753",0xd38b22794b308a2e55808a13d1e6a80c4be94fd5,62514232,2026-08-07T00:16:08Z
0xec52ddaf96fa03c48a5c5472a8d049dda28d4e50,3,"2028,5379,8906",0xd38b22794b308a2e55808a13d1e6a80c4be94fd5,62514232,2026-08-07T00:16:08Z
0xec40fd8955bcc49e09f0b77fd1b0631f07007c18,3,"1546,5327,5328",0xd38b22794b308a2e55808a13d1e6a80c4be94fd5,62514232,2026-08-07T00:16:08Z
0xe44b34945a41552838c0b199db3d9570153f4f3c,3,"3721,6669,7160",0xd38b22794b308a2e55808a13d1e6a80c4be94fd5,62514232,2026-08-07T00:16:08Z
0xe13c5bb07389ee2da2e20ddf317b7af8bd55940e,3,"6692,7668,8936",0xd38b22794b308a2e55808a13d1e6a80c4be94fd5,62514232,2026-08-07T00:16:08Z
0xe069ea6f950fa0d203d45d3b10a8bb3f98c51a0d,3,"4544,4545,4595",0xd38b22794b308a2e55808a13d1e6a80c4be94fd5,62514232,2026-08-07T00:16:08Z
0xdc4d4ed777623e0fd5e9437b254e3b3249a048d3,3,"4727,5072,7542",0xd38b22794b308a2e55808a13d1e6a80c4be94fd5,62514232,2026-08-07T00:16:08Z
0xdb01db0928f50c8897444659d23162430646c672,3,"5228,5982,7756",0xd38b22794b308a2e55808a13d1e6a80c4be94fd5,62514232,2026-08-07T00:16:08Z
0xd7d978f775e62d08ef7147bd6b465e204765b821,3,"5370,7904,9208",0xd38b22794b308a2e55808a13d1e6a80c4be94fd5,62514232,2026-08-07T00:16:08Z
0xd4b023360fc9addeef68ad15ce49d641a36ae5f0,3,"275,1310,2163",0xd38b22794b308a2e55808a13d1e6a80c4be94fd5,62514232,2026-08-07T00:16:08Z
0xd4973ff1a00be5bee8869b9434a6d9cc7216b1b3,3,"9036,9118,9140",0xd38b22794b308a2e55808a13d1e6a80c4be94fd5,62514232,2026-08-07T00:16:08Z
0xd32ed52e51fc1089c3241c3a35bd8b6c8a192e33,3,"4663,4664,4665",0xd38b22794b308a2e55808a13d1e6a80c4be94fd5,62514232,2026-08-07T00:16:08Z
0xd094662cb907464917e1c03fc60641453fb90b40,3,"1727,3678,7201",0xd38b22794b308a2e55808a13d1e6a80c4be94fd5,62514232,2026-08-07T00:16:08Z
0xcdcdefcf200b66718403ccad3295a0ae6553d907,3,"637,3527,4350",0xd38b22794b308a2e55808a13d1e6a80c4be94fd5,62514232,2026-08-07T00:16:08Z
0xcc2c27541d5cbdfcaa3baf822aa04bcab59d7d73,3,"365,5024,5057",0xd38b22794b308a2e55808a13d1e6a80c4be94fd5,62514232,2026-08-07T00:16:08Z
0xc3198dc78fdbc7f24bdc5deee1bca1aab05c961c,3,"2926,4959,6138",0xd38b22794b308a2e55808a13d1e6a80c4be94fd5,62514232,2026-08-07T00:16:08Z
0xbe5ba997d2096311bd9c58aa6bd3251ad809b962,3,"2280,6225,6413",0xd38b22794b308a2e55808a13d1e6a80c4be94fd5,62514232,2026-08-07T00:16:08Z
0xb23092749a1d44258ed1ef82d677b03008f2dcee,3,"4100,8018,8021",0xd38b22794b308a2e55808a13d1e6a80c4be94fd5,62514232,2026-08-07T00:16:08Z
0xa2d05f826a23b3976e1d8961e4c8cd0a66ff37df,3,"627,2714,9470",0xd38b22794b308a2e55808a13d1e6a80c4be94fd5,62514232,2026-08-07T00:16:08Z
0xa21bbcbacbec1e4338ffc28a737dcb6b03e9ae70,3,"4896,4906,4908",0xd38b22794b308a2e55808a13d1e6a80c4be94fd5,62514232,2026-08-07T00:16:08Z
0xa103860404e4fcac667b44e8b28b4210aecbaf67,3,"3919,5344,9744",0xd38b22794b308a2e55808a13d1e6a80c4be94fd5,62514232,2026-08-07T00:16:08Z
0x9ddc9a7a8b4b2856a533b5e9bf544682a39f19a8,3,"4137,8375,8381",0xd38b22794b308a2e55808a13d1e6a80c4be94fd5,62514232,2026-08-07T00:16:08Z
0x9d95477f3852f3a9bbb4711982f53e7089ae62ee,3,"646,4973,5089",0xd38b22794b308a2e55808a13d1e6a80c4be94fd5,62514232,2026-08-07T00:16:08Z
0x9d944fabffe6d849370d1c1db2f453a5e280096c,3,"1896,4501,4829",0xd38b22794b308a2e55808a13d1e6a80c4be94fd5,62514232,2026-08-07T00:16:08Z
0x9a1e248e49ddfb17c96e737db440fe3319932664,3,"8317,8341,9776",0xd38b22794b308a2e55808a13d1e6a80c4be94fd5,62514232,2026-08-07T00:16:08Z
0x95e0022e62a9e13fc9f38a3e288521f2fd042357,3,"2494,7184,9703",0xd38b22794b308a2e55808a13d1e6a80c4be94fd5,62514232,2026-08-07T00:16:08Z
0x8f653b9a539d341615cfb8c60bd024edab6e78e8,3,"6559,7352,8999",0xd38b22794b308a2e55808a13d1e6a80c4be94fd5,62514232,2026-08-07T00:16:08Z
0x8c6cc600d765585edea916435777c3ea400ebbef,3,"1359,5303,6345",0xd38b22794b308a2e55808a13d1e6a80c4be94fd5,62514232,2026-08-07T00:16:08Z
0x8a39d186a72c55bdc76bd546f56817123aa68033,3,"9037,9046,9049",0xd38b22794b308a2e55808a13d1e6a80c4be94fd5,62514232,2026-08-07T00:16:08Z
0x85df7d84c4e5d485711ba30a8b7cdfa115001c3b,3,"589,5569,5862",0xd38b22794b308a2e55808a13d1e6a80c4be94fd5,62514232,2026-08-07T00:16:08Z
0x83b3db38de28c71687bac1bb77f96b4a0ad59c02,3,"639,749,2801",0xd38b22794b308a2e55808a13d1e6a80c4be94fd5,62514232,2026-08-07T00:16:08Z
0x837200baf9674d97243ec7ee31f8906b850f8c1d,3,"3758,5065,6020",0xd38b22794b308a2e55808a13d1e6a80c4be94fd5,62514232,2026-08-07T00:16:08Z
0x81de381fa4b91bc6e36be3e31483fefaba6b1b0a,3,"620,3289,7028",0xd38b22794b308a2e55808a13d1e6a80c4be94fd5,62514232,2026-08-07T00:16:08Z
0x8127a3faadaa9c6cf4ddfd855681919a39787ba2,3,"3804,4228,5430",0xd38b22794b308a2e55808a13d1e6a80c4be94fd5,62514232,2026-08-07T00:16:08Z
0x7859d4a795adbad3071f7275e1c3495a04744b1b,3,"7657,7830,8440",0xd38b22794b308a2e55808a13d1e6a80c4be94fd5,62514232,2026-08-07T00:16:08Z
0x774363d02e2c8fbbeb5b6b37daa590317d5c4152,3,"5152,5332,7703",0xd38b22794b308a2e55808a13d1e6a80c4be94fd5,62514232,2026-08-07T00:16:08Z
0x74ff926d8dc46984b09c9c11247bed8dc2b60b73,3,"2842,3577,7708",0xd38b22794b308a2e55808a13d1e6a80c4be94fd5,62514232,2026-08-07T00:16:08Z
0x6eaffb32ba01fb8b235f34ea868554c71635dbd9,3,"1055,7902,7907",0xd38b22794b308a2e55808a13d1e6a80c4be94fd5,62514232,2026-08-07T00:16:08Z
0x6975731b1f478eea4ddd19ef43b3bd56f5b90f46,3,"803,2939,3648",0xd38b22794b308a2e55808a13d1e6a80c4be94fd5,62514232,2026-08-07T00:16:08Z
0x64fd696beb8486c783cb2242b8c984195ceb3de8,3,"1839,3165,5517",0xd38b22794b308a2e55808a13d1e6a80c4be94fd5,62514232,2026-08-07T00:16:08Z
0x64f27d03cbf3425a971bac625dc828a2e1fa82a5,3,"910,4410,9510",0xd38b22794b308a2e55808a13d1e6a80c4be94fd5,62514232,2026-08-07T00:16:08Z
0x62d3c6c91b08419685fd9c0634b289531f9bb87f,3,"4418,7765,8806",0xd38b22794b308a2e55808a13d1e6a80c4be94fd5,62514232,2026-08-07T00:16:08Z
0x60ecffcd16b527bf77e6c6d2b02bc5b127123dbe,3,"979,3760,8082",0xd38b22794b308a2e55808a13d1e6a80c4be94fd5,62514232,2026-08-07T00:16:08Z
0x6073b187357c6b2970da8812ece1959b3cce487d,3,"1015,1258,5638",0xd38b22794b308a2e55808a13d1e6a80c4be94fd5,62514232,2026-08-07T00:16:08Z
0x5e8073db3c55dfe04c8a40b0de140fd36f82f76a,3,"1602,3882,5804",0xd38b22794b308a2e55808a13d1e6a80c4be94fd5,62514232,2026-08-07T00:16:08Z
0x5d8211539badb5f638ac7f96e5749e8dfc89646b,3,"33,2249,5265",0xd38b22794b308a2e55808a13d1e6a80c4be94fd5,62514232,2026-08-07T00:16:08Z
0x590c113fad9990d389fb835b7ffe0838b4004ec3,3,"1264,1520,3358",0xd38b22794b308a2e55808a13d1e6a80c4be94fd5,62514232,2026-08-07T00:16:08Z
0x58e96b485d9f0f3a32b121437baf9b4a7a5767db,3,"818,1040,1421",0xd38b22794b308a2e55808a13d1e6a80c4be94fd5,62514232,2026-08-07T00:16:08Z
0x4e48bd7bb7d4a6ea48d900f1ad2527ee38b24949,3,"243,1147,6362",0xd38b22794b308a2e55808a13d1e6a80c4be94fd5,62514232,2026-08-07T00:16:08Z
0x4e34bb2c7b83aaeac015b23e3b55cd6845ca6f14,3,"8783,8807,9262",0xd38b22794b308a2e55808a13d1e6a80c4be94fd5,62514232,2026-08-07T00:16:08Z
0x4b9f24dc32d5168bed1bc4552def9779b8543de7,3,"2364,3561,3619",0xd38b22794b308a2e55808a13d1e6a80c4be94fd5,62514232,2026-08-07T00:16:08Z
0x48ba9066bf91496ae48ca95ed5da2739de870954,3,"1805,6441,8313",0xd38b22794b308a2e55808a13d1e6a80c4be94fd5,62514232,2026-08-07T00:16:08Z
0x3e25968f00ce39f13c286abca14744f578ddc60c,3,"2231,3101,3501",0xd38b22794b308a2e55808a13d1e6a80c4be94fd5,62514232,2026-08-07T00:16:08Z
0x3b141534482d98cc920532b8ed92885f11c54ef3,3,"1176,5798,9186",0xd38b22794b308a2e55808a13d1e6a80c4be94fd5,62514232,2026-08-07T00:16:08Z
0x3a02e6a4c53e3c03b3f755c04b0f0cb8117b7c64,3,"1205,4923,8283",0xd38b22794b308a2e55808a13d1e6a80c4be94fd5,62514232,2026-08-07T00:16:08Z
0x37df0e34dc942d2ab60206748fb101fa51fd7992,3,"2857,7546,7817",0xd38b22794b308a2e55808a13d1e6a80c4be94fd5,62514232,2026-08-07T00:16:08Z
0x3770732659abf2ed1bcef69ca071321fc43381c3,3,"717,2937,4676",0xd38b22794b308a2e55808a13d1e6a80c4be94fd5,62514232,2026-08-07T00:16:08Z
0x372ced7af27e31828db5ad1d1b09417c14430fb2,3,"3877,7903,8002",0xd38b22794b308a2e55808a13d1e6a80c4be94fd5,62514232,2026-08-07T00:16:08Z
0x368e678bcc185f052b15e02210727b78daa93c33,3,"3747,5820,9181",0xd38b22794b308a2e55808a13d1e6a80c4be94fd5,62514232,2026-08-07T00:16:08Z
0x333390038bf8dee8249a3ab5b9908d396148700d,3,"71,6012,7857",0xd38b22794b308a2e55808a13d1e6a80c4be94fd5,62514232,2026-08-07T00:16:08Z
0x2d278c56cf7870beed943b8e4102c6c129bc3c4e,3,"2705,8899,9304",0xd38b22794b308a2e55808a13d1e6a80c4be94fd5,62514232,2026-08-07T00:16:08Z
0x2bef626ac64f34aabba889845a600f39421bdf20,3,"6768,6769,6770",0xd38b22794b308a2e55808a13d1e6a80c4be94fd5,62514232,2026-08-07T00:16:08Z
0x2b60b514317571037b327275f5642b04ab04c210,3,"938,6801,8939",0xd38b22794b308a2e55808a13d1e6a80c4be94fd5,62514232,2026-08-07T00:16:08Z
0x28a6f8c39feb7f640d5deeb70f128390acedf792,3,"8653,8654,8655",0xd38b22794b308a2e55808a13d1e6a80c4be94fd5,62514232,2026-08-07T00:16:08Z
0x279c2a10b6229378d029be2f61efdcb12113299b,3,"922,3177,8337",0xd38b22794b308a2e55808a13d1e6a80c4be94fd5,62514232,2026-08-07T00:16:08Z
0x264a3ab28ee5ade9be63a50eafb8439f510f9820,3,"5243,5675,7064",0xd38b22794b308a2e55808a13d1e6a80c4be94fd5,62514232,2026-08-07T00:16:08Z
0x1eb3f607b756d623575ed1288edb58d84029fa82,3,"2495,5038,8377",0xd38b22794b308a2e55808a13d1e6a80c4be94fd5,62514232,2026-08-07T00:16:08Z
0x19e83483d604a868ab94da9875b6d89f9d3d17f0,3,"1582,4293,7603",0xd38b22794b308a2e55808a13d1e6a80c4be94fd5,62514232,2026-08-07T00:16:08Z
0x190c61a1c9ea383b5068503a6e6045afbe05a0d6,3,"3690,9783,9798",0xd38b22794b308a2e55808a13d1e6a80c4be94fd5,62514232,2026-08-07T00:16:08Z
0x144a9ec70061203c5edfb4a4c1002e688063576d,3,"8533,8534,8535",0xd38b22794b308a2e55808a13d1e6a80c4be94fd5,62514232,2026-08-07T00:16:08Z
0x133d7e16481385c2d625531806c2633deeccfea5,3,"6599,8393,9206",0xd38b22794b308a2e55808a13d1e6a80c4be94fd5,62514232,2026-08-07T00:16:08Z
0x130e187946adb81b25338d3bff1c5b9512a4844f,3,"3751,3913,9856",0xd38b22794b308a2e55808a13d1e6a80c4be94fd5,62514232,2026-08-07T00:16:08Z
0x11a6b65826a9c660a980bf1d0947083bfef09584,3,"7049,7250,9742",0xd38b22794b308a2e55808a13d1e6a80c4be94fd5,62514232,2026-08-07T00:16:08Z
0x10eb84abd429fa4df8dcabbc7c2803822a5b82d9,3,"4243,5361,8457",0xd38b22794b308a2e55808a13d1e6a80c4be94fd5,62514232,2026-08-07T00:16:08Z
0x0a87ea9fa1cd8ad7f1151c6f4abe669f61027607,3,"4347,8286,8961",0xd38b22794b308a2e55808a13d1e6a80c4be94fd5,62514232,2026-08-07T00:16:08Z
0x0411fc74e51e5aa60f0eaa1e35978a77dfc0dd0f,3,"5577,6013,9380",0xd38b22794b308a2e55808a13d1e6a80c4be94fd5,62514232,2026-08-07T00:16:08Z
0x032dd3eff5445b6cf9d34f6e76230faad7a3c16d,3,"6562,7362,7419",0xd38b22794b308a2e55808a13d1e6a80c4be94fd5,62514232,2026-08-07T00:16:08Z
0x02d22726492e392243ee41d2c4c4f6b3f04f7ad4,3,"1037,3805,3812",0xd38b22794b308a2e55808a13d1e6a80c4be94fd5,62514232,2026-08-07T00:16:08Z
0x02d10f41f3a88614c63f718272c60da7bf37a53e,3,"3529,6343,8733",0xd38b22794b308a2e55808a13d1e6a80c4be94fd5,62514232,2026-08-07T00:16:08Z
0x02003099e673dd8f2b76abc962c4def8f03f1f1e,3,"8033,8695,9174",0xd38b22794b308a2e55808a13d1e6a80c4be94fd5,62514232,2026-08-07T00:16:08Z
0x00623d7035dc4f1b72a8b2d5ed22bcbf78216baa,3,"4490,4535,9543",0xd38b22794b308a2e55808a13d1e6a80c4be94fd5,62514232,2026-08-07T00:16:08Z
0xff3dae5a61f57498f98261574a19e334a55bd48a,2,"361,4483",0xd38b22794b308a2e55808a13d1e6a80c4be94fd5,62514232,2026-08-07T00:16:08Z
0xfa995a3a14280612304d80e60422416b8adbaa6a,2,"1159,4461",0xd38b22794b308a2e55808a13d1e6a80c4be94fd5,62514232,2026-08-07T00:16:08Z
0xfa70ae38db47117c416352692860cafb36b70ba5,2,"7432,7434",0xd38b22794b308a2e55808a13d1e6a80c4be94fd5,62514232,2026-08-07T00:16:08Z
0xf9670f0636384c704f268a68bb5aace8b410cb7d,2,"9785,9825",0xd38b22794b308a2e55808a13d1e6a80c4be94fd5,62514232,2026-08-07T00:16:08Z
0xf93e6c16ea54851e3d900caf36fa0b5c40a6b0f3,2,"2225,3617",0xd38b22794b308a2e55808a13d1e6a80c4be94fd5,62514232,2026-08-07T00:16:08Z
0xf8cfad77cd2fc4b0f65a39875d50f2696c919130,2,"7379,8601",0xd38b22794b308a2e55808a13d1e6a80c4be94fd5,62514232,2026-08-07T00:16:08Z
0xf7fccc5d1b7bd7aee91dcda6be1998e9b6abf25c,2,"7402,7431",0xd38b22794b308a2e55808a13d1e6a80c4be94fd5,62514232,2026-08-07T00:16:08Z
0xf734e64e74c9c2413228006c18aa5510a95aa6a4,2,"4267,4270",0xd38b22794b308a2e55808a13d1e6a80c4be94fd5,62514232,2026-08-07T00:16:08Z
0xf5ae6fae948f720badf7ecbb207859fb007490ed,2,"2376,3937",0xd38b22794b308a2e55808a13d1e6a80c4be94fd5,62514232,2026-08-07T00:16:08Z
0xf5374f47bc061575b7ca6442404800e455b10e32,2,"8567,8644",0xd38b22794b308a2e55808a13d1e6a80c4be94fd5,62514232,2026-08-07T00:16:08Z
0xf458644058df734c5f54f60b6f956c23c4b7745b,2,"4711,7445",0xd38b22794b308a2e55808a13d1e6a80c4be94fd5,62514232,2026-08-07T00:16:08Z
0xf202058036f774c13f9d659e74b54cc74f793445,2,"7321,8996",0xd38b22794b308a2e55808a13d1e6a80c4be94fd5,62514232,2026-08-07T00:16:08Z
0xf1f8ad99739faef11ae12b4bd9e79372a3deb2ab,2,"8550,8642",0xd38b22794b308a2e55808a13d1e6a80c4be94fd5,62514232,2026-08-07T00:16:08Z
0xef9d53c762f486aa6ef77fbfae3d732a076abd5a,2,"7442,7781",0xd38b22794b308a2e55808a13d1e6a80c4be94fd5,62514232,2026-08-07T00:16:08Z
0xef44d53e5738798a5fc678d848085c8f7430c642,2,"76,6554",0xd38b22794b308a2e55808a13d1e6a80c4be94fd5,62514232,2026-08-07T00:16:08Z
0xee26a4d652228bceb39737c90c7f316e3d6dea7d,2,"6408,6592",0xd38b22794b308a2e55808a13d1e6a80c4be94fd5,62514232,2026-08-07T00:16:08Z
0xedd5c063e5ae842d7edc6a0e9b1bf8182dde86d6,2,"1457,1771",0xd38b22794b308a2e55808a13d1e6a80c4be94fd5,62514232,2026-08-07T00:16:08Z
0xec83c2ae3c581d4c8ae9af624fff57ca2a81d70e,2,"8563,8980",0xd38b22794b308a2e55808a13d1e6a80c4be94fd5,62514232,2026-08-07T00:16:08Z
0xeb943cfb3ed111849e1fac724e469a80f5d126c5,2,"927,8562",0xd38b22794b308a2e55808a13d1e6a80c4be94fd5,62514232,2026-08-07T00:16:08Z
0xeb92cb40ff90c9f0fdee151866d4944ca6b90397,2,"3013,9775",0xd38b22794b308a2e55808a13d1e6a80c4be94fd5,62514232,2026-08-07T00:16:08Z
0xea8261abb433f9460da8d53b9f27698114bfecb0,2,"5830,5831",0xd38b22794b308a2e55808a13d1e6a80c4be94fd5,62514232,2026-08-07T00:16:08Z
0xe9f771ab0976d1aef7d4e227fbe251d649b597dc,2,"1353,1428",0xd38b22794b308a2e55808a13d1e6a80c4be94fd5,62514232,2026-08-07T00:16:08Z
0xe9b6f18a6c4513308b3c1e7b065b787541677c4c,2,"8592,8599",0xd38b22794b308a2e55808a13d1e6a80c4be94fd5,62514232,2026-08-07T00:16:08Z
0xe98b3988d7094233c26f608158611595d9af98c4,2,"7720,7722",0xd38b22794b308a2e55808a13d1e6a80c4be94fd5,62514232,2026-08-07T00:16:08Z
0xe8898b708c5c773d4f2700e3544343cd4f5f748a,2,"7393,7400",0xd38b22794b308a2e55808a13d1e6a80c4be94fd5,62514232,2026-08-07T00:16:08Z
0xe80f69ec5a1a0850bd0834cf44fbc90ae7a8f324,2,"2580,7486",0xd38b22794b308a2e55808a13d1e6a80c4be94fd5,62514232,2026-08-07T00:16:08Z
0xe72123badd6e4adc6768eead8ac4c6ad41c611de,2,"1862,9799",0xd38b22794b308a2e55808a13d1e6a80c4be94fd5,62514232,2026-08-07T00:16:08Z
0xe642c75eda4c72989a24fd498f4f37197655f40b,2,"8558,8630",0xd38b22794b308a2e55808a13d1e6a80c4be94fd5,62514232,2026-08-07T00:16:08Z
0xe59cc883484ae0ccd9fd733eeba7a6eaf545c1e0,2,"8331,9197",0xd38b22794b308a2e55808a13d1e6a80c4be94fd5,62514232,2026-08-07T00:16:08Z
0xe54ac811204c267d7ea644b820ebdc88d912a1bb,2,"9701,9839",0xd38b22794b308a2e55808a13d1e6a80c4be94fd5,62514232,2026-08-07T00:16:08Z
0xe421e8c521f7ba853a9f5469ae7fca27d2717a1e,2,"5657,9218",0xd38b22794b308a2e55808a13d1e6a80c4be94fd5,62514232,2026-08-07T00:16:08Z
0xe3bd90e47d9dafb3937c59a365a90e61cb7485f2,2,"270,4294",0xd38b22794b308a2e55808a13d1e6a80c4be94fd5,62514232,2026-08-07T00:16:08Z
0xe2c5d8464282a817d8131072831d3499baa871dc,2,"8611,8613",0xd38b22794b308a2e55808a13d1e6a80c4be94fd5,62514232,2026-08-07T00:16:08Z
0xdfa4908427b2cc1dcbe24125568a4d09b30c2d49,2,"8434,9201",0xd38b22794b308a2e55808a13d1e6a80c4be94fd5,62514232,2026-08-07T00:16:08Z
0xdf596e24bc3e8f0d78327c933713e347b6bb78f8,2,"8559,8561",0xd38b22794b308a2e55808a13d1e6a80c4be94fd5,62514232,2026-08-07T00:16:08Z
0xdf25cacd5c289c0f46a1174da8b2f95e4afd36c3,2,"130,7446",0xd38b22794b308a2e55808a13d1e6a80c4be94fd5,62514232,2026-08-07T00:16:08Z
0xdd7e56bfdeefc0555e934b214d3262a06fb66cf2,2,"7323,8979",0xd38b22794b308a2e55808a13d1e6a80c4be94fd5,62514232,2026-08-07T00:16:08Z
0xdd3656aceaf8b6a72b6b15cbc1223d9827397d1c,2,"1248,3283",0xd38b22794b308a2e55808a13d1e6a80c4be94fd5,62514232,2026-08-07T00:16:08Z
0xdafa831ca4357ef181ad5f32ad887c086ba780fc,2,"1518,6322",0xd38b22794b308a2e55808a13d1e6a80c4be94fd5,62514232,2026-08-07T00:16:08Z
0xdaa26fbe945f71e01fedc4eece12f6450e407d99,2,"545,624",0xd38b22794b308a2e55808a13d1e6a80c4be94fd5,62514232,2026-08-07T00:16:08Z
0xda7db7eeee4eac96f04488efdf15a049fb917d5d,2,"7380,7439",0xd38b22794b308a2e55808a13d1e6a80c4be94fd5,62514232,2026-08-07T00:16:08Z
0xd9ff1c5ee25b6b3611e7adf639c937dec99a58ff,2,"6752,7511",0xd38b22794b308a2e55808a13d1e6a80c4be94fd5,62514232,2026-08-07T00:16:08Z
0xd9390b46a1749dee5325a490490491db9a826d1f,2,"1492,5764",0xd38b22794b308a2e55808a13d1e6a80c4be94fd5,62514232,2026-08-07T00:16:08Z
0xd884b7580be1737109af365c84086ccbb8e33c84,2,"8568,8643",0xd38b22794b308a2e55808a13d1e6a80c4be94fd5,62514232,2026-08-07T00:16:08Z
0xd8677b25bfe317b3a62dfc630df45831296e3ddd,2,"2209,5912",0xd38b22794b308a2e55808a13d1e6a80c4be94fd5,62514232,2026-08-07T00:16:08Z
0xd7b76a8223a81690182ab3b9ef0fcb3d302210ce,2,"2861,3163",0xd38b22794b308a2e55808a13d1e6a80c4be94fd5,62514232,2026-08-07T00:16:08Z
0xd62303f6431a1c9feda5e5368de7936f122d9d1b,2,"1000,3512",0xd38b22794b308a2e55808a13d1e6a80c4be94fd5,62514232,2026-08-07T00:16:08Z
0xd5dc2f42d26df46ccfa70e07dc672adebe8288f8,2,"7336,7378",0xd38b22794b308a2e55808a13d1e6a80c4be94fd5,62514232,2026-08-07T00:16:08Z
0xd581c9dd085c9196427a6d62c6c7db55c8628011,2,"4985,8960",0xd38b22794b308a2e55808a13d1e6a80c4be94fd5,62514232,2026-08-07T00:16:08Z
0xd49322add203c8e04acdd53b7ff14b5e0ac861d7,2,"2250,5799",0xd38b22794b308a2e55808a13d1e6a80c4be94fd5,62514232,2026-08-07T00:16:08Z
0xd3d5e9ddf1c683c24d2d2e39c1ac6a74ba6c3df9,2,"8818,8819",0xd38b22794b308a2e55808a13d1e6a80c4be94fd5,62514232,2026-08-07T00:16:08Z
0xd1847d562a47b565572ba147b491c2940ce0f1f2,2,"3319,6503",0xd38b22794b308a2e55808a13d1e6a80c4be94fd5,62514232,2026-08-07T00:16:08Z
0xd07007586bbd93d767b08434cb795947e3b5d611,2,"8595,8598",0xd38b22794b308a2e55808a13d1e6a80c4be94fd5,62514232,2026-08-07T00:16:08Z
0xcffd2f241df2c64b40bb0a803eb0c306795f6407,2,"5460,6528",0xd38b22794b308a2e55808a13d1e6a80c4be94fd5,62514232,2026-08-07T00:16:08Z
0xce348f96e488f88aaced2aca0fe875f3acf758ee,2,"7456,8995",0xd38b22794b308a2e55808a13d1e6a80c4be94fd5,62514232,2026-08-07T00:16:08Z
0xcd69e7702eb221a2b6127d23ef8376650ea7f518,2,"7448,7454",0xd38b22794b308a2e55808a13d1e6a80c4be94fd5,62514232,2026-08-07T00:16:08Z
0xcb75b78cd079472509002f50d9acee4c62d50140,2,"8605,8981",0xd38b22794b308a2e55808a13d1e6a80c4be94fd5,62514232,2026-08-07T00:16:08Z
0xc9c448755b8f260ae851f86faadf70902b08afe3,2,"7332,7398",0xd38b22794b308a2e55808a13d1e6a80c4be94fd5,62514232,2026-08-07T00:16:08Z
0xc8edf213e562c7f3022fe609f5d166469fdf8fe7,2,"1714,3360",0xd38b22794b308a2e55808a13d1e6a80c4be94fd5,62514232,2026-08-07T00:16:08Z
0xc8ae21021e67621aeba0bfc61827d297aee8210b,2,"165,8556",0xd38b22794b308a2e55808a13d1e6a80c4be94fd5,62514232,2026-08-07T00:16:08Z
0xc8254b56efe52872bbcd16ca0cc1a45ee96cf745,2,"7450,8645",0xd38b22794b308a2e55808a13d1e6a80c4be94fd5,62514232,2026-08-07T00:16:08Z
0xc6e184846c8757516c9304e690eaf89a3287f45b,2,"1047,1096",0xd38b22794b308a2e55808a13d1e6a80c4be94fd5,62514232,2026-08-07T00:16:08Z
0xc44edb0fbd76e895aa5391e032bf9926afe3a5b5,2,"1100,7055",0xd38b22794b308a2e55808a13d1e6a80c4be94fd5,62514232,2026-08-07T00:16:08Z
0xc2ffa42f8109a4c1784d2b45f669deae0185e9f7,2,"161,272",0xd38b22794b308a2e55808a13d1e6a80c4be94fd5,62514232,2026-08-07T00:16:08Z
0xc2e7d764d6a2c9e24c8172ab476852c8992a5f5b,2,"81,82",0xd38b22794b308a2e55808a13d1e6a80c4be94fd5,62514232,2026-08-07T00:16:08Z
0xc2a870c78e4f10dd33c963126ecbfcce1f861a25,2,"1272,1853",0xd38b22794b308a2e55808a13d1e6a80c4be94fd5,62514232,2026-08-07T00:16:08Z
0xc23bcef13cdc3529001b2ab982061dedd8191c39,2,"946,7387",0xd38b22794b308a2e55808a13d1e6a80c4be94fd5,62514232,2026-08-07T00:16:08Z
0xc0600afc2528e16921853f4136ccba7ceca05fc3,2,"3565,4225",0xd38b22794b308a2e55808a13d1e6a80c4be94fd5,62514232,2026-08-07T00:16:08Z
0xbf75d7db925ee6cbb1308614d14be424c433ba63,2,"8571,8627",0xd38b22794b308a2e55808a13d1e6a80c4be94fd5,62514232,2026-08-07T00:16:08Z
0xbedb05419973b85549e0941cc4c89f96c4699e9d,2,"8576,8633",0xd38b22794b308a2e55808a13d1e6a80c4be94fd5,62514232,2026-08-07T00:16:08Z
0xbe8d3351874fa6933949e711de21ea107872ac90,2,"8609,8623",0xd38b22794b308a2e55808a13d1e6a80c4be94fd5,62514232,2026-08-07T00:16:08Z
0xbc47bf91e79b85a3a0bdfbbe873233d965e9615a,2,"3845,7885",0xd38b22794b308a2e55808a13d1e6a80c4be94fd5,62514232,2026-08-07T00:16:08Z
0xbc1717e3cd7a1a66bb06634a509b7681e1a8dcdf,2,"963,2063",0xd38b22794b308a2e55808a13d1e6a80c4be94fd5,62514232,2026-08-07T00:16:08Z
0xba6123bfc03eb88d0fc712582eb6a2958455baa2,2,"7384,8586",0xd38b22794b308a2e55808a13d1e6a80c4be94fd5,62514232,2026-08-07T00:16:08Z
0xb9d24761ebb3e3a88b8cf20e77f56ccf026a2044,2,"5980,8463",0xd38b22794b308a2e55808a13d1e6a80c4be94fd5,62514232,2026-08-07T00:16:08Z
0xb8c73a07c4aa0abba4a03f5ba95d1c5909c928c3,2,"7386,7395",0xd38b22794b308a2e55808a13d1e6a80c4be94fd5,62514232,2026-08-07T00:16:08Z
0xb82de7cb2632d06659da2201d586f6a431c4f8f9,2,"8577,8622",0xd38b22794b308a2e55808a13d1e6a80c4be94fd5,62514232,2026-08-07T00:16:08Z
0xb764ff067eabd2fcb3a50ea31b35736580d32710,2,"3161,7658",0xd38b22794b308a2e55808a13d1e6a80c4be94fd5,62514232,2026-08-07T00:16:08Z
0xb5d84fe53d62116c729b6272e9a99412b2a9d25c,2,"7427,7429",0xd38b22794b308a2e55808a13d1e6a80c4be94fd5,62514232,2026-08-07T00:16:08Z
0xb3329c917af8ef49314d2e14974f84e9e01727b6,2,"1730,6340",0xd38b22794b308a2e55808a13d1e6a80c4be94fd5,62514232,2026-08-07T00:16:08Z
0xaf4afc3d0c895f9ce1a496ad998b4e359d643c28,2,"3517,7826",0xd38b22794b308a2e55808a13d1e6a80c4be94fd5,62514232,2026-08-07T00:16:08Z
0xad3a5ac841b234465da5e501fd34c06bee29e731,2,"8608,8931",0xd38b22794b308a2e55808a13d1e6a80c4be94fd5,62514232,2026-08-07T00:16:08Z
0xac259f14726ee3926d443c9fcedc9d3966efdcf3,2,"1311,3598",0xd38b22794b308a2e55808a13d1e6a80c4be94fd5,62514232,2026-08-07T00:16:08Z
0xab34f1171fbb18f5280be9e5a906d4c2fc74ee90,2,"7405,8632",0xd38b22794b308a2e55808a13d1e6a80c4be94fd5,62514232,2026-08-07T00:16:08Z
0xaa5daa632e1a1108279c2953a6923b10998e3867,2,"7457,8978",0xd38b22794b308a2e55808a13d1e6a80c4be94fd5,62514232,2026-08-07T00:16:08Z
0xa8c9cfb6be79dc1fa22af0b45f181a3b6ec28382,2,"5546,8032",0xd38b22794b308a2e55808a13d1e6a80c4be94fd5,62514232,2026-08-07T00:16:08Z
0xa8452f735972cb51e758a6f54621b780711a8825,2,"6578,9149",0xd38b22794b308a2e55808a13d1e6a80c4be94fd5,62514232,2026-08-07T00:16:08Z
0xa82beb485bb201fe094c70f7f02074d42fd0349d,2,"2412,2421",0xd38b22794b308a2e55808a13d1e6a80c4be94fd5,62514232,2026-08-07T00:16:08Z
0xa7c257836f3ccde5c084831b61d5a47981c00775,2,"2194,7394",0xd38b22794b308a2e55808a13d1e6a80c4be94fd5,62514232,2026-08-07T00:16:08Z
0xa7932db6a3dd68f564a80adc63bd9cc9c7cc86d0,2,"7377,7444",0xd38b22794b308a2e55808a13d1e6a80c4be94fd5,62514232,2026-08-07T00:16:08Z
0xa6cbbe4eda2f9c6d16dc8bd98a87104b77df020d,2,"14,8600",0xd38b22794b308a2e55808a13d1e6a80c4be94fd5,62514232,2026-08-07T00:16:08Z
0xa5ad4871bc54d5b88227ece14977db1e8e8600c6,2,"955,7440",0xd38b22794b308a2e55808a13d1e6a80c4be94fd5,62514232,2026-08-07T00:16:08Z
0xa295272f4ece6e9656e9d585df69e030893962d5,2,"8705,8855",0xd38b22794b308a2e55808a13d1e6a80c4be94fd5,62514232,2026-08-07T00:16:08Z
0xa22a67877377454936b7271908be3f583c9b31c5,2,"7390,7408",0xd38b22794b308a2e55808a13d1e6a80c4be94fd5,62514232,2026-08-07T00:16:08Z
0xa088ad1170ea3e33305521efbdd52bdbb7382c72,2,"4016,4485",0xd38b22794b308a2e55808a13d1e6a80c4be94fd5,62514232,2026-08-07T00:16:08Z
0x9ded729ae586334c254bce6aab6758a92f5b8199,2,"8998,9001",0xd38b22794b308a2e55808a13d1e6a80c4be94fd5,62514232,2026-08-07T00:16:08Z
0x9debc4c4f70a24a8f6837d7e956783075fd7cc6a,2,"8624,8626",0xd38b22794b308a2e55808a13d1e6a80c4be94fd5,62514232,2026-08-07T00:16:08Z
0x9dac966ca9ca03c15538228cdc5b9e8b5ed72a87,2,"5319,5473",0xd38b22794b308a2e55808a13d1e6a80c4be94fd5,62514232,2026-08-07T00:16:08Z
0x9b2ceacf1e5ea82cf7851a2f591a8efebdaeb615,2,"1229,7443",0xd38b22794b308a2e55808a13d1e6a80c4be94fd5,62514232,2026-08-07T00:16:08Z
0x9b036a2aa1a9db2dc89011d3a4a8b3e3415e9f1a,2,"7272,9343",0xd38b22794b308a2e55808a13d1e6a80c4be94fd5,62514232,2026-08-07T00:16:08Z
0x99d650beb855b5d71f7de343b3444fc5ad29165a,2,"1687,9060",0xd38b22794b308a2e55808a13d1e6a80c4be94fd5,62514232,2026-08-07T00:16:08Z
0x98850511d3c6c6ec0f9a576d65f01fd08a6ea28c,2,"967,5909",0xd38b22794b308a2e55808a13d1e6a80c4be94fd5,62514232,2026-08-07T00:16:08Z
0x981efa8ac29a69e173f758941d2f346cd4006eb4,2,"2713,8374",0xd38b22794b308a2e55808a13d1e6a80c4be94fd5,62514232,2026-08-07T00:16:08Z
0x97522fef1c774ed00ce41bc71c63bee7e9e2dd5e,2,"1001,8876",0xd38b22794b308a2e55808a13d1e6a80c4be94fd5,62514232,2026-08-07T00:16:08Z
0x96d558b435a15135ddfb368e2802e796c6a6b9dc,2,"8597,8984",0xd38b22794b308a2e55808a13d1e6a80c4be94fd5,62514232,2026-08-07T00:16:08Z
0x94edb0fd3c003c9fafd4f31d1395bf67b5ecc68e,2,"7329,7330",0xd38b22794b308a2e55808a13d1e6a80c4be94fd5,62514232,2026-08-07T00:16:08Z
0x93f1ae381e880343495d59a53867c334e7d68e2c,2,"7406,7426",0xd38b22794b308a2e55808a13d1e6a80c4be94fd5,62514232,2026-08-07T00:16:08Z
0x8efd5d0a5240637d1ae34a0f8646c366a199dd94,2,"8631,8638",0xd38b22794b308a2e55808a13d1e6a80c4be94fd5,62514232,2026-08-07T00:16:08Z
0x8d4acab6da2caca4f062a670dd4f0c8af12920be,2,"417,8069",0xd38b22794b308a2e55808a13d1e6a80c4be94fd5,62514232,2026-08-07T00:16:08Z
0x8c8e26934663ffe6bf4acb18c341c837c4d57c08,2,"231,702",0xd38b22794b308a2e55808a13d1e6a80c4be94fd5,62514232,2026-08-07T00:16:08Z
0x8be23edd6c45687ee588cf6e38489db2cfc4ca3c,2,"857,5375",0xd38b22794b308a2e55808a13d1e6a80c4be94fd5,62514232,2026-08-07T00:16:08Z
0x8aff25671f61f0bea851ab53bcbd6e303652d631,2,"3510,3575",0xd38b22794b308a2e55808a13d1e6a80c4be94fd5,62514232,2026-08-07T00:16:08Z
0x87f8a066942c49b1c1eddb5587f4e359df51bf4d,2,"8618,8641",0xd38b22794b308a2e55808a13d1e6a80c4be94fd5,62514232,2026-08-07T00:16:08Z
0x86aae83fff543f634e8fbe5a910bdef7cd456d85,2,"8604,8639",0xd38b22794b308a2e55808a13d1e6a80c4be94fd5,62514232,2026-08-07T00:16:08Z
0x868c9a6cffeca07f78f11d558c8a0cdf67587376,2,"7325,8553",0xd38b22794b308a2e55808a13d1e6a80c4be94fd5,62514232,2026-08-07T00:16:08Z
0x85e9ac3578c8ba3293ea3b1ad8be6b37af351f1c,2,"7452,8612",0xd38b22794b308a2e55808a13d1e6a80c4be94fd5,62514232,2026-08-07T00:16:08Z
0x852ba672e7154054f4c6b19415dbf38a7d577238,2,"3483,7447",0xd38b22794b308a2e55808a13d1e6a80c4be94fd5,62514232,2026-08-07T00:16:08Z
0x847573dd96c51dd96989ed6de53f37b38dbfe6f6,2,"1761,6478",0xd38b22794b308a2e55808a13d1e6a80c4be94fd5,62514232,2026-08-07T00:16:08Z
0x840b13459b4e787b7ad88bd24a21910f6fe75a2e,2,"8417,8420",0xd38b22794b308a2e55808a13d1e6a80c4be94fd5,62514232,2026-08-07T00:16:08Z
0x8287188a6f535c13e11ad520cf495666a9a827b1,2,"7389,7399",0xd38b22794b308a2e55808a13d1e6a80c4be94fd5,62514232,2026-08-07T00:16:08Z
0x82298435f41b1da2e4cbf05df752c8383a731528,2,"3727,5720",0xd38b22794b308a2e55808a13d1e6a80c4be94fd5,62514232,2026-08-07T00:16:08Z
0x818881c57db00cf802033b13d8ce0697bbb3ca8a,2,"1120,6464",0xd38b22794b308a2e55808a13d1e6a80c4be94fd5,62514232,2026-08-07T00:16:08Z
0x814dbbdfa08443bdb67710fe996e3317436ed765,2,"1046,5301",0xd38b22794b308a2e55808a13d1e6a80c4be94fd5,62514232,2026-08-07T00:16:08Z
0x80c5d0f87438071474c26839c6a760174cefb837,2,"4810,9184",0xd38b22794b308a2e55808a13d1e6a80c4be94fd5,62514232,2026-08-07T00:16:08Z
0x7e3af7ea74cdc4f1d908500a4c37b7c23d69ee24,2,"394,6830",0xd38b22794b308a2e55808a13d1e6a80c4be94fd5,62514232,2026-08-07T00:16:08Z
0x7d0e6ffe5b0922de744f5118e60d410f5b811651,2,"8587,8621",0xd38b22794b308a2e55808a13d1e6a80c4be94fd5,62514232,2026-08-07T00:16:08Z
0x7ba9ec6c18487345a92c863538b2039bf6b9e5d1,2,"6614,8585",0xd38b22794b308a2e55808a13d1e6a80c4be94fd5,62514232,2026-08-07T00:16:08Z
0x7b0b1d8e8e1f320d31cedd92b6b05177e81c7b0b,2,"7391,7435",0xd38b22794b308a2e55808a13d1e6a80c4be94fd5,62514232,2026-08-07T00:16:08Z
0x7a702df4963266f7e0993147f6e3349768852c38,2,"7337,8982",0xd38b22794b308a2e55808a13d1e6a80c4be94fd5,62514232,2026-08-07T00:16:08Z
0x790c3bd2f8903b7ef1d3d41546490467ec7de964,2,"7453,8976",0xd38b22794b308a2e55808a13d1e6a80c4be94fd5,62514232,2026-08-07T00:16:08Z
0x774dda5992f1769ff4576a06c6dd90f67f934e6c,2,"1417,2623",0xd38b22794b308a2e55808a13d1e6a80c4be94fd5,62514232,2026-08-07T00:16:08Z
0x75d830b924756a5f9aee40f3510048bab36cd800,2,"7671,8307",0xd38b22794b308a2e55808a13d1e6a80c4be94fd5,62514232,2026-08-07T00:16:08Z
0x75917abf74a57ce5de2bc1baea8f6d94d75a7a38,2,"7396,8989",0xd38b22794b308a2e55808a13d1e6a80c4be94fd5,62514232,2026-08-07T00:16:08Z
0x7559b6e695521129025e2ddfd2f075ff573c718f,2,"3484,4148",0xd38b22794b308a2e55808a13d1e6a80c4be94fd5,62514232,2026-08-07T00:16:08Z
0x75343d0bd18ab52bfdf9c8c9c025986dd81538ff,2,"7334,8569",0xd38b22794b308a2e55808a13d1e6a80c4be94fd5,62514232,2026-08-07T00:16:08Z
0x74df0c5cca88b33b65fddecefc2b1db32e0a9f1d,2,"9153,9423",0xd38b22794b308a2e55808a13d1e6a80c4be94fd5,62514232,2026-08-07T00:16:08Z
0x736508a2a9a527101b5c770243651aed78339661,2,"5295,5913",0xd38b22794b308a2e55808a13d1e6a80c4be94fd5,62514232,2026-08-07T00:16:08Z
0x73113c43f3e0b5b998c9e2807d4a81629f616451,2,"939,1668",0xd38b22794b308a2e55808a13d1e6a80c4be94fd5,62514232,2026-08-07T00:16:08Z
0x72fc2584dbb65c8392b108ab4d15c9a60cfa9f40,2,"8580,8582",0xd38b22794b308a2e55808a13d1e6a80c4be94fd5,62514232,2026-08-07T00:16:08Z
0x72cbfa8e1b48f354a50c70192041e087623185ea,2,"3962,9159",0xd38b22794b308a2e55808a13d1e6a80c4be94fd5,62514232,2026-08-07T00:16:08Z
0x71ec997942fa17dd25a336ec9ab6fdab1cd385d5,2,"9155,9182",0xd38b22794b308a2e55808a13d1e6a80c4be94fd5,62514232,2026-08-07T00:16:08Z
0x714f406dcabbbeff4a6f64b504320013160ecfd8,2,"8005,9755",0xd38b22794b308a2e55808a13d1e6a80c4be94fd5,62514232,2026-08-07T00:16:08Z
0x6dc1025d4b5af695def9289829d2e28848a128b0,2,"4329,4559",0xd38b22794b308a2e55808a13d1e6a80c4be94fd5,62514232,2026-08-07T00:16:08Z
0x6d85d9243c707cd79fe04751298a8de567fe28bc,2,"6055,8383",0xd38b22794b308a2e55808a13d1e6a80c4be94fd5,62514232,2026-08-07T00:16:08Z
0x6b3207d893bb1f140ff1caf58ecd9c61c49562af,2,"1268,6693",0xd38b22794b308a2e55808a13d1e6a80c4be94fd5,62514232,2026-08-07T00:16:08Z
0x6b091ec6c77ebafac15ff88f34c89a4b0b032791,2,"755,7306",0xd38b22794b308a2e55808a13d1e6a80c4be94fd5,62514232,2026-08-07T00:16:08Z
0x691347d4aaa99aaf21d1635f3be2d84820f70509,2,"8566,8579",0xd38b22794b308a2e55808a13d1e6a80c4be94fd5,62514232,2026-08-07T00:16:08Z
0x65f938ee53bb08ebd362cfc963375484da6944ac,2,"8603,8988",0xd38b22794b308a2e55808a13d1e6a80c4be94fd5,62514232,2026-08-07T00:16:08Z
0x65519101033c318746e1d58001f8d6ac9ffb030f,2,"5217,9154",0xd38b22794b308a2e55808a13d1e6a80c4be94fd5,62514232,2026-08-07T00:16:08Z
0x6299569adeeabacf5556310be3bbd7367dbd25d4,2,"5740,7489",0xd38b22794b308a2e55808a13d1e6a80c4be94fd5,62514232,2026-08-07T00:16:08Z
0x61de6be7c4a02af973f935ef82d99a9c84fc8890,2,"8765,9287",0xd38b22794b308a2e55808a13d1e6a80c4be94fd5,62514232,2026-08-07T00:16:08Z
0x615889f1050019d5d9def614b57fb3964beb9721,2,"1122,9786",0xd38b22794b308a2e55808a13d1e6a80c4be94fd5,62514232,2026-08-07T00:16:08Z
0x5faa5d7fa636ff106c61a4582028912234670f5e,2,"7433,7436",0xd38b22794b308a2e55808a13d1e6a80c4be94fd5,62514232,2026-08-07T00:16:08Z
0x5f21feb085ae3e81163129df379bd70689abd98c,2,"1608,7973",0xd38b22794b308a2e55808a13d1e6a80c4be94fd5,62514232,2026-08-07T00:16:08Z
0x5d063a64937b8d041819fd5ca728ec29c78961cd,2,"3851,7530",0xd38b22794b308a2e55808a13d1e6a80c4be94fd5,62514232,2026-08-07T00:16:08Z
0x5bbbc1b52b389fda4312535b0b8b0629f2cff659,2,"5745,7549",0xd38b22794b308a2e55808a13d1e6a80c4be94fd5,62514232,2026-08-07T00:16:08Z
0x597e42bff4076708db6e3fdf72c809b2a5293461,2,"8557,8986",0xd38b22794b308a2e55808a13d1e6a80c4be94fd5,62514232,2026-08-07T00:16:08Z
0x586053eeb8ac5b172cb74b212a8bf21ca566795e,2,"8616,8617",0xd38b22794b308a2e55808a13d1e6a80c4be94fd5,62514232,2026-08-07T00:16:08Z
0x584079801a704344ae253c69d2d9a6c67f441ae2,2,"8918,9403",0xd38b22794b308a2e55808a13d1e6a80c4be94fd5,62514232,2026-08-07T00:16:08Z
0x57b0f59b463684f03f4e1d35324c0425c98ee54f,2,"8590,8596",0xd38b22794b308a2e55808a13d1e6a80c4be94fd5,62514232,2026-08-07T00:16:08Z
0x57084738ecc617e3bcf61e806f9281518a546c08,2,"57,9498",0xd38b22794b308a2e55808a13d1e6a80c4be94fd5,62514232,2026-08-07T00:16:08Z
0x568d2706f4e87b4b95d5658ad79662b8f84a9e0d,2,"7397,7425",0xd38b22794b308a2e55808a13d1e6a80c4be94fd5,62514232,2026-08-07T00:16:08Z
0x55e8f135e05b9a7e73947bc2cc69ddde7d1aec36,2,"5117,6673",0xd38b22794b308a2e55808a13d1e6a80c4be94fd5,62514232,2026-08-07T00:16:08Z
0x55caed050fdef43109071861581f509b816e5fc2,2,"153,7403",0xd38b22794b308a2e55808a13d1e6a80c4be94fd5,62514232,2026-08-07T00:16:08Z
0x54a62bb1953573d6cfb3468aebf4c1e5320e26ad,2,"854,1901",0xd38b22794b308a2e55808a13d1e6a80c4be94fd5,62514232,2026-08-07T00:16:08Z
0x5445c0a61914c0b2aaa759656bdae2cbc8eedaf3,2,"928,4343",0xd38b22794b308a2e55808a13d1e6a80c4be94fd5,62514232,2026-08-07T00:16:08Z
0x514a187605c24fd3df1dafd38aaf59bd23bba041,2,"2061,3097",0xd38b22794b308a2e55808a13d1e6a80c4be94fd5,62514232,2026-08-07T00:16:08Z
0x50d0e475fc7e00d167b34f7cc59bc92e15ed14e1,2,"3036,8614",0xd38b22794b308a2e55808a13d1e6a80c4be94fd5,62514232,2026-08-07T00:16:08Z
0x4f748807e3624e37e67e713875097f9bb74c841a,2,"8554,8606",0xd38b22794b308a2e55808a13d1e6a80c4be94fd5,62514232,2026-08-07T00:16:08Z
0x4f6341fe64b082a1257e0159e5ee92851edef6dc,2,"4369,9758",0xd38b22794b308a2e55808a13d1e6a80c4be94fd5,62514232,2026-08-07T00:16:08Z
0x4e25e7938626e7c9b01732c1e627f0836262a4f8,2,"3831,6236",0xd38b22794b308a2e55808a13d1e6a80c4be94fd5,62514232,2026-08-07T00:16:08Z
0x4c536ddb3afff9d744ea23b572b11451707b1684,2,"1473,4889",0xd38b22794b308a2e55808a13d1e6a80c4be94fd5,62514232,2026-08-07T00:16:08Z
0x4bad2e20016de6279e844d05786a12e91bd90aa9,2,"7383,7409",0xd38b22794b308a2e55808a13d1e6a80c4be94fd5,62514232,2026-08-07T00:16:08Z
0x4b6723ad5635ad4cc47536dadcf19d2f5b03a447,2,"7392,9002",0xd38b22794b308a2e55808a13d1e6a80c4be94fd5,62514232,2026-08-07T00:16:08Z
0x4b2b58373e20240ba2b5a7ad36d8f21f49c68af9,2,"8583,8594",0xd38b22794b308a2e55808a13d1e6a80c4be94fd5,62514232,2026-08-07T00:16:08Z
0x4ab8d0b24ef491be06dc640e03d0c52a49d17254,2,"1144,7177",0xd38b22794b308a2e55808a13d1e6a80c4be94fd5,62514232,2026-08-07T00:16:08Z
0x4a07e5434a2b0ebc613d878648cd48f1431c2f5f,2,"7324,8977",0xd38b22794b308a2e55808a13d1e6a80c4be94fd5,62514232,2026-08-07T00:16:08Z
0x421f8bc3a488cd32c99b0ab62a6cc0ffc14b788f,2,"4893,8000",0xd38b22794b308a2e55808a13d1e6a80c4be94fd5,62514232,2026-08-07T00:16:08Z
0x3d5988eac7dbfdc40ac0674ee2bd4fd01a475f2c,2,"1294,3884",0xd38b22794b308a2e55808a13d1e6a80c4be94fd5,62514232,2026-08-07T00:16:08Z
0x3bcd15c4790ccb834eb2adbc5d6e2e2bfbd1a181,2,"1445,7925",0xd38b22794b308a2e55808a13d1e6a80c4be94fd5,62514232,2026-08-07T00:16:08Z
0x3a95dd991085c6736b7c3db4753adc7afce36f49,2,"1083,6568",0xd38b22794b308a2e55808a13d1e6a80c4be94fd5,62514232,2026-08-07T00:16:08Z
0x3a5ff107f4a0159c29bb1397951f3a9268414d37,2,"3272,7753",0xd38b22794b308a2e55808a13d1e6a80c4be94fd5,62514232,2026-08-07T00:16:08Z
0x39ebd852bd29a870a9084102136c4c756b835645,2,"960,7382",0xd38b22794b308a2e55808a13d1e6a80c4be94fd5,62514232,2026-08-07T00:16:08Z
0x39d268cbfe7afbcc0ff26f8c948a788dc7214a8c,2,"7335,8578",0xd38b22794b308a2e55808a13d1e6a80c4be94fd5,62514232,2026-08-07T00:16:08Z
0x38d9376e3aecb327f56ef4bb871789a141272c0c,2,"970,8552",0xd38b22794b308a2e55808a13d1e6a80c4be94fd5,62514232,2026-08-07T00:16:08Z
0x387cd66e4a0f3edc43a453fcddf16c8877d6f343,2,"8555,8572",0xd38b22794b308a2e55808a13d1e6a80c4be94fd5,62514232,2026-08-07T00:16:08Z
0x385d1318c7f0eb8244b467b5e6044867c9e21862,2,"8570,8983",0xd38b22794b308a2e55808a13d1e6a80c4be94fd5,62514232,2026-08-07T00:16:08Z
0x36d81cf8fd368def7b4a56abe193b89c429c97e3,2,"6036,6212",0xd38b22794b308a2e55808a13d1e6a80c4be94fd5,62514232,2026-08-07T00:16:08Z
0x35837063a26d867e7dc481229d31f77b428da374,2,"843,5667",0xd38b22794b308a2e55808a13d1e6a80c4be94fd5,62514232,2026-08-07T00:16:08Z
0x34fabc05a5c0bea1ca73efab732d64176bf77028,2,"279,7388",0xd38b22794b308a2e55808a13d1e6a80c4be94fd5,62514232,2026-08-07T00:16:08Z
0x333bc00fe285407c2e737d214385bbf5334f9850,2,"7381,8997",0xd38b22794b308a2e55808a13d1e6a80c4be94fd5,62514232,2026-08-07T00:16:08Z
0x333248ff65343ae306478d765a3f2779195c488e,2,"8581,8607",0xd38b22794b308a2e55808a13d1e6a80c4be94fd5,62514232,2026-08-07T00:16:08Z
0x31b33c518d57eea48c1bb66d035e3743bb6d9abe,2,"6738,7401",0xd38b22794b308a2e55808a13d1e6a80c4be94fd5,62514232,2026-08-07T00:16:08Z
0x319c70220d3a570e4690bb93b57c5e6a0719c323,2,"7326,8584",0xd38b22794b308a2e55808a13d1e6a80c4be94fd5,62514232,2026-08-07T00:16:08Z
0x2e97778b97db81b62eb64103813e019f353537cd,2,"1002,3838",0xd38b22794b308a2e55808a13d1e6a80c4be94fd5,62514232,2026-08-07T00:16:08Z
0x2e1b81570f0d8826c0e8d70e1060943ea14ac4ff,2,"7718,9816",0xd38b22794b308a2e55808a13d1e6a80c4be94fd5,62514232,2026-08-07T00:16:08Z
0x2d718f1a6d398a82c8a90edaba529b76ade5a43f,2,"1757,2211",0xd38b22794b308a2e55808a13d1e6a80c4be94fd5,62514232,2026-08-07T00:16:08Z
0x2cea2bc3690eef6110eb5219188e51d44371b420,2,"7428,8640",0xd38b22794b308a2e55808a13d1e6a80c4be94fd5,62514232,2026-08-07T00:16:08Z
0x2b996ac8279222e5b402a43e4b372a9ced1f9ca7,2,"2181,9122",0xd38b22794b308a2e55808a13d1e6a80c4be94fd5,62514232,2026-08-07T00:16:08Z
0x2b1342b11b1ef562ab29723cdce68a12d1e01921,2,"7437,8625",0xd38b22794b308a2e55808a13d1e6a80c4be94fd5,62514232,2026-08-07T00:16:08Z
0x28a7a933f5d641ff3092ee626f88e5e5991baa2d,2,"8574,8628",0xd38b22794b308a2e55808a13d1e6a80c4be94fd5,62514232,2026-08-07T00:16:08Z
0x2851490193c47a11a9914f08e662bdc9f41bc351,2,"5987,5993",0xd38b22794b308a2e55808a13d1e6a80c4be94fd5,62514232,2026-08-07T00:16:08Z
0x27ba2700b9c0a67f2b33d95234d7dbf2724d3402,2,"16,8975",0xd38b22794b308a2e55808a13d1e6a80c4be94fd5,62514232,2026-08-07T00:16:08Z
0x24ff50271ad65a6cc04a129a8d16871fd102b8ac,2,"159,160",0xd38b22794b308a2e55808a13d1e6a80c4be94fd5,62514232,2026-08-07T00:16:08Z
0x2328ac053840bd355b9400031baec1ccf14d2e6f,2,"7385,7449",0xd38b22794b308a2e55808a13d1e6a80c4be94fd5,62514232,2026-08-07T00:16:08Z
0x21a4eb47820aaf0013c18188fe879561ac307a3f,2,"58,59",0xd38b22794b308a2e55808a13d1e6a80c4be94fd5,62514232,2026-08-07T00:16:08Z
0x206ab79512097e2bc98a1e1cb71b4573a4aef10e,2,"9296,9342",0xd38b22794b308a2e55808a13d1e6a80c4be94fd5,62514232,2026-08-07T00:16:08Z
0x1fb8fa4a4e2d496a2d65ecebf2852e89f8aecd74,2,"8619,8635",0xd38b22794b308a2e55808a13d1e6a80c4be94fd5,62514232,2026-08-07T00:16:08Z
0x1f755b0da055f3d4a76f82a17a3a08e522f6af48,2,"5658,8217",0xd38b22794b308a2e55808a13d1e6a80c4be94fd5,62514232,2026-08-07T00:16:08Z
0x1f1392fb77ca98f06ea8291883e5bf216a35e29c,2,"2725,6128",0xd38b22794b308a2e55808a13d1e6a80c4be94fd5,62514232,2026-08-07T00:16:08Z
0x1edd45b7d25c893323cc20a539f9178593482810,2,"6799,6982",0xd38b22794b308a2e55808a13d1e6a80c4be94fd5,62514232,2026-08-07T00:16:08Z
0x1c5c0a3eebb82bb67912e0478b8f87f71308d26a,2,"7965,7966",0xd38b22794b308a2e55808a13d1e6a80c4be94fd5,62514232,2026-08-07T00:16:08Z
0x1bf63e5075642d740d34a1522149bedbbff4065d,2,"200,1408",0xd38b22794b308a2e55808a13d1e6a80c4be94fd5,62514232,2026-08-07T00:16:08Z
0x1956abca23f4197e4d6e5477eeca4d08c857dcfa,2,"1565,7670",0xd38b22794b308a2e55808a13d1e6a80c4be94fd5,62514232,2026-08-07T00:16:08Z
0x1882feb04aa44a9c4d4a8faca9c41b408c3b2ff0,2,"6466,7860",0xd38b22794b308a2e55808a13d1e6a80c4be94fd5,62514232,2026-08-07T00:16:08Z
0x17d8e3268b7c81111c98b7d3ccea55072a32d6c0,2,"821,3959",0xd38b22794b308a2e55808a13d1e6a80c4be94fd5,62514232,2026-08-07T00:16:08Z
0x169469f9246a855a01185259d7f2db43c31cd805,2,"1711,5891",0xd38b22794b308a2e55808a13d1e6a80c4be94fd5,62514232,2026-08-07T00:16:08Z
0x1671c3b19a014a57a7467b9beb50117f2405e193,2,"5209,8439",0xd38b22794b308a2e55808a13d1e6a80c4be94fd5,62514232,2026-08-07T00:16:08Z
0x152f06877f996dd49e02737e3043decc452efd45,2,"6223,6253",0xd38b22794b308a2e55808a13d1e6a80c4be94fd5,62514232,2026-08-07T00:16:08Z
0x14b184cdb08a4c7f02568469c5f48d7ec43fa694,2,"2749,9858",0xd38b22794b308a2e55808a13d1e6a80c4be94fd5,62514232,2026-08-07T00:16:08Z
0x14a17bc91031e6c0847d06db36eabe46b8eefbab,2,"7455,8992",0xd38b22794b308a2e55808a13d1e6a80c4be94fd5,62514232,2026-08-07T00:16:08Z
0x145c584f2f022997a9d0e5fcb4346042229525e1,2,"241,7528",0xd38b22794b308a2e55808a13d1e6a80c4be94fd5,62514232,2026-08-07T00:16:08Z
0x12e04bb6c7e43bf01b0daae790b4ab500c7faf67,2,"7404,8636",0xd38b22794b308a2e55808a13d1e6a80c4be94fd5,62514232,2026-08-07T00:16:08Z
0x11a654251bcf055a535d015a6bc7594035e14f95,2,"3430,6834",0xd38b22794b308a2e55808a13d1e6a80c4be94fd5,62514232,2026-08-07T00:16:08Z
0x1195916a7707eac6d166de89758cb9e36c328571,2,"269,8991",0xd38b22794b308a2e55808a13d1e6a80c4be94fd5,62514232,2026-08-07T00:16:08Z
0x10e05c24b91f20cf6052a65c58abb5198d3574c0,2,"5042,9873",0xd38b22794b308a2e55808a13d1e6a80c4be94fd5,62514232,2026-08-07T00:16:08Z
0x107681f923844203d55311073012d6574cc04ed7,2,"5069,8019",0xd38b22794b308a2e55808a13d1e6a80c4be94fd5,62514232,2026-08-07T00:16:08Z
0x0f32123e0ad5679c15a80754cf0fbeb9e1273935,2,"5918,6097",0xd38b22794b308a2e55808a13d1e6a80c4be94fd5,62514232,2026-08-07T00:16:08Z
0x0e715539593063503d9827237610788fb86c0182,2,"1370,9822",0xd38b22794b308a2e55808a13d1e6a80c4be94fd5,62514232,2026-08-07T00:16:08Z
0x0d42c39c2dfaef25d576eb7adf7504b495054818,2,"8573,8634",0xd38b22794b308a2e55808a13d1e6a80c4be94fd5,62514232,2026-08-07T00:16:08Z
0x0a86fb81b63046c04387243147218638ac76c21f,2,"830,3739",0xd38b22794b308a2e55808a13d1e6a80c4be94fd5,62514232,2026-08-07T00:16:08Z
0x0a5ad307c2b47489889c206db313e2c79080c526,2,"7407,8602",0xd38b22794b308a2e55808a13d1e6a80c4be94fd5,62514232,2026-08-07T00:16:08Z
0x09b8151c6e3d18e514e5582c501f9fcb4b4d5922,2,"7319,8985",0xd38b22794b308a2e55808a13d1e6a80c4be94fd5,62514232,2026-08-07T00:16:08Z
0x09b44efa943093e6a448b4cf25d150ef44b4ed54,2,"783,793",0xd38b22794b308a2e55808a13d1e6a80c4be94fd5,62514232,2026-08-07T00:16:08Z
0x07fcc3384d4cd5e142164ce6c157fea255c4e2b9,2,"7327,8593",0xd38b22794b308a2e55808a13d1e6a80c4be94fd5,62514232,2026-08-07T00:16:08Z
0x0608037fd563fa0d159adb934ffc9035df56fb88,2,"980,4984",0xd38b22794b308a2e55808a13d1e6a80c4be94fd5,62514232,2026-08-07T00:16:08Z
0x059877d4b17b2887395725db1455309450bbbac4,2,"7318,7328",0xd38b22794b308a2e55808a13d1e6a80c4be94fd5,62514232,2026-08-07T00:16:08Z
0x04f38a427bc7c1cdf6d408b3b9593194a3dcf2d3,2,"3507,6686",0xd38b22794b308a2e55808a13d1e6a80c4be94fd5,62514232,2026-08-07T00:16:08Z
0x042a7172069e878b527b5c7bcce4b01353217399,2,"1899,3479",0xd38b22794b308a2e55808a13d1e6a80c4be94fd5,62514232,2026-08-07T00:16:08Z
0x04153706cb266b8bf393f24346e84bc7b6a426ef,2,"4632,7197",0xd38b22794b308a2e55808a13d1e6a80c4be94fd5,62514232,2026-08-07T00:16:08Z
0x04152f1a50c744f820284bc01fa95ad555a9f03c,2,"8887,9320",0xd38b22794b308a2e55808a13d1e6a80c4be94fd5,62514232,2026-08-07T00:16:08Z
0x03bea84c677be4770678f76d9c953584edbf85de,2,"8575,8990",0xd38b22794b308a2e55808a13d1e6a80c4be94fd5,62514232,2026-08-07T00:16:08Z
0x02a7cff0ca5819553a9438061f3d90350a0ba82d,2,"991,995",0xd38b22794b308a2e55808a13d1e6a80c4be94fd5,62514232,2026-08-07T00:16:08Z
0x0211265d5538c6573ccf89815a6af6e9806b2868,2,"4008,9202",0xd38b22794b308a2e55808a13d1e6a80c4be94fd5,62514232,2026-08-07T00:16:08Z
0x017d71f077c96df5806be2218fa253f4ed156de7,2,"7322,8994",0xd38b22794b308a2e55808a13d1e6a80c4be94fd5,62514232,2026-08-07T00:16:08Z
0x00e8281fbef8e201f8313ebb853bad3325d383ac,2,"3587,3859",0xd38b22794b308a2e55808a13d1e6a80c4be94fd5,62514232,2026-08-07T00:16:08Z
0x006635f2cb4428eb135dafe928facde1321744a9,2,"154,4333",0xd38b22794b308a2e55808a13d1e6a80c4be94fd5,62514232,2026-08-07T00:16:08Z
0xffaeac26ec9b59778bb81f39b95a9362ba3a47bd,1,1792,0xd38b22794b308a2e55808a13d1e6a80c4be94fd5,62514232,2026-08-07T00:16:08Z
0xfeeede280dc6b77f0591afdb5b2fd266eb648759,1,258,0xd38b22794b308a2e55808a13d1e6a80c4be94fd5,62514232,2026-08-07T00:16:08Z
0xfe28a704f65859481c0023df136e580ca8a3299a,1,184,0xd38b22794b308a2e55808a13d1e6a80c4be94fd5,62514232,2026-08-07T00:16:08Z
0xfd5d001eecee184e8730af78d716391dd908a2e9,1,8418,0xd38b22794b308a2e55808a13d1e6a80c4be94fd5,62514232,2026-08-07T00:16:08Z
0xfcb6b8dadb21312f002cc94712f980c9467a0bbf,1,244,0xd38b22794b308a2e55808a13d1e6a80c4be94fd5,62514232,2026-08-07T00:16:08Z
0xfaef2e43312cdc0fda01d021cb2220e7a5158e95,1,1348,0xd38b22794b308a2e55808a13d1e6a80c4be94fd5,62514232,2026-08-07T00:16:08Z
0xfa9bb6e8b195fc85f3275bc5cc61ee135a017f43,1,4759,0xd38b22794b308a2e55808a13d1e6a80c4be94fd5,62514232,2026-08-07T00:16:08Z
0xfa91e89bb68ff4fd99fe6f41b3a604900a434ed5,1,3560,0xd38b22794b308a2e55808a13d1e6a80c4be94fd5,62514232,2026-08-07T00:16:08Z
0xf95f532a50fbc339b5fb204730a778f13d814d54,1,8722,0xd38b22794b308a2e55808a13d1e6a80c4be94fd5,62514232,2026-08-07T00:16:08Z
0xf905355c443448ee8be1a11f422ecee4befe704a,1,408,0xd38b22794b308a2e55808a13d1e6a80c4be94fd5,62514232,2026-08-07T00:16:08Z
0xf8ac28024cce1c780debec00d10f5f0376f651db,1,8305,0xd38b22794b308a2e55808a13d1e6a80c4be94fd5,62514232,2026-08-07T00:16:08Z
0xf88b549de955ee9fe687818ef87efb7b1d683070,1,4484,0xd38b22794b308a2e55808a13d1e6a80c4be94fd5,62514232,2026-08-07T00:16:08Z
0xf6fa960ab19dbae7bf53829c913e1c2a705dee36,1,5884,0xd38b22794b308a2e55808a13d1e6a80c4be94fd5,62514232,2026-08-07T00:16:08Z
0xf69c4bd64799e7e21829f15be99adee089a8d1c9,1,9323,0xd38b22794b308a2e55808a13d1e6a80c4be94fd5,62514232,2026-08-07T00:16:08Z
0xf67206a12e8b01751b21ccb75144e052d883a63b,1,8832,0xd38b22794b308a2e55808a13d1e6a80c4be94fd5,62514232,2026-08-07T00:16:08Z
0xf6601453b56135db853025e2717deb41cfecbc7e,1,3066,0xd38b22794b308a2e55808a13d1e6a80c4be94fd5,62514232,2026-08-07T00:16:08Z
0xf5b47799f9c47d7e717664df85825032dabed9ec,1,5996,0xd38b22794b308a2e55808a13d1e6a80c4be94fd5,62514232,2026-08-07T00:16:08Z
0xf4df49e07637ca9840485140ef377054d65c7cba,1,7888,0xd38b22794b308a2e55808a13d1e6a80c4be94fd5,62514232,2026-08-07T00:16:08Z
0xf265f377b38b3cd8c744aa6e863f62a1b51e6523,1,3500,0xd38b22794b308a2e55808a13d1e6a80c4be94fd5,62514232,2026-08-07T00:16:08Z
0xf233c9c36ec25d33b4c80bafe18ff56e2f18eaef,1,7131,0xd38b22794b308a2e55808a13d1e6a80c4be94fd5,62514232,2026-08-07T00:16:08Z
0xf0f3be60347b9a93419cbc2576423ef849b645e4,1,1619,0xd38b22794b308a2e55808a13d1e6a80c4be94fd5,62514232,2026-08-07T00:16:08Z
0xefd231e555f158e00d98508a4b2508e2c82da609,1,142,0xd38b22794b308a2e55808a13d1e6a80c4be94fd5,62514232,2026-08-07T00:16:08Z
0xef4393c1dddd8320b0a06941822fab654044b09f,1,4244,0xd38b22794b308a2e55808a13d1e6a80c4be94fd5,62514232,2026-08-07T00:16:08Z
0xeebc7af3c574a6e7eda8f07b4a35736721b49392,1,7573,0xd38b22794b308a2e55808a13d1e6a80c4be94fd5,62514232,2026-08-07T00:16:08Z
0xeea8f73d103b0456b75af45b9f95ddd6f4550e40,1,5677,0xd38b22794b308a2e55808a13d1e6a80c4be94fd5,62514232,2026-08-07T00:16:08Z
0xee145ea51813901a69a265c44345ce0d85979271,1,3381,0xd38b22794b308a2e55808a13d1e6a80c4be94fd5,62514232,2026-08-07T00:16:08Z
0xec40c8cfff44a3631c5e972c4ddf0702e666d6f8,1,9204,0xd38b22794b308a2e55808a13d1e6a80c4be94fd5,62514232,2026-08-07T00:16:08Z
0xebc64ad0c4b2d56a52929f04343395061c02c03c,1,2366,0xd38b22794b308a2e55808a13d1e6a80c4be94fd5,62514232,2026-08-07T00:16:08Z
0xeb8f7b8c27732e00bef318441422000d8ccd1e54,1,1659,0xd38b22794b308a2e55808a13d1e6a80c4be94fd5,62514232,2026-08-07T00:16:08Z
0xeb82f7c75f56a31b33cb8115be96529da4b35eeb,1,274,0xd38b22794b308a2e55808a13d1e6a80c4be94fd5,62514232,2026-08-07T00:16:08Z
0xeb7ddd2da911c00c90a3ee44f59add4ccadff17c,1,3429,0xd38b22794b308a2e55808a13d1e6a80c4be94fd5,62514232,2026-08-07T00:16:08Z
0xeb0e8838f38eabfb530d895e437f4b6087186f51,1,5741,0xd38b22794b308a2e55808a13d1e6a80c4be94fd5,62514232,2026-08-07T00:16:08Z
0xea24e1a7a35a4eb437f39ae25ce16cf4cc0f671d,1,7496,0xd38b22794b308a2e55808a13d1e6a80c4be94fd5,62514232,2026-08-07T00:16:08Z
0xe9d97b4e3a36640786720c51256a017f2d5963de,1,8436,0xd38b22794b308a2e55808a13d1e6a80c4be94fd5,62514232,2026-08-07T00:16:08Z
0xe9a5f4aeae56647ef55dde36cade61ad72f05349,1,124,0xd38b22794b308a2e55808a13d1e6a80c4be94fd5,62514232,2026-08-07T00:16:08Z
0xe93366038881757aa3a499d564b36e8f61f8e21b,1,4911,0xd38b22794b308a2e55808a13d1e6a80c4be94fd5,62514232,2026-08-07T00:16:08Z
0xe8fddb45457cf34ebddcdb79c3fcfda311049aed,1,6525,0xd38b22794b308a2e55808a13d1e6a80c4be94fd5,62514232,2026-08-07T00:16:08Z
0xe5973c229389e39566904dd09f39d0b57c5a1fb5,1,1018,0xd38b22794b308a2e55808a13d1e6a80c4be94fd5,62514232,2026-08-07T00:16:08Z
0xe58d27b83d8f9efd2b6d7eff0aabf92ae1ff5df9,1,3794,0xd38b22794b308a2e55808a13d1e6a80c4be94fd5,62514232,2026-08-07T00:16:08Z
0xe5845761e7773976055f2559ca54be41f09d9e88,1,5041,0xd38b22794b308a2e55808a13d1e6a80c4be94fd5,62514232,2026-08-07T00:16:08Z
0xe3faedc7d1d2985e15c93b5e91fdc42a25ee1c72,1,107,0xd38b22794b308a2e55808a13d1e6a80c4be94fd5,62514232,2026-08-07T00:16:08Z
0xe2a07147b3d18414fcf59ed4a63f4918dd34e59c,1,986,0xd38b22794b308a2e55808a13d1e6a80c4be94fd5,62514232,2026-08-07T00:16:08Z
0xe2763df5eafe829705f2b49a713b887d3b208c02,1,291,0xd38b22794b308a2e55808a13d1e6a80c4be94fd5,62514232,2026-08-07T00:16:08Z
0xe13296f627e9e5915aa902a8d572e1de099e5c68,1,9289,0xd38b22794b308a2e55808a13d1e6a80c4be94fd5,62514232,2026-08-07T00:16:08Z
0xe062a153b5d41c6b3f0b1475444798bf68a83f14,1,7666,0xd38b22794b308a2e55808a13d1e6a80c4be94fd5,62514232,2026-08-07T00:16:08Z
0xe0606e43bba8724b3bf90c7983b982222e713882,1,171,0xd38b22794b308a2e55808a13d1e6a80c4be94fd5,62514232,2026-08-07T00:16:08Z
0xe032d5cb6d9a4cdc72b8b9336c575da18b50b963,1,393,0xd38b22794b308a2e55808a13d1e6a80c4be94fd5,62514232,2026-08-07T00:16:08Z
0xdfd7a1c6cc7d9ceda10da6db1fc18518e250bfbd,1,265,0xd38b22794b308a2e55808a13d1e6a80c4be94fd5,62514232,2026-08-07T00:16:08Z
0xdfadb6352d1b1e78be9714c4178bd73c06a6ff29,1,490,0xd38b22794b308a2e55808a13d1e6a80c4be94fd5,62514232,2026-08-07T00:16:08Z
0xdfad9a64769da942679d4e3d2e5b3b4709a96a7a,1,4788,0xd38b22794b308a2e55808a13d1e6a80c4be94fd5,62514232,2026-08-07T00:16:08Z
0xdf788d3448dfa8d6f3fcad7ef94463740b472310,1,7618,0xd38b22794b308a2e55808a13d1e6a80c4be94fd5,62514232,2026-08-07T00:16:08Z
0xde7979793eea8ffa19e3db7f7e7826fed350eeba,1,4175,0xd38b22794b308a2e55808a13d1e6a80c4be94fd5,62514232,2026-08-07T00:16:08Z
0xde3477f47616d644f8adb54cb0c1dcd810755169,1,4162,0xd38b22794b308a2e55808a13d1e6a80c4be94fd5,62514232,2026-08-07T00:16:08Z
0xdc90062b1202cf30cf2fc6b2cca007af94c8f231,1,134,0xd38b22794b308a2e55808a13d1e6a80c4be94fd5,62514232,2026-08-07T00:16:08Z
0xdc444a464e4c2369430ca3ad2c950ad3abed5d1f,1,1869,0xd38b22794b308a2e55808a13d1e6a80c4be94fd5,62514232,2026-08-07T00:16:08Z
0xdbd161be988b95d2b263f8eac431264240227127,1,7992,0xd38b22794b308a2e55808a13d1e6a80c4be94fd5,62514232,2026-08-07T00:16:08Z
0xdbbfdd1329452c7db8d93919f612942f619ed733,1,4044,0xd38b22794b308a2e55808a13d1e6a80c4be94fd5,62514232,2026-08-07T00:16:08Z
0xdb382e8c08e68d8e8e6f35439b6875c84b3d2887,1,608,0xd38b22794b308a2e55808a13d1e6a80c4be94fd5,62514232,2026-08-07T00:16:08Z
0xda684de027845d15ba1dd229bc301419bce47e84,1,1454,0xd38b22794b308a2e55808a13d1e6a80c4be94fd5,62514232,2026-08-07T00:16:08Z
0xd91064cc2eb2881aaa5b5ae7119316b8a1c6ffa3,1,2414,0xd38b22794b308a2e55808a13d1e6a80c4be94fd5,62514232,2026-08-07T00:16:08Z
0xd8e7d57685ce2d022c1d0483a40573838736e52f,1,2275,0xd38b22794b308a2e55808a13d1e6a80c4be94fd5,62514232,2026-08-07T00:16:08Z
0xd8d058f2f679c8228f1258b453b4fdeb470b4477,1,3910,0xd38b22794b308a2e55808a13d1e6a80c4be94fd5,62514232,2026-08-07T00:16:08Z
0xd88b62f91a492df468315d684ec2e454320b0586,1,5834,0xd38b22794b308a2e55808a13d1e6a80c4be94fd5,62514232,2026-08-07T00:16:08Z
0xd7bc675787c8ee96588f296c12bada8b041eb48d,1,378,0xd38b22794b308a2e55808a13d1e6a80c4be94fd5,62514232,2026-08-07T00:16:08Z
0xd699dc8bc53dd68b25aa87795957ff2abc6ca78a,1,141,0xd38b22794b308a2e55808a13d1e6a80c4be94fd5,62514232,2026-08-07T00:16:08Z
0xd5b47b80668840e7164c1d1d81af8a9d9727b421,1,280,0xd38b22794b308a2e55808a13d1e6a80c4be94fd5,62514232,2026-08-07T00:16:08Z
0xd4883eea1b6cb8d43b4828ebc5f03954f3f03dd3,1,8815,0xd38b22794b308a2e55808a13d1e6a80c4be94fd5,62514232,2026-08-07T00:16:08Z
0xd339b9e2f5cf3b4e2f4fc5d8508e0cc0ae279bb8,1,7568,0xd38b22794b308a2e55808a13d1e6a80c4be94fd5,62514232,2026-08-07T00:16:08Z
0xd2695119e60cb742ccd54794587c5e67fb78bdb8,1,3382,0xd38b22794b308a2e55808a13d1e6a80c4be94fd5,62514232,2026-08-07T00:16:08Z
0xd25d62cf36a0163a0b41436d8da3d53bb888bc16,1,5425,0xd38b22794b308a2e55808a13d1e6a80c4be94fd5,62514232,2026-08-07T00:16:08Z
0xd2143b88b098bfe433292d90d8aa13dc0f58f69a,1,756,0xd38b22794b308a2e55808a13d1e6a80c4be94fd5,62514232,2026-08-07T00:16:08Z
0xd15bb52927ac046c72b6903e8e91dd880f497686,1,7015,0xd38b22794b308a2e55808a13d1e6a80c4be94fd5,62514232,2026-08-07T00:16:08Z
0xd114014c63a1c967bdd79c8cc407f6422bd99b6b,1,172,0xd38b22794b308a2e55808a13d1e6a80c4be94fd5,62514232,2026-08-07T00:16:08Z
0xd0e3c405b4d7f5ff586e529f0ea4fe8925cdd778,1,1533,0xd38b22794b308a2e55808a13d1e6a80c4be94fd5,62514232,2026-08-07T00:16:08Z
0xd0d68bf506cce28380dae5aa9fb7c52913b3e2ef,1,206,0xd38b22794b308a2e55808a13d1e6a80c4be94fd5,62514232,2026-08-07T00:16:08Z
0xd0c7bece727a8894f750919078505f83348a045b,1,75,0xd38b22794b308a2e55808a13d1e6a80c4be94fd5,62514232,2026-08-07T00:16:08Z
0xd0a7c8e28ccf057662107281db2ed43e1881cfbb,1,140,0xd38b22794b308a2e55808a13d1e6a80c4be94fd5,62514232,2026-08-07T00:16:08Z
0xd006bd6b8a30ae85cf9a8a427e10c04efc1bb2f6,1,7882,0xd38b22794b308a2e55808a13d1e6a80c4be94fd5,62514232,2026-08-07T00:16:08Z
0xcf40543aeb62ccdc84f3f05ea0ef44728b003491,1,6002,0xd38b22794b308a2e55808a13d1e6a80c4be94fd5,62514232,2026-08-07T00:16:08Z
0xcf249deebb12ab9f8ba5028fa58d625cbd62f59b,1,8298,0xd38b22794b308a2e55808a13d1e6a80c4be94fd5,62514232,2026-08-07T00:16:08Z
0xcf0f6c8757f89c3b68179690a25e7daea05206ba,1,3073,0xd38b22794b308a2e55808a13d1e6a80c4be94fd5,62514232,2026-08-07T00:16:08Z
0xce58cc6b082011f9f4669a2f160fb90f430f14f1,1,216,0xd38b22794b308a2e55808a13d1e6a80c4be94fd5,62514232,2026-08-07T00:16:08Z
0xce3f17ff0f62bc9b2e27c64ed9b6838828ac73ba,1,102,0xd38b22794b308a2e55808a13d1e6a80c4be94fd5,62514232,2026-08-07T00:16:08Z
0xcd7605cfe12f554657588f5f7e7015ec01b62d67,1,266,0xd38b22794b308a2e55808a13d1e6a80c4be94fd5,62514232,2026-08-07T00:16:08Z
0xccdb67bec0ce7d3d3efc28e4933e484c381f7081,1,8210,0xd38b22794b308a2e55808a13d1e6a80c4be94fd5,62514232,2026-08-07T00:16:08Z
0xcc8f6631d100f599b5179a0ce8d2f85347773a9d,1,205,0xd38b22794b308a2e55808a13d1e6a80c4be94fd5,62514232,2026-08-07T00:16:08Z
0xcc89ec35fcecc62273603b6031f93ca692a54414,1,7289,0xd38b22794b308a2e55808a13d1e6a80c4be94fd5,62514232,2026-08-07T00:16:08Z
0xcc8648b2c461c9ec16883e9d5d7de54d2a010aa1,1,60,0xd38b22794b308a2e55808a13d1e6a80c4be94fd5,62514232,2026-08-07T00:16:08Z
0xcc4fe4e44bd798234762feb0d17e1cab72a4d6cd,1,5191,0xd38b22794b308a2e55808a13d1e6a80c4be94fd5,62514232,2026-08-07T00:16:08Z
0xcb9040f4be7127cd663d4905de1b63972493c20e,1,3891,0xd38b22794b308a2e55808a13d1e6a80c4be94fd5,62514232,2026-08-07T00:16:08Z
0xcb0e1441e38489587891c686b193b71e82faa85e,1,8011,0xd38b22794b308a2e55808a13d1e6a80c4be94fd5,62514232,2026-08-07T00:16:08Z
0xcb053654a4a8204019f0ce787bc924920e7abc5b,1,1429,0xd38b22794b308a2e55808a13d1e6a80c4be94fd5,62514232,2026-08-07T00:16:08Z
0xcaed230e3a8ac5fa16595810ade9cb739f47f6ba,1,181,0xd38b22794b308a2e55808a13d1e6a80c4be94fd5,62514232,2026-08-07T00:16:08Z
0xca1b8f95046506fdf2560880b2beb2950cc9aed6,1,234,0xd38b22794b308a2e55808a13d1e6a80c4be94fd5,62514232,2026-08-07T00:16:08Z
0xc9e5218c2f93962917b0f3eea730c0cdf90458eb,1,6366,0xd38b22794b308a2e55808a13d1e6a80c4be94fd5,62514232,2026-08-07T00:16:08Z
0xc9aa4d7a47472b5b5d0b7f64430dab4da12ec4eb,1,1009,0xd38b22794b308a2e55808a13d1e6a80c4be94fd5,62514232,2026-08-07T00:16:08Z
0xc97f45a07e0fbc3c058c49f70b4480cf89bd3569,1,933,0xd38b22794b308a2e55808a13d1e6a80c4be94fd5,62514232,2026-08-07T00:16:08Z
0xc928620f0aae35374794729c3e89d02ecc9facf2,1,4712,0xd38b22794b308a2e55808a13d1e6a80c4be94fd5,62514232,2026-08-07T00:16:08Z
0xc8d566a2724a533bd1c0e8528eea5f0150a125ac,1,5999,0xd38b22794b308a2e55808a13d1e6a80c4be94fd5,62514232,2026-08-07T00:16:08Z
0xc8b806eaf62dbed134ee918f8beb9244182eed45,1,9152,0xd38b22794b308a2e55808a13d1e6a80c4be94fd5,62514232,2026-08-07T00:16:08Z
0xc660cbf38011007f975744df85fc591c194d17c3,1,8271,0xd38b22794b308a2e55808a13d1e6a80c4be94fd5,62514232,2026-08-07T00:16:08Z
0xc5b089fb9574f3492b9ac3d6c13a93ef93040ecb,1,6346,0xd38b22794b308a2e55808a13d1e6a80c4be94fd5,62514232,2026-08-07T00:16:08Z
0xc3d24436cf13323d5de12e5c3662cd2c300b5d2b,1,4742,0xd38b22794b308a2e55808a13d1e6a80c4be94fd5,62514232,2026-08-07T00:16:08Z
0xc3b5533cfed62c10e8fc04aecbd4bd09312841d0,1,129,0xd38b22794b308a2e55808a13d1e6a80c4be94fd5,62514232,2026-08-07T00:16:08Z
0xc34d15574ec0b650cc19ffcf3489a6ae0b3f25c6,1,132,0xd38b22794b308a2e55808a13d1e6a80c4be94fd5,62514232,2026-08-07T00:16:08Z
0xc262cb862d45d9259ebfd3014ba6468c8e62925e,1,4300,0xd38b22794b308a2e55808a13d1e6a80c4be94fd5,62514232,2026-08-07T00:16:08Z
0xc215c6ca26cc41ace14cfcb2171a0982d6cdc36f,1,7999,0xd38b22794b308a2e55808a13d1e6a80c4be94fd5,62514232,2026-08-07T00:16:08Z
0xc1ce096e968b98be8861aff0b7b3772ac7d37d52,1,1162,0xd38b22794b308a2e55808a13d1e6a80c4be94fd5,62514232,2026-08-07T00:16:08Z
0xc003c9c054c31c93c8741ae18c554cd617a7d0f6,1,5002,0xd38b22794b308a2e55808a13d1e6a80c4be94fd5,62514232,2026-08-07T00:16:08Z
0xbfcf1e7708132523ed281d6f776d41c219d8c129,1,6354,0xd38b22794b308a2e55808a13d1e6a80c4be94fd5,62514232,2026-08-07T00:16:08Z
0xbf7be437858e87ed645042e01c9a78ee93a81761,1,201,0xd38b22794b308a2e55808a13d1e6a80c4be94fd5,62514232,2026-08-07T00:16:08Z
0xbf3f25e8815ea0e12ee53c2e046439925f1a08fd,1,8282,0xd38b22794b308a2e55808a13d1e6a80c4be94fd5,62514232,2026-08-07T00:16:08Z
0xbeb26afe641a88da9ddf1b152d240ca5917839bc,1,4943,0xd38b22794b308a2e55808a13d1e6a80c4be94fd5,62514232,2026-08-07T00:16:08Z
0xbd2670d4253103efd9272ead153b0ce82182f3e5,1,261,0xd38b22794b308a2e55808a13d1e6a80c4be94fd5,62514232,2026-08-07T00:16:08Z
0xbd1e39fc259257244e9a53a5cf634e63941ac798,1,176,0xd38b22794b308a2e55808a13d1e6a80c4be94fd5,62514232,2026-08-07T00:16:08Z
0xbcd82a67396213b49b3cc7c69e9ff40ab6752792,1,249,0xd38b22794b308a2e55808a13d1e6a80c4be94fd5,62514232,2026-08-07T00:16:08Z
0xbc4ee9567a4b8202cfdc37f6696454da25bea2f5,1,2051,0xd38b22794b308a2e55808a13d1e6a80c4be94fd5,62514232,2026-08-07T00:16:08Z
0xbc37c2d16d28fd721bf66b96bf41fbe2f2e609c8,1,8675,0xd38b22794b308a2e55808a13d1e6a80c4be94fd5,62514232,2026-08-07T00:16:08Z
0xbc2c226364fbded527ba8d13ff5af7fb359a0e43,1,158,0xd38b22794b308a2e55808a13d1e6a80c4be94fd5,62514232,2026-08-07T00:16:08Z
0xbc011c43c0c400a427bd12eb4b17b7ecc4f0841e,1,6771,0xd38b22794b308a2e55808a13d1e6a80c4be94fd5,62514232,2026-08-07T00:16:08Z
0xbab69b50327ad185449a91bfa4d0d11aa6c3e307,1,4530,0xd38b22794b308a2e55808a13d1e6a80c4be94fd5,62514232,2026-08-07T00:16:08Z
0xba8c09abe8f1d9c84eb54018fe6c3fffd29d1180,1,218,0xd38b22794b308a2e55808a13d1e6a80c4be94fd5,62514232,2026-08-07T00:16:08Z
0xb9c98869713e83d191b64290f2670caa4eabe22d,1,9985,0xd38b22794b308a2e55808a13d1e6a80c4be94fd5,62514232,2026-08-07T00:16:08Z
0xb9afffcb8b000e6fd158176fc0811d21bf2d2e1e,1,1463,0xd38b22794b308a2e55808a13d1e6a80c4be94fd5,62514232,2026-08-07T00:16:08Z
0xb8c6b26ac5f17f20033b068149735c95ba113694,1,2731,0xd38b22794b308a2e55808a13d1e6a80c4be94fd5,62514232,2026-08-07T00:16:08Z
0xb893ce7529bcb6b241660308e38b93b48eb560c0,1,5320,0xd38b22794b308a2e55808a13d1e6a80c4be94fd5,62514232,2026-08-07T00:16:08Z
0xb7b650e1c309edb2b36f7ec3cd741956cd529027,1,987,0xd38b22794b308a2e55808a13d1e6a80c4be94fd5,62514232,2026-08-07T00:16:08Z
0xb755b0efbf980e70b27d796f7def2cf249557925,1,5931,0xd38b22794b308a2e55808a13d1e6a80c4be94fd5,62514232,2026-08-07T00:16:08Z
0xb6e197272540d484d65dc3843eb9ed112bf74659,1,430,0xd38b22794b308a2e55808a13d1e6a80c4be94fd5,62514232,2026-08-07T00:16:08Z
0xb69aa28703284445233422f39ca3afe9e624ac72,1,9974,0xd38b22794b308a2e55808a13d1e6a80c4be94fd5,62514232,2026-08-07T00:16:08Z
0xb63875c9c63fcb23a02665c801d402eab34fc99a,1,5977,0xd38b22794b308a2e55808a13d1e6a80c4be94fd5,62514232,2026-08-07T00:16:08Z
0xb5bc66efacbdefffcc9878e6de08e1dbf80a5e5e,1,5639,0xd38b22794b308a2e55808a13d1e6a80c4be94fd5,62514232,2026-08-07T00:16:08Z
0xb552cd18d682263958a224c057d8d415c8de3e03,1,9134,0xd38b22794b308a2e55808a13d1e6a80c4be94fd5,62514232,2026-08-07T00:16:08Z
0xb43d88badb90cbcbe99ced58f314ebc422024485,1,958,0xd38b22794b308a2e55808a13d1e6a80c4be94fd5,62514232,2026-08-07T00:16:08Z
0xb42580cc6d79dc111852160c0942527fedf01318,1,295,0xd38b22794b308a2e55808a13d1e6a80c4be94fd5,62514232,2026-08-07T00:16:08Z
0xb3626bf8d35ede7f658a036ac31398b707797f4d,1,164,0xd38b22794b308a2e55808a13d1e6a80c4be94fd5,62514232,2026-08-07T00:16:08Z
0xb2e615512c5c74573916854e0e62920c918e3455,1,8382,0xd38b22794b308a2e55808a13d1e6a80c4be94fd5,62514232,2026-08-07T00:16:08Z
0xb24f71edfaeb2f13d155e3116dbdec0e509c1110,1,8740,0xd38b22794b308a2e55808a13d1e6a80c4be94fd5,62514232,2026-08-07T00:16:08Z
0xb2268b8057818cccc23c09de8ffd31f71468e072,1,3442,0xd38b22794b308a2e55808a13d1e6a80c4be94fd5,62514232,2026-08-07T00:16:08Z
0xb0dd61a5390210f31d9187936c7b5c68d4f48804,1,1812,0xd38b22794b308a2e55808a13d1e6a80c4be94fd5,62514232,2026-08-07T00:16:08Z
0xb0a1399087746f9f851ad351ec54cdae8a770177,1,2413,0xd38b22794b308a2e55808a13d1e6a80c4be94fd5,62514232,2026-08-07T00:16:08Z
0xb04f551388d8d0b242a5b2aa1993cf18fa26260e,1,7564,0xd38b22794b308a2e55808a13d1e6a80c4be94fd5,62514232,2026-08-07T00:16:08Z
0xb04a2232ea59f903a36e3ed4b1d1c90c71dc5814,1,8269,0xd38b22794b308a2e55808a13d1e6a80c4be94fd5,62514232,2026-08-07T00:16:08Z
0xaf65ba8ca22365dba154644f3b0484745b560b5b,1,7339,0xd38b22794b308a2e55808a13d1e6a80c4be94fd5,62514232,2026-08-07T00:16:08Z
0xae80ca1f042ee397c405d4b6c46761632669d4db,1,237,0xd38b22794b308a2e55808a13d1e6a80c4be94fd5,62514232,2026-08-07T00:16:08Z
0xae77719e9997567951bc08e6e42f885798ad4b71,1,116,0xd38b22794b308a2e55808a13d1e6a80c4be94fd5,62514232,2026-08-07T00:16:08Z
0xad26e67c9e13c8042f4c0de45df10d2a928cb810,1,2581,0xd38b22794b308a2e55808a13d1e6a80c4be94fd5,62514232,2026-08-07T00:16:08Z
0xacd37800e67ce9a35bf6cef176be1303d73f8f29,1,9116,0xd38b22794b308a2e55808a13d1e6a80c4be94fd5,62514232,2026-08-07T00:16:08Z
0xac94addffa8fe3deeaf0b16d358bcbdcd74a9fce,1,943,0xd38b22794b308a2e55808a13d1e6a80c4be94fd5,62514232,2026-08-07T00:16:08Z
0xaa7a1f97baaec2624e8456971e8fe31fa83cae2e,1,260,0xd38b22794b308a2e55808a13d1e6a80c4be94fd5,62514232,2026-08-07T00:16:08Z
0xa9fdec2607a35fd30a4ed2b68d6d7bcacbb86077,1,5475,0xd38b22794b308a2e55808a13d1e6a80c4be94fd5,62514232,2026-08-07T00:16:08Z
0xa9c800eef64bd5cdb5abedce7973fc699a393198,1,262,0xd38b22794b308a2e55808a13d1e6a80c4be94fd5,62514232,2026-08-07T00:16:08Z
0xa985957df680a5d92295f2166590c83adf4619b7,1,167,0xd38b22794b308a2e55808a13d1e6a80c4be94fd5,62514232,2026-08-07T00:16:08Z
0xa88bea34c9b1d56681e72150d49238a23daad189,1,268,0xd38b22794b308a2e55808a13d1e6a80c4be94fd5,62514232,2026-08-07T00:16:08Z
0xa86de09c366626f1d0ffb0e7a85173e94e7bc7ed,1,945,0xd38b22794b308a2e55808a13d1e6a80c4be94fd5,62514232,2026-08-07T00:16:08Z
0xa81aa2a067acd9656a327966cadba4c09c676c53,1,7537,0xd38b22794b308a2e55808a13d1e6a80c4be94fd5,62514232,2026-08-07T00:16:08Z
0xa7b69420589774dd2e3138d002507194a5201804,1,2248,0xd38b22794b308a2e55808a13d1e6a80c4be94fd5,62514232,2026-08-07T00:16:08Z
0xa76c73b7d62d47ddef1a0e2ca639f66f2e85157f,1,226,0xd38b22794b308a2e55808a13d1e6a80c4be94fd5,62514232,2026-08-07T00:16:08Z
0xa735a6ff4cb31ec378854b6259e6ee0864b38ebf,1,73,0xd38b22794b308a2e55808a13d1e6a80c4be94fd5,62514232,2026-08-07T00:16:08Z
0xa726e5a88e047cfbb123c28db71d498a144978f8,1,6370,0xd38b22794b308a2e55808a13d1e6a80c4be94fd5,62514232,2026-08-07T00:16:08Z
0xa6d2bb016b1f4ed5698dbe035af9b9499702c653,1,1515,0xd38b22794b308a2e55808a13d1e6a80c4be94fd5,62514232,2026-08-07T00:16:08Z
0xa5d9fe377b6c821e08360526bf3879c859cbb52c,1,847,0xd38b22794b308a2e55808a13d1e6a80c4be94fd5,62514232,2026-08-07T00:16:08Z
0xa3b8e69e4b528e8aaf948a106126b5528427143b,1,214,0xd38b22794b308a2e55808a13d1e6a80c4be94fd5,62514232,2026-08-07T00:16:08Z
0xa3a5dc96f5fa44911bb3741ca66ad87c79de6714,1,1019,0xd38b22794b308a2e55808a13d1e6a80c4be94fd5,62514232,2026-08-07T00:16:08Z
0xa37fbd2264b48ed56dd7de8b9b83db35561700ef,1,220,0xd38b22794b308a2e55808a13d1e6a80c4be94fd5,62514232,2026-08-07T00:16:08Z
0xa37874fc1ae40c20c27d34e62fb03aeb94d6b1e3,1,6699,0xd38b22794b308a2e55808a13d1e6a80c4be94fd5,62514232,2026-08-07T00:16:08Z
0xa27aacda9b16dd45919d0a1909be0d0e26763e13,1,690,0xd38b22794b308a2e55808a13d1e6a80c4be94fd5,62514232,2026-08-07T00:16:08Z
0xa1b342ef9cf077407c261d59bb481df0b92d5b54,1,5760,0xd38b22794b308a2e55808a13d1e6a80c4be94fd5,62514232,2026-08-07T00:16:08Z
0xa12bdcb79e7d54e21209e0380ba7354457092934,1,5216,0xd38b22794b308a2e55808a13d1e6a80c4be94fd5,62514232,2026-08-07T00:16:08Z
0x9f884384db81c0202e0229a7bd7d4b0804b636f5,1,5892,0xd38b22794b308a2e55808a13d1e6a80c4be94fd5,62514232,2026-08-07T00:16:08Z
0x9f6821b0b9b377c8743852a4fe222cd2cd63c75c,1,8498,0xd38b22794b308a2e55808a13d1e6a80c4be94fd5,62514232,2026-08-07T00:16:08Z
0x9ec67d463e394c0306872a49cda4d2b0db9c8b27,1,2729,0xd38b22794b308a2e55808a13d1e6a80c4be94fd5,62514232,2026-08-07T00:16:08Z
0x9eaa0ebf303ce5e6c9ce3059d734a890bfafb9f6,1,128,0xd38b22794b308a2e55808a13d1e6a80c4be94fd5,62514232,2026-08-07T00:16:08Z
0x9e407dab6b2faed029e2a6d32234be5f5ff58c22,1,6509,0xd38b22794b308a2e55808a13d1e6a80c4be94fd5,62514232,2026-08-07T00:16:08Z
0x9df06e44585d1a5b9869a5e5630709e1c74b3b3a,1,239,0xd38b22794b308a2e55808a13d1e6a80c4be94fd5,62514232,2026-08-07T00:16:08Z
0x9d9968418f7cd49f25758e409b6f7ae46c9cba01,1,469,0xd38b22794b308a2e55808a13d1e6a80c4be94fd5,62514232,2026-08-07T00:16:08Z
0x9d3dc76c5495a16e4bf8d76f1221327e694cb131,1,1763,0xd38b22794b308a2e55808a13d1e6a80c4be94fd5,62514232,2026-08-07T00:16:08Z
0x9ce599e5fc6f557882a7a65418f0b77eee97c15d,1,787,0xd38b22794b308a2e55808a13d1e6a80c4be94fd5,62514232,2026-08-07T00:16:08Z
0x9cc0863cd0270cab25650e2c1f5c6fdc4ae29cb3,1,5109,0xd38b22794b308a2e55808a13d1e6a80c4be94fd5,62514232,2026-08-07T00:16:08Z
0x9c1f1a275776579ac74fa01d8687cb198b91f74d,1,925,0xd38b22794b308a2e55808a13d1e6a80c4be94fd5,62514232,2026-08-07T00:16:08Z
0x9b809cc9ecc98683ed85241de429afa177c1fde7,1,968,0xd38b22794b308a2e55808a13d1e6a80c4be94fd5,62514232,2026-08-07T00:16:08Z
0x9b61163ad92ee7e36ff6566ca6190a92b6690be6,1,3380,0xd38b22794b308a2e55808a13d1e6a80c4be94fd5,62514232,2026-08-07T00:16:08Z
0x9a5a297217a69e58a7baf14f23cfd684c4ba4aa0,1,9185,0xd38b22794b308a2e55808a13d1e6a80c4be94fd5,62514232,2026-08-07T00:16:08Z
0x9a4a475d7d7c638f43edb9ef83a71f71411cfc70,1,1,0xd38b22794b308a2e55808a13d1e6a80c4be94fd5,62514232,2026-08-07T00:16:08Z
0x99b6cb7235f7ba5659adcc2ea0829479023d72e6,1,1472,0xd38b22794b308a2e55808a13d1e6a80c4be94fd5,62514232,2026-08-07T00:16:08Z
0x99a5eaf1377b8128264a447ece0f12895caca68f,1,6697,0xd38b22794b308a2e55808a13d1e6a80c4be94fd5,62514232,2026-08-07T00:16:08Z
0x99670d6fc5256b89de0b5a97436bf73d223c5671,1,9271,0xd38b22794b308a2e55808a13d1e6a80c4be94fd5,62514232,2026-08-07T00:16:08Z
0x995a826fc3dd9cf4f26948dd187a08129ecc37e4,1,157,0xd38b22794b308a2e55808a13d1e6a80c4be94fd5,62514232,2026-08-07T00:16:08Z
0x9864417b6367c3a02b580338ff174df73b13448b,1,3710,0xd38b22794b308a2e55808a13d1e6a80c4be94fd5,62514232,2026-08-07T00:16:08Z
0x9819fda1492b8e261f87a9908bf3a24f8554da7d,1,1521,0xd38b22794b308a2e55808a13d1e6a80c4be94fd5,62514232,2026-08-07T00:16:08Z
0x97869f5189fb3c8ccf99b0703bb48e331add1250,1,208,0xd38b22794b308a2e55808a13d1e6a80c4be94fd5,62514232,2026-08-07T00:16:08Z
0x9772bfb632383ff2db8aa269bf3964efe17666cf,1,259,0xd38b22794b308a2e55808a13d1e6a80c4be94fd5,62514232,2026-08-07T00:16:08Z
0x96dd9324a2af63439c3569da3f7860c171f5081a,1,93,0xd38b22794b308a2e55808a13d1e6a80c4be94fd5,62514232,2026-08-07T00:16:08Z
0x96b79045a899693dd1131f04c257e941b30dc153,1,390,0xd38b22794b308a2e55808a13d1e6a80c4be94fd5,62514232,2026-08-07T00:16:08Z
0x9477861457123c55cd34c608068c58af2bff5dc8,1,3115,0xd38b22794b308a2e55808a13d1e6a80c4be94fd5,62514232,2026-08-07T00:16:08Z
0x9449260a73b87f207fa4e0ecde91f0661b692452,1,2150,0xd38b22794b308a2e55808a13d1e6a80c4be94fd5,62514232,2026-08-07T00:16:08Z
0x9436371d3bd112f16fe5e0671f8e1b43e48b4941,1,1657,0xd38b22794b308a2e55808a13d1e6a80c4be94fd5,62514232,2026-08-07T00:16:08Z
0x93caa458f900120f7270995ad7d1de4b45393755,1,5472,0xd38b22794b308a2e55808a13d1e6a80c4be94fd5,62514232,2026-08-07T00:16:08Z
0x933c5b6b0b3f30cef63754b6e12a0715ec1db8b3,1,110,0xd38b22794b308a2e55808a13d1e6a80c4be94fd5,62514232,2026-08-07T00:16:08Z
0x92ddd574ee24dcb18eb0fb8464b017047734725f,1,9418,0xd38b22794b308a2e55808a13d1e6a80c4be94fd5,62514232,2026-08-07T00:16:08Z
0x92907fd29577de2275330fc50ff467b954aca864,1,1114,0xd38b22794b308a2e55808a13d1e6a80c4be94fd5,62514232,2026-08-07T00:16:08Z
0x927bf8f3c81c96aa03a310371eca130c470c1f7b,1,7649,0xd38b22794b308a2e55808a13d1e6a80c4be94fd5,62514232,2026-08-07T00:16:08Z
0x923f4afc77a7451579ce0e8b0f647426951bf064,1,4344,0xd38b22794b308a2e55808a13d1e6a80c4be94fd5,62514232,2026-08-07T00:16:08Z
0x921d9a3d21920ee11457f19fd2ade52a2e7a06ce,1,242,0xd38b22794b308a2e55808a13d1e6a80c4be94fd5,62514232,2026-08-07T00:16:08Z
0x9129467274790d1edc42ece76453e37f138a5339,1,232,0xd38b22794b308a2e55808a13d1e6a80c4be94fd5,62514232,2026-08-07T00:16:08Z
0x90231151cf3ac9056b349da547b888024a3522c6,1,8677,0xd38b22794b308a2e55808a13d1e6a80c4be94fd5,62514232,2026-08-07T00:16:08Z
0x900f2bbbe8b02d033f8730c51388ff6f2212892b,1,6188,0xd38b22794b308a2e55808a13d1e6a80c4be94fd5,62514232,2026-08-07T00:16:08Z
0x8feac93889c5002b467ae88eb9c74a91efb742a8,1,5410,0xd38b22794b308a2e55808a13d1e6a80c4be94fd5,62514232,2026-08-07T00:16:08Z
0x8f17349218343b414a90eb0f568dfa53a887a3d6,1,151,0xd38b22794b308a2e55808a13d1e6a80c4be94fd5,62514232,2026-08-07T00:16:08Z
0x8ddca770c777714de94cfb567a76dba60c20a828,1,1810,0xd38b22794b308a2e55808a13d1e6a80c4be94fd5,62514232,2026-08-07T00:16:08Z
0x8dc4b216d7ba88524508e97a6d2c08beb14d2885,1,297,0xd38b22794b308a2e55808a13d1e6a80c4be94fd5,62514232,2026-08-07T00:16:08Z
0x8d64b8417fb5c22bd0bf819f5523abd73acd120c,1,4750,0xd38b22794b308a2e55808a13d1e6a80c4be94fd5,62514232,2026-08-07T00:16:08Z
0x8d1d448cb0aad26b0004ca03d9ceecdc88d35844,1,6947,0xd38b22794b308a2e55808a13d1e6a80c4be94fd5,62514232,2026-08-07T00:16:08Z
0x8bbef539c1ed386bac9dbd50b53adc4c58a028fc,1,2035,0xd38b22794b308a2e55808a13d1e6a80c4be94fd5,62514232,2026-08-07T00:16:08Z
0x8a6a34eea0b7c7e30f1014835033f6f101beab53,1,1669,0xd38b22794b308a2e55808a13d1e6a80c4be94fd5,62514232,2026-08-07T00:16:08Z
0x89031998163f1506e315e5f092ab4b50f70777b9,1,3923,0xd38b22794b308a2e55808a13d1e6a80c4be94fd5,62514232,2026-08-07T00:16:08Z
0x86f2a9e1f0b44b83fccd01c18d90468e451dafda,1,9881,0xd38b22794b308a2e55808a13d1e6a80c4be94fd5,62514232,2026-08-07T00:16:08Z
0x8464da2c737dfe5b55c0d4be69fa7e84eb2249be,1,126,0xd38b22794b308a2e55808a13d1e6a80c4be94fd5,62514232,2026-08-07T00:16:08Z
0x8426b4d15697a82828563efa886fbf0445afd5ff,1,3449,0xd38b22794b308a2e55808a13d1e6a80c4be94fd5,62514232,2026-08-07T00:16:08Z
0x83dc5c6c62d8a4134910fb0c454473c10a55c8d3,1,4897,0xd38b22794b308a2e55808a13d1e6a80c4be94fd5,62514232,2026-08-07T00:16:08Z
0x821ceaa69dcd37bdeafb4ec44566a3952b5d74e4,1,641,0xd38b22794b308a2e55808a13d1e6a80c4be94fd5,62514232,2026-08-07T00:16:08Z
0x814542445930a5c4438dd8dced86a17f577b92ab,1,1016,0xd38b22794b308a2e55808a13d1e6a80c4be94fd5,62514232,2026-08-07T00:16:08Z
0x811546303ca58a3d26ab5b616f256b13522f92f4,1,9821,0xd38b22794b308a2e55808a13d1e6a80c4be94fd5,62514232,2026-08-07T00:16:08Z
0x80e1c7c616add85eb71c904ab321c868dc477a4c,1,1645,0xd38b22794b308a2e55808a13d1e6a80c4be94fd5,62514232,2026-08-07T00:16:08Z
0x80c09fa2cec7d89f16ef7e340e742c05bdcec71c,1,3848,0xd38b22794b308a2e55808a13d1e6a80c4be94fd5,62514232,2026-08-07T00:16:08Z
0x7fa2163bbdf10ffdf4be2e6a53d67d8ae9d3095b,1,1826,0xd38b22794b308a2e55808a13d1e6a80c4be94fd5,62514232,2026-08-07T00:16:08Z
0x7f4966c1e78d8248aa4d242ac4ecef6b1e371034,1,2924,0xd38b22794b308a2e55808a13d1e6a80c4be94fd5,62514232,2026-08-07T00:16:08Z
0x7dd499530dbffc774d3ddc2730d9e9e2a314677d,1,7285,0xd38b22794b308a2e55808a13d1e6a80c4be94fd5,62514232,2026-08-07T00:16:08Z
0x7d062af092e3dc840636798eb7bbced35cd2130c,1,1841,0xd38b22794b308a2e55808a13d1e6a80c4be94fd5,62514232,2026-08-07T00:16:08Z
0x7c4b2a3a0163c0caa91d51590bc3f34100ccf4b7,1,211,0xd38b22794b308a2e55808a13d1e6a80c4be94fd5,62514232,2026-08-07T00:16:08Z
0x7a432aa47cdf9a82b54b026a48890b7c4ae6fdac,1,1306,0xd38b22794b308a2e55808a13d1e6a80c4be94fd5,62514232,2026-08-07T00:16:08Z
0x7a1813e010dbf32bbd4081e7ad777418edb12169,1,5630,0xd38b22794b308a2e55808a13d1e6a80c4be94fd5,62514232,2026-08-07T00:16:08Z
0x797c0aa1c27f6ebc5883d7a6cd5f3b5f67f48d6e,1,179,0xd38b22794b308a2e55808a13d1e6a80c4be94fd5,62514232,2026-08-07T00:16:08Z
0x797597e97e33bbcb62c5a10266adf0586d873b14,1,5651,0xd38b22794b308a2e55808a13d1e6a80c4be94fd5,62514232,2026-08-07T00:16:08Z
0x795cb9934dd6e884b4e55c6238442ae8a777bed1,1,8027,0xd38b22794b308a2e55808a13d1e6a80c4be94fd5,62514232,2026-08-07T00:16:08Z
0x78b539dae5ba1d0a48413c6237dcf567e3f2b6b0,1,5738,0xd38b22794b308a2e55808a13d1e6a80c4be94fd5,62514232,2026-08-07T00:16:08Z
0x77d1f6c792c8f187ebae41f3013763f817c59ea9,1,9995,0xd38b22794b308a2e55808a13d1e6a80c4be94fd5,62514232,2026-08-07T00:16:08Z
0x77d1e1edc224ab7a30f66f57ee309ed94b1a21c7,1,6949,0xd38b22794b308a2e55808a13d1e6a80c4be94fd5,62514232,2026-08-07T00:16:08Z
0x779724b7933e473c09b9fdceb6b54c973756b30b,1,7538,0xd38b22794b308a2e55808a13d1e6a80c4be94fd5,62514232,2026-08-07T00:16:08Z
0x77953ec6021a72fac5565b8c40c6ab2370e3e146,1,4051,0xd38b22794b308a2e55808a13d1e6a80c4be94fd5,62514232,2026-08-07T00:16:08Z
0x7779da1dca18c67332f62571cb7eaf11a795202c,1,5267,0xd38b22794b308a2e55808a13d1e6a80c4be94fd5,62514232,2026-08-07T00:16:08Z
0x777243daefd291a1574036f4991ab0ff14e3daca,1,224,0xd38b22794b308a2e55808a13d1e6a80c4be94fd5,62514232,2026-08-07T00:16:08Z
0x772e4dd9509e20aa8a575023b5b6e33a114db74a,1,9242,0xd38b22794b308a2e55808a13d1e6a80c4be94fd5,62514232,2026-08-07T00:16:08Z
0x7546af61f9bdcfbc1664d6011bdf2b17cc4491ce,1,4230,0xd38b22794b308a2e55808a13d1e6a80c4be94fd5,62514232,2026-08-07T00:16:08Z
0x72d940fbff2314aeba633677e4d1a703e2e5d30b,1,7117,0xd38b22794b308a2e55808a13d1e6a80c4be94fd5,62514232,2026-08-07T00:16:08Z
0x726204e2726b2c10047850e4e8f05cc4bb5f40f6,1,418,0xd38b22794b308a2e55808a13d1e6a80c4be94fd5,62514232,2026-08-07T00:16:08Z
0x71c12da745d6f8f7c3ba7bedb5296d76062635f0,1,3431,0xd38b22794b308a2e55808a13d1e6a80c4be94fd5,62514232,2026-08-07T00:16:08Z
0x7168a122e1142b93510bd7b50315b37044768989,1,5870,0xd38b22794b308a2e55808a13d1e6a80c4be94fd5,62514232,2026-08-07T00:16:08Z
0x705f92a185dbd2e2d45409742bbfa816d60ddb93,1,6258,0xd38b22794b308a2e55808a13d1e6a80c4be94fd5,62514232,2026-08-07T00:16:08Z
0x6fc0d56595af8d7fb0e64c840c4b3f005ad33157,1,5879,0xd38b22794b308a2e55808a13d1e6a80c4be94fd5,62514232,2026-08-07T00:16:08Z
0x6f8c69ef2ce76b33bc00f96f4b8d3a100ab4569f,1,121,0xd38b22794b308a2e55808a13d1e6a80c4be94fd5,62514232,2026-08-07T00:16:08Z
0x6dcd02ec64ff21b121c2de1d988eaf9fef3c9af1,1,4606,0xd38b22794b308a2e55808a13d1e6a80c4be94fd5,62514232,2026-08-07T00:16:08Z
0x6d553884696fc1ff6bf54548762717d8c4f46ee6,1,4623,0xd38b22794b308a2e55808a13d1e6a80c4be94fd5,62514232,2026-08-07T00:16:08Z
0x6cf7e634efa8cf8b822ee2fb904829179d048aaa,1,355,0xd38b22794b308a2e55808a13d1e6a80c4be94fd5,62514232,2026-08-07T00:16:08Z
0x6c7fd35ae6c7fb91d92c445646aad8d85776a32f,1,4519,0xd38b22794b308a2e55808a13d1e6a80c4be94fd5,62514232,2026-08-07T00:16:08Z
0x6c1c3b9aaac503f3d0ddd4323084c5ae2674587d,1,5736,0xd38b22794b308a2e55808a13d1e6a80c4be94fd5,62514232,2026-08-07T00:16:08Z
0x6bb574d3ca6a24a74ab4112799af1c13d676af6f,1,9791,0xd38b22794b308a2e55808a13d1e6a80c4be94fd5,62514232,2026-08-07T00:16:08Z
0x6b88e2267f926ce0f3082f5d8274dfa0da25f893,1,1947,0xd38b22794b308a2e55808a13d1e6a80c4be94fd5,62514232,2026-08-07T00:16:08Z
0x6b87620ec6b95153e69be331e907e26ad3ec903f,1,162,0xd38b22794b308a2e55808a13d1e6a80c4be94fd5,62514232,2026-08-07T00:16:08Z
0x6b1d7a7f9cbe714283dae10b0c2f2189160bb6a7,1,127,0xd38b22794b308a2e55808a13d1e6a80c4be94fd5,62514232,2026-08-07T00:16:08Z
0x6afbc428dcde09679592b330a9164247e9614bd3,1,6880,0xd38b22794b308a2e55808a13d1e6a80c4be94fd5,62514232,2026-08-07T00:16:08Z
0x6a697224427fbed77c48fd7080b7bf58bb0eb293,1,7949,0xd38b22794b308a2e55808a13d1e6a80c4be94fd5,62514232,2026-08-07T00:16:08Z
0x6955ecb9a6052d8d314f7e79f55ed40b186361ca,1,336,0xd38b22794b308a2e55808a13d1e6a80c4be94fd5,62514232,2026-08-07T00:16:08Z
0x6953255bee0726c6f2c4e66030ce0dc31363baab,1,150,0xd38b22794b308a2e55808a13d1e6a80c4be94fd5,62514232,2026-08-07T00:16:08Z
0x68356229e9472bdf03fc67e425270f5bc21acd94,1,948,0xd38b22794b308a2e55808a13d1e6a80c4be94fd5,62514232,2026-08-07T00:16:08Z
0x67e6f9ebc5c9459bf5f7d3405f7ce66b6d22b521,1,8296,0xd38b22794b308a2e55808a13d1e6a80c4be94fd5,62514232,2026-08-07T00:16:08Z
0x67d8c8b467081de46241ec17b7e3b9f64c4147cb,1,223,0xd38b22794b308a2e55808a13d1e6a80c4be94fd5,62514232,2026-08-07T00:16:08Z
0x67a4937d4b41d51511856c9ae0ca444a13663a64,1,890,0xd38b22794b308a2e55808a13d1e6a80c4be94fd5,62514232,2026-08-07T00:16:08Z
0x67852a38b531ba5dee37d36d33169f97a5608b32,1,4480,0xd38b22794b308a2e55808a13d1e6a80c4be94fd5,62514232,2026-08-07T00:16:08Z
0x676f3d2c9f5776e09d23986adc6684fb41e9000e,1,207,0xd38b22794b308a2e55808a13d1e6a80c4be94fd5,62514232,2026-08-07T00:16:08Z
0x676e67d70ea93c7c80d17631ab0857c1042d0a27,1,7050,0xd38b22794b308a2e55808a13d1e6a80c4be94fd5,62514232,2026-08-07T00:16:08Z
0x66ccd7d371a048e31e395e0330332d5436c80df0,1,278,0xd38b22794b308a2e55808a13d1e6a80c4be94fd5,62514232,2026-08-07T00:16:08Z
0x65f6bfcfe22b925c34d05efae9101926b970570c,1,9303,0xd38b22794b308a2e55808a13d1e6a80c4be94fd5,62514232,2026-08-07T00:16:08Z
0x64ea0fa30efed0d53900fcd4fb10c6c47262f0d9,1,236,0xd38b22794b308a2e55808a13d1e6a80c4be94fd5,62514232,2026-08-07T00:16:08Z
0x64b07201e4aa41598c0fcbffb1e63b88e45619c5,1,824,0xd38b22794b308a2e55808a13d1e6a80c4be94fd5,62514232,2026-08-07T00:16:08Z
0x6476702b010343f92e297b7d83f041b817eaf2e5,1,213,0xd38b22794b308a2e55808a13d1e6a80c4be94fd5,62514232,2026-08-07T00:16:08Z
0x63bb3016624e6a5cdcdec5ee468d24bb720d0ad0,1,6264,0xd38b22794b308a2e55808a13d1e6a80c4be94fd5,62514232,2026-08-07T00:16:08Z
0x630215f9e1ce7b3025971a230b34ba982c67192c,1,682,0xd38b22794b308a2e55808a13d1e6a80c4be94fd5,62514232,2026-08-07T00:16:08Z
0x62b7ca5cbcbcef710e826893753c0f2c8f27165a,1,182,0xd38b22794b308a2e55808a13d1e6a80c4be94fd5,62514232,2026-08-07T00:16:08Z
0x61a1dbf0228363f032e05e1fb67e6f2abda75a40,1,9469,0xd38b22794b308a2e55808a13d1e6a80c4be94fd5,62514232,2026-08-07T00:16:08Z
0x6193aac56cc4121c1c0558ee548b6e7bb02d7660,1,4240,0xd38b22794b308a2e55808a13d1e6a80c4be94fd5,62514232,2026-08-07T00:16:08Z
0x60edd36534255dc40e0a9480fe4fbb60cb1044f1,1,256,0xd38b22794b308a2e55808a13d1e6a80c4be94fd5,62514232,2026-08-07T00:16:08Z
0x60a890bb9490278930a644a2c397a325d45875f3,1,993,0xd38b22794b308a2e55808a13d1e6a80c4be94fd5,62514232,2026-08-07T00:16:08Z
0x5fd9c4368ee7e8fc79e48fba390c148fd16453ee,1,5074,0xd38b22794b308a2e55808a13d1e6a80c4be94fd5,62514232,2026-08-07T00:16:08Z
0x5f8317c840bc089c79c57afc50a4e75faa652089,1,3031,0xd38b22794b308a2e55808a13d1e6a80c4be94fd5,62514232,2026-08-07T00:16:08Z
0x5f1a6bc1d42db8bf5b4442e32e2aa771f9b2b9a1,1,3887,0xd38b22794b308a2e55808a13d1e6a80c4be94fd5,62514232,2026-08-07T00:16:08Z
0x5cceaa230ded0855504203bd30f242154909be2e,1,8222,0xd38b22794b308a2e55808a13d1e6a80c4be94fd5,62514232,2026-08-07T00:16:08Z
0x5bdc97ef6db3f69ba6e4d73550aa57e54a966713,1,4574,0xd38b22794b308a2e55808a13d1e6a80c4be94fd5,62514232,2026-08-07T00:16:08Z
0x5b7157080aef90f2f71dabea94f91388f06811fb,1,2021,0xd38b22794b308a2e55808a13d1e6a80c4be94fd5,62514232,2026-08-07T00:16:08Z
0x59fc7bdf47cf035dc1c238942a369473c2fbc848,1,9141,0xd38b22794b308a2e55808a13d1e6a80c4be94fd5,62514232,2026-08-07T00:16:08Z
0x595d602661fd23ff26dfe8a4e19103564fbd10a7,1,6784,0xd38b22794b308a2e55808a13d1e6a80c4be94fd5,62514232,2026-08-07T00:16:08Z
0x58d0f3da9c97de3c39f481e146f3568081d328a2,1,5469,0xd38b22794b308a2e55808a13d1e6a80c4be94fd5,62514232,2026-08-07T00:16:08Z
0x577eb1e1d21d6a236e5f6262106749b6650cc9eb,1,6131,0xd38b22794b308a2e55808a13d1e6a80c4be94fd5,62514232,2026-08-07T00:16:08Z
0x57721412e570ab10bee33721977bc97d0d4d1822,1,7659,0xd38b22794b308a2e55808a13d1e6a80c4be94fd5,62514232,2026-08-07T00:16:08Z
0x56de2eff85e255641da7cfc2f87ce5fa0f28214f,1,183,0xd38b22794b308a2e55808a13d1e6a80c4be94fd5,62514232,2026-08-07T00:16:08Z
0x56ce632320b8af872b9ef5b94c4a483a63f1ee26,1,9350,0xd38b22794b308a2e55808a13d1e6a80c4be94fd5,62514232,2026-08-07T00:16:08Z
0x568146b18d96435a77db224e1662cb19a366e783,1,9754,0xd38b22794b308a2e55808a13d1e6a80c4be94fd5,62514232,2026-08-07T00:16:08Z
0x564d14f6aa19f642b69fe5d2119d20f104aac317,1,3434,0xd38b22794b308a2e55808a13d1e6a80c4be94fd5,62514232,2026-08-07T00:16:08Z
0x55e90d2227454812b602536b096760d27ee9dc9f,1,2423,0xd38b22794b308a2e55808a13d1e6a80c4be94fd5,62514232,2026-08-07T00:16:08Z
0x54931a3411a4ac57ed577a0181d438538be75fc0,1,5339,0xd38b22794b308a2e55808a13d1e6a80c4be94fd5,62514232,2026-08-07T00:16:08Z
0x5400375ed5632b59d871525fa63b0d01ddbe035e,1,9428,0xd38b22794b308a2e55808a13d1e6a80c4be94fd5,62514232,2026-08-07T00:16:08Z
0x53df3b35f2808b8fc75d028e032be6890be9eb84,1,7373,0xd38b22794b308a2e55808a13d1e6a80c4be94fd5,62514232,2026-08-07T00:16:08Z
0x5372e875746f12c3968c07d13d33e9d6b5844384,1,8716,0xd38b22794b308a2e55808a13d1e6a80c4be94fd5,62514232,2026-08-07T00:16:08Z
0x53270d44eee663e509f0b715525703b12c353e30,1,3684,0xd38b22794b308a2e55808a13d1e6a80c4be94fd5,62514232,2026-08-07T00:16:08Z
0x51cc351e9bbe78e476dcb5e098d83ef335acc129,1,123,0xd38b22794b308a2e55808a13d1e6a80c4be94fd5,62514232,2026-08-07T00:16:08Z
0x51cb5337f660d30d0eb7e1669e3a5b047572f116,1,2253,0xd38b22794b308a2e55808a13d1e6a80c4be94fd5,62514232,2026-08-07T00:16:08Z
0x51a6bc8807add4c8f2101a6d61eca897512b7ab6,1,225,0xd38b22794b308a2e55808a13d1e6a80c4be94fd5,62514232,2026-08-07T00:16:08Z
0x50cbe94083676cd17f25120807b6fca931978e1d,1,9571,0xd38b22794b308a2e55808a13d1e6a80c4be94fd5,62514232,2026-08-07T00:16:08Z
0x50b78f0e3063a2cb4f6f888d6da2edeb2dc6f0f2,1,950,0xd38b22794b308a2e55808a13d1e6a80c4be94fd5,62514232,2026-08-07T00:16:08Z
0x501dc035f9be53bfd56f9faf683131f7faafb2e4,1,1373,0xd38b22794b308a2e55808a13d1e6a80c4be94fd5,62514232,2026-08-07T00:16:08Z
0x4f8b511225ec96a2b07171b9d1f99dd9b77cc365,1,1835,0xd38b22794b308a2e55808a13d1e6a80c4be94fd5,62514232,2026-08-07T00:16:08Z
0x4f8a3e316c976b842bb8f2fb62bf0a93b22b2415,1,969,0xd38b22794b308a2e55808a13d1e6a80c4be94fd5,62514232,2026-08-07T00:16:08Z
0x4e028103f2cd169e9e48836b38defd8b7022fd5f,1,7271,0xd38b22794b308a2e55808a13d1e6a80c4be94fd5,62514232,2026-08-07T00:16:08Z
0x4df1a3d2a1f726ff66de93cadc0f60d5d2d36795,1,9829,0xd38b22794b308a2e55808a13d1e6a80c4be94fd5,62514232,2026-08-07T00:16:08Z
0x4cb762f5f08bea54047294aabf83b90cef9e7bec,1,8462,0xd38b22794b308a2e55808a13d1e6a80c4be94fd5,62514232,2026-08-07T00:16:08Z
0x4b39eaf26ee54a089c668435e92e183b2621c4d3,1,6133,0xd38b22794b308a2e55808a13d1e6a80c4be94fd5,62514232,2026-08-07T00:16:08Z
0x4a5e200e870fa788321e3ecc776860a587f5cf23,1,3318,0xd38b22794b308a2e55808a13d1e6a80c4be94fd5,62514232,2026-08-07T00:16:08Z
0x4a22a747e3336d9418a2648e524c705220f23b6c,1,500,0xd38b22794b308a2e55808a13d1e6a80c4be94fd5,62514232,2026-08-07T00:16:08Z
0x49a42a7082fced07869801c39625e16fbf82c8eb,1,8800,0xd38b22794b308a2e55808a13d1e6a80c4be94fd5,62514232,2026-08-07T00:16:08Z
0x48ce1868e1efd1f0894b1636a8a2f03ef5a672e9,1,1827,0xd38b22794b308a2e55808a13d1e6a80c4be94fd5,62514232,2026-08-07T00:16:08Z
0x488ed54ca0ae6d64683286278be99e9c3a9c203e,1,204,0xd38b22794b308a2e55808a13d1e6a80c4be94fd5,62514232,2026-08-07T00:16:08Z
0x4738cbd2e7ee262caf8df656cab85c1c5596a5c8,1,145,0xd38b22794b308a2e55808a13d1e6a80c4be94fd5,62514232,2026-08-07T00:16:08Z
0x4669416015a1a79280765f3d1366b1e5fec524ba,1,3653,0xd38b22794b308a2e55808a13d1e6a80c4be94fd5,62514232,2026-08-07T00:16:08Z
0x45ca313417ce75316d82add9d406f834287d30d5,1,5240,0xd38b22794b308a2e55808a13d1e6a80c4be94fd5,62514232,2026-08-07T00:16:08Z
0x4461b8a3a3e4aee3c2679fbef442cf1865c450b2,1,6323,0xd38b22794b308a2e55808a13d1e6a80c4be94fd5,62514232,2026-08-07T00:16:08Z
0x4440c3adbcf4b125fec11560dde90498843bbc2a,1,5645,0xd38b22794b308a2e55808a13d1e6a80c4be94fd5,62514232,2026-08-07T00:16:08Z
0x43a2b655ad77f8409b5c3a0a2576734075b22555,1,131,0xd38b22794b308a2e55808a13d1e6a80c4be94fd5,62514232,2026-08-07T00:16:08Z
0x43a2aeec73632cc8fb66251dc9e911af87278377,1,7463,0xd38b22794b308a2e55808a13d1e6a80c4be94fd5,62514232,2026-08-07T00:16:08Z
0x40ba8d39f471678476c4bf97c4b1c5ac2ebe21d2,1,3936,0xd38b22794b308a2e55808a13d1e6a80c4be94fd5,62514232,2026-08-07T00:16:08Z
0x40a085caa1f6894410943230df2ff4b08d7955ff,1,115,0xd38b22794b308a2e55808a13d1e6a80c4be94fd5,62514232,2026-08-07T00:16:08Z
0x40661c8a3c48f7f8ecac1f962a6ce8a1b7dc614c,1,3595,0xd38b22794b308a2e55808a13d1e6a80c4be94fd5,62514232,2026-08-07T00:16:08Z
0x3fb925ae5d908e913e5773ea7c708733548e5ac6,1,3961,0xd38b22794b308a2e55808a13d1e6a80c4be94fd5,62514232,2026-08-07T00:16:08Z
0x3f8b58288ecafc62d72c589edcb644c869e33c3d,1,834,0xd38b22794b308a2e55808a13d1e6a80c4be94fd5,62514232,2026-08-07T00:16:08Z
0x3e903e4414834a29c76173085c0164eb9771a2b9,1,5296,0xd38b22794b308a2e55808a13d1e6a80c4be94fd5,62514232,2026-08-07T00:16:08Z
0x3df51c76e46bde1416bef8a8ddc40d9b2ccde3df,1,1142,0xd38b22794b308a2e55808a13d1e6a80c4be94fd5,62514232,2026-08-07T00:16:08Z
0x3de4d1e96707b4101ff53383e055570c94987aa9,1,7005,0xd38b22794b308a2e55808a13d1e6a80c4be94fd5,62514232,2026-08-07T00:16:08Z
0x3ae277b57424a37c4914205453f57df7d738208a,1,138,0xd38b22794b308a2e55808a13d1e6a80c4be94fd5,62514232,2026-08-07T00:16:08Z
0x39e9d2798dfac8e164254e5e4bcfa46ca2a3df5f,1,8706,0xd38b22794b308a2e55808a13d1e6a80c4be94fd5,62514232,2026-08-07T00:16:08Z
0x39cc2bfe9ca542bded6056dae01e35405a4d1f51,1,8380,0xd38b22794b308a2e55808a13d1e6a80c4be94fd5,62514232,2026-08-07T00:16:08Z
0x3943f78dcc1b07fbd429b3a27b141176350eeb26,1,209,0xd38b22794b308a2e55808a13d1e6a80c4be94fd5,62514232,2026-08-07T00:16:08Z
0x39418fc1d5a06ce35ef653af105a6699a63bf154,1,166,0xd38b22794b308a2e55808a13d1e6a80c4be94fd5,62514232,2026-08-07T00:16:08Z
0x39004fb0459643e3be6200cead928b5992d30a8b,1,1816,0xd38b22794b308a2e55808a13d1e6a80c4be94fd5,62514232,2026-08-07T00:16:08Z
0x38e4c3cb13c02014e31c84380a3d10e885365412,1,1904,0xd38b22794b308a2e55808a13d1e6a80c4be94fd5,62514232,2026-08-07T00:16:08Z
0x38c5ccd695a65b4e3013d0430b6c04c3d557f4b8,1,227,0xd38b22794b308a2e55808a13d1e6a80c4be94fd5,62514232,2026-08-07T00:16:08Z
0x36867a20de281a3735e4ecfc7dc4e207665a73de,1,250,0xd38b22794b308a2e55808a13d1e6a80c4be94fd5,62514232,2026-08-07T00:16:08Z
0x34f712f6e33286150de2d85ea0d75ff84774a771,1,8842,0xd38b22794b308a2e55808a13d1e6a80c4be94fd5,62514232,2026-08-07T00:16:08Z
0x31e218b4f2676d17195bdcd60727c999f13d0253,1,2858,0xd38b22794b308a2e55808a13d1e6a80c4be94fd5,62514232,2026-08-07T00:16:08Z
0x30ff015d37ada29ca1f37bb4338995024d090500,1,7784,0xd38b22794b308a2e55808a13d1e6a80c4be94fd5,62514232,2026-08-07T00:16:08Z
0x308be429641aab24175b2bafbc519350e2d4183d,1,1285,0xd38b22794b308a2e55808a13d1e6a80c4be94fd5,62514232,2026-08-07T00:16:08Z
0x302f1b70cff5f891f54a9057670dd39e7409f51e,1,155,0xd38b22794b308a2e55808a13d1e6a80c4be94fd5,62514232,2026-08-07T00:16:08Z
0x2f5b7be174485b09ec6c2282ac68090e7430a736,1,6656,0xd38b22794b308a2e55808a13d1e6a80c4be94fd5,62514232,2026-08-07T00:16:08Z
0x2e25362700cf06eaaf4845c34789f67ea1b78d56,1,173,0xd38b22794b308a2e55808a13d1e6a80c4be94fd5,62514232,2026-08-07T00:16:08Z
0x2cca6b8821d53e2d7c7fc321d21e83fdbe5cb362,1,120,0xd38b22794b308a2e55808a13d1e6a80c4be94fd5,62514232,2026-08-07T00:16:08Z
0x2c2780fd581ac088c2590264aee33a6899b2afd2,1,3569,0xd38b22794b308a2e55808a13d1e6a80c4be94fd5,62514232,2026-08-07T00:16:08Z
0x2bf053369ce39f518eacd01118191a0801892cf5,1,202,0xd38b22794b308a2e55808a13d1e6a80c4be94fd5,62514232,2026-08-07T00:16:08Z
0x2bd95558e74560c9813d12839a44e2176bfd07d0,1,119,0xd38b22794b308a2e55808a13d1e6a80c4be94fd5,62514232,2026-08-07T00:16:08Z
0x2a83833674fc1ea4655d894754c1690aeab021b3,1,3811,0xd38b22794b308a2e55808a13d1e6a80c4be94fd5,62514232,2026-08-07T00:16:08Z
0x2a44fcb5aa315c6718a2759095fa351b065d5971,1,271,0xd38b22794b308a2e55808a13d1e6a80c4be94fd5,62514232,2026-08-07T00:16:08Z
0x29d82e2a9ea1e47c0948397b7cd6bc8d3e578041,1,8267,0xd38b22794b308a2e55808a13d1e6a80c4be94fd5,62514232,2026-08-07T00:16:08Z
0x297cf752c9124a7ec211cca34723598f7a87d891,1,42,0xd38b22794b308a2e55808a13d1e6a80c4be94fd5,62514232,2026-08-07T00:16:08Z
0x28e0310ebb82cb4aa8bb69c2cc311b9c3cdc8aae,1,543,0xd38b22794b308a2e55808a13d1e6a80c4be94fd5,62514232,2026-08-07T00:16:08Z
0x2837247f1de9467ed0b26b70ec10984ee9c3d7a1,1,246,0xd38b22794b308a2e55808a13d1e6a80c4be94fd5,62514232,2026-08-07T00:16:08Z
0x27123cda101d624e5196b24d7bde371bfac8c6da,1,4734,0xd38b22794b308a2e55808a13d1e6a80c4be94fd5,62514232,2026-08-07T00:16:08Z
0x253a42f5efca98eb92121c0b926bb9e34be06ee1,1,421,0xd38b22794b308a2e55808a13d1e6a80c4be94fd5,62514232,2026-08-07T00:16:08Z
0x23230789629cde13f28ed45f3540a5d008d59db3,1,147,0xd38b22794b308a2e55808a13d1e6a80c4be94fd5,62514232,2026-08-07T00:16:08Z
0x226ce3e2b29cc8e4e1231cb8205b43a32d17faba,1,135,0xd38b22794b308a2e55808a13d1e6a80c4be94fd5,62514232,2026-08-07T00:16:08Z
0x21bca401c280c8492a1ca15d554382eecb92f2f3,1,133,0xd38b22794b308a2e55808a13d1e6a80c4be94fd5,62514232,2026-08-07T00:16:08Z
0x2191926c2d155142f85b06a47f192e149b17aaec,1,240,0xd38b22794b308a2e55808a13d1e6a80c4be94fd5,62514232,2026-08-07T00:16:08Z
0x2117085e7e4ee35825a9c71bbe46aad8c01789f3,1,4408,0xd38b22794b308a2e55808a13d1e6a80c4be94fd5,62514232,2026-08-07T00:16:08Z
0x20e5b7993fec97d84c931af8eba9e9e50a412173,1,398,0xd38b22794b308a2e55808a13d1e6a80c4be94fd5,62514232,2026-08-07T00:16:08Z
0x20d72284ab7e3ae45947b69bba9814ee4bd7f856,1,4730,0xd38b22794b308a2e55808a13d1e6a80c4be94fd5,62514232,2026-08-07T00:16:08Z
0x20652edb6baa37b95e4466b74c453658101f51bf,1,5550,0xd38b22794b308a2e55808a13d1e6a80c4be94fd5,62514232,2026-08-07T00:16:08Z
0x205ea67a4f3582904e237361fb7682e72d849153,1,4147,0xd38b22794b308a2e55808a13d1e6a80c4be94fd5,62514232,2026-08-07T00:16:08Z
0x205b993bb19930c80fb10ddf4f4c423e49c4caac,1,108,0xd38b22794b308a2e55808a13d1e6a80c4be94fd5,62514232,2026-08-07T00:16:08Z
0x1ffaa7a2d1f898e4be65534c649703d896ab5cde,1,2675,0xd38b22794b308a2e55808a13d1e6a80c4be94fd5,62514232,2026-08-07T00:16:08Z
0x1e7e1c19a650f253d50ca5d441f30badf453add9,1,257,0xd38b22794b308a2e55808a13d1e6a80c4be94fd5,62514232,2026-08-07T00:16:08Z
0x1d40fc9456a1e6f13f69615fee1cbcbe604b9167,1,518,0xd38b22794b308a2e55808a13d1e6a80c4be94fd5,62514232,2026-08-07T00:16:08Z
0x1d1473c50fd1b266a2f304f3034814aa978d8d84,1,7731,0xd38b22794b308a2e55808a13d1e6a80c4be94fd5,62514232,2026-08-07T00:16:08Z
0x1cc1c54314c7fec2c3020a40a6cd9d1c4a44ed90,1,137,0xd38b22794b308a2e55808a13d1e6a80c4be94fd5,62514232,2026-08-07T00:16:08Z
0x1c9653180c29e3b8956c2d5dcec98fd580e26437,1,5031,0xd38b22794b308a2e55808a13d1e6a80c4be94fd5,62514232,2026-08-07T00:16:08Z
0x1bad6fd79060164f2f2b86d02816c801a9ee4136,1,3840,0xd38b22794b308a2e55808a13d1e6a80c4be94fd5,62514232,2026-08-07T00:16:08Z
0x1ba22d7fa9f8791c2bea0dc54d7c987910b4f5dd,1,9526,0xd38b22794b308a2e55808a13d1e6a80c4be94fd5,62514232,2026-08-07T00:16:08Z
0x1b6a09e1e2bffdb4216e682d172b8eabd2158b44,1,156,0xd38b22794b308a2e55808a13d1e6a80c4be94fd5,62514232,2026-08-07T00:16:08Z
0x1b5ebaace21877999e9c8c9ae5cdebba2a981ce0,1,846,0xd38b22794b308a2e55808a13d1e6a80c4be94fd5,62514232,2026-08-07T00:16:08Z
0x1b53991c93296602ea451555aae018aa1ba7654f,1,136,0xd38b22794b308a2e55808a13d1e6a80c4be94fd5,62514232,2026-08-07T00:16:08Z
0x1a091fa79a8bac877a3fb0dc2511a406c2888613,1,9194,0xd38b22794b308a2e55808a13d1e6a80c4be94fd5,62514232,2026-08-07T00:16:08Z
0x19fc750595f81be6e420438a50aa9760e401b354,1,7887,0xd38b22794b308a2e55808a13d1e6a80c4be94fd5,62514232,2026-08-07T00:16:08Z
0x1948c67e9f9c602a27c6fb4bd3dc73aa69bf9cbd,1,7462,0xd38b22794b308a2e55808a13d1e6a80c4be94fd5,62514232,2026-08-07T00:16:08Z
0x186e75745712f4f5655c09e83f28fbc27766a7a8,1,6383,0xd38b22794b308a2e55808a13d1e6a80c4be94fd5,62514232,2026-08-07T00:16:08Z
0x183c4d0dd7bfb631bffaa40dad483f2aadc1b916,1,8438,0xd38b22794b308a2e55808a13d1e6a80c4be94fd5,62514232,2026-08-07T00:16:08Z
0x173de64ed21a99cd1f9cc7b8451f48975af84ad3,1,277,0xd38b22794b308a2e55808a13d1e6a80c4be94fd5,62514232,2026-08-07T00:16:08Z
0x16e6fd90718d7da78b682d5975d3ca7b3f3fa0e9,1,6691,0xd38b22794b308a2e55808a13d1e6a80c4be94fd5,62514232,2026-08-07T00:16:08Z
0x14fca733f9283caaa6d0f2294239ff379b29fd0a,1,215,0xd38b22794b308a2e55808a13d1e6a80c4be94fd5,62514232,2026-08-07T00:16:08Z
0x149c17fbcce960e1d01cac9efbaed09149da8a24,1,144,0xd38b22794b308a2e55808a13d1e6a80c4be94fd5,62514232,2026-08-07T00:16:08Z
0x147c90dad8e33ae3e916aa3ca779d56aa3ae129e,1,203,0xd38b22794b308a2e55808a13d1e6a80c4be94fd5,62514232,2026-08-07T00:16:08Z
0x14280d9144a06ecf4ee8f0e912ed9cda374f5f75,1,2170,0xd38b22794b308a2e55808a13d1e6a80c4be94fd5,62514232,2026-08-07T00:16:08Z
0x13fa7fc5179f2dad016dc713442a47ca2ad40392,1,8785,0xd38b22794b308a2e55808a13d1e6a80c4be94fd5,62514232,2026-08-07T00:16:08Z
0x1386146dec79e3d90650f1bd25e7a4c321c01143,1,1392,0xd38b22794b308a2e55808a13d1e6a80c4be94fd5,62514232,2026-08-07T00:16:08Z
0x12d618852c82e30805615b28c89cfc39d9faaffc,1,247,0xd38b22794b308a2e55808a13d1e6a80c4be94fd5,62514232,2026-08-07T00:16:08Z
0x12cd30b35a1aef53c7cf9b34b0a4dffb6525b4bf,1,252,0xd38b22794b308a2e55808a13d1e6a80c4be94fd5,62514232,2026-08-07T00:16:08Z
0x127114f654cda86691ee50fc03dbce0e0a5636dd,1,994,0xd38b22794b308a2e55808a13d1e6a80c4be94fd5,62514232,2026-08-07T00:16:08Z
0x11cb4893732ae01aa0f753b6d5a42454b08e4114,1,4995,0xd38b22794b308a2e55808a13d1e6a80c4be94fd5,62514232,2026-08-07T00:16:08Z
0x118bba4793e23418e1ca58895b69156c98dbd4ed,1,7858,0xd38b22794b308a2e55808a13d1e6a80c4be94fd5,62514232,2026-08-07T00:16:08Z
0x1183cbdb0289d420eb350251f8fcd0cd339bb453,1,1649,0xd38b22794b308a2e55808a13d1e6a80c4be94fd5,62514232,2026-08-07T00:16:08Z
0x1143be0ad2faa3228acb0aac03f8b1dd55a71d95,1,47,0xd38b22794b308a2e55808a13d1e6a80c4be94fd5,62514232,2026-08-07T00:16:08Z
0x113efeaaa365414511abbdb017fb5e25a7338f8f,1,1119,0xd38b22794b308a2e55808a13d1e6a80c4be94fd5,62514232,2026-08-07T00:16:08Z
0x10a19adbc801cfb07f4ac1217bdf3a6b74bc5eba,1,6920,0xd38b22794b308a2e55808a13d1e6a80c4be94fd5,62514232,2026-08-07T00:16:08Z
0x0fb5f856af0e49840ad0263e43ff96e0f2c6099a,1,2373,0xd38b22794b308a2e55808a13d1e6a80c4be94fd5,62514232,2026-08-07T00:16:08Z
0x0f581f00f6a318873e77715ef8953df226427ae7,1,143,0xd38b22794b308a2e55808a13d1e6a80c4be94fd5,62514232,2026-08-07T00:16:08Z
0x0f18a34a1fc5f7872fc07886fa454c8975350ebb,1,8039,0xd38b22794b308a2e55808a13d1e6a80c4be94fd5,62514232,2026-08-07T00:16:08Z
0x0eb0a4be91221e9ce1cec4a6a37f91505385874e,1,4481,0xd38b22794b308a2e55808a13d1e6a80c4be94fd5,62514232,2026-08-07T00:16:08Z
0x0e639b7a3dfd4475f3f95d921b675043dbb2db83,1,168,0xd38b22794b308a2e55808a13d1e6a80c4be94fd5,62514232,2026-08-07T00:16:08Z
0x0e39b12dc1f8a69202838f540684fb5ac307c9c1,1,5872,0xd38b22794b308a2e55808a13d1e6a80c4be94fd5,62514232,2026-08-07T00:16:08Z
0x0dafbca6211d8f05734e46f817e58cf3e9ca468e,1,3254,0xd38b22794b308a2e55808a13d1e6a80c4be94fd5,62514232,2026-08-07T00:16:08Z
0x0d8b49be1176b7c9436167a4faa2c0f8547aa7e7,1,8787,0xd38b22794b308a2e55808a13d1e6a80c4be94fd5,62514232,2026-08-07T00:16:08Z
0x0d0ed110a0ef50e25b53f44753ad3dad717d2105,1,9445,0xd38b22794b308a2e55808a13d1e6a80c4be94fd5,62514232,2026-08-07T00:16:08Z
0x0cf6e065f2244ce8469805f3e184612619aaad5e,1,1458,0xd38b22794b308a2e55808a13d1e6a80c4be94fd5,62514232,2026-08-07T00:16:08Z
0x0cebb82c003888bedb89b71f7a0bde5b0e99f2c5,1,219,0xd38b22794b308a2e55808a13d1e6a80c4be94fd5,62514232,2026-08-07T00:16:08Z
0x0c629a22b798d85465f490261eb7c9a0242e05ec,1,7871,0xd38b22794b308a2e55808a13d1e6a80c4be94fd5,62514232,2026-08-07T00:16:08Z
0x0c0ffaaf6378cc0b4118f2752209a206a046d56e,1,513,0xd38b22794b308a2e55808a13d1e6a80c4be94fd5,62514232,2026-08-07T00:16:08Z
0x0c0365a2a20678a06770107cabc1e63eb5e9ed96,1,7494,0xd38b22794b308a2e55808a13d1e6a80c4be94fd5,62514232,2026-08-07T00:16:08Z
0x0b5c33102af77b557f37efc7bfcfa56ee075aafa,1,139,0xd38b22794b308a2e55808a13d1e6a80c4be94fd5,62514232,2026-08-07T00:16:08Z
0x0b1c0088782b6318bdcc604e14e6f93bf303314f,1,122,0xd38b22794b308a2e55808a13d1e6a80c4be94fd5,62514232,2026-08-07T00:16:08Z
0x0ae1e4c1f2da93fa0fa6f2de67794fd007871932,1,9162,0xd38b22794b308a2e55808a13d1e6a80c4be94fd5,62514232,2026-08-07T00:16:08Z
0x0ad3a2314124ec8f20c50d930094b06b1ca1d583,1,4065,0xd38b22794b308a2e55808a13d1e6a80c4be94fd5,62514232,2026-08-07T00:16:08Z
0x0aa1bbe8ff9653c4b3a8751c172ce670853bce96,1,8426,0xd38b22794b308a2e55808a13d1e6a80c4be94fd5,62514232,2026-08-07T00:16:08Z
0x0a9041bb984e4128dd61924f85cb4514008ee095,1,1811,0xd38b22794b308a2e55808a13d1e6a80c4be94fd5,62514232,2026-08-07T00:16:08Z
0x0977d77a85a00eaba53d3fb7170ef20dfcb40be7,1,6944,0xd38b22794b308a2e55808a13d1e6a80c4be94fd5,62514232,2026-08-07T00:16:08Z
0x09495fa710dd218d520188e352f4d7b3d37a9915,1,6348,0xd38b22794b308a2e55808a13d1e6a80c4be94fd5,62514232,2026-08-07T00:16:08Z
0x0932dc25c2eca97908d632eb0702d3feceb84455,1,245,0xd38b22794b308a2e55808a13d1e6a80c4be94fd5,62514232,2026-08-07T00:16:08Z
0x09215c748afc2aa5f0eacf299637d1728913f961,1,7936,0xd38b22794b308a2e55808a13d1e6a80c4be94fd5,62514232,2026-08-07T00:16:08Z
0x08fbb631da6a2f60570b2bd59749b257b1696b78,1,8862,0xd38b22794b308a2e55808a13d1e6a80c4be94fd5,62514232,2026-08-07T00:16:08Z
0x0815c1e34a819f48d480a173db83b58c076d7299,1,251,0xd38b22794b308a2e55808a13d1e6a80c4be94fd5,62514232,2026-08-07T00:16:08Z
0x0800db86e233ac4a21035ea2f498c2fcc003f501,1,4919,0xd38b22794b308a2e55808a13d1e6a80c4be94fd5,62514232,2026-08-07T00:16:08Z
0x07fb178dd44c63dd02f21eee211420a7de0546b6,1,9062,0xd38b22794b308a2e55808a13d1e6a80c4be94fd5,62514232,2026-08-07T00:16:08Z
0x07c366a6c9815000e68572a64de9c66e0358003c,1,3026,0xd38b22794b308a2e55808a13d1e6a80c4be94fd5,62514232,2026-08-07T00:16:08Z
0x0706e24ca87295dcd2879d8912e81e4859e7ed72,1,3389,0xd38b22794b308a2e55808a13d1e6a80c4be94fd5,62514232,2026-08-07T00:16:08Z
0x06b57d9e43cef0641e4d23453845992397917ad0,1,6477,0xd38b22794b308a2e55808a13d1e6a80c4be94fd5,62514232,2026-08-07T00:16:08Z
0x054dba6ae7b0ea332f8f97b2a1079071db1c97f7,1,9743,0xd38b22794b308a2e55808a13d1e6a80c4be94fd5,62514232,2026-08-07T00:16:08Z
0x05378fa2314349972abd5a1d33da62077651b442,1,7438,0xd38b22794b308a2e55808a13d1e6a80c4be94fd5,62514232,2026-08-07T00:16:08Z
0x048cfa6f904b6db10277411370e8e1c56886c5a3,1,2742,0xd38b22794b308a2e55808a13d1e6a80c4be94fd5,62514232,2026-08-07T00:16:08Z
0x041a909d1db8f03c2f4cf57c2eb1eda8d9b5e51e,1,163,0xd38b22794b308a2e55808a13d1e6a80c4be94fd5,62514232,2026-08-07T00:16:08Z
0x038cdbaf5b85ed96956be840cea2bc03edd20cca,1,6778,0xd38b22794b308a2e55808a13d1e6a80c4be94fd5,62514232,2026-08-07T00:16:08Z
0x035ad2cc355ffb3d569cbffc078551a3071a395a,1,118,0xd38b22794b308a2e55808a13d1e6a80c4be94fd5,62514232,2026-08-07T00:16:08Z
0x02eb5ce0335fefc529ad1e35c9fabbad0d29e68d,1,1102,0xd38b22794b308a2e55808a13d1e6a80c4be94fd5,62514232,2026-08-07T00:16:08Z
0x01cb74cfd225aa8a1a5ec723c1dbce4a497bac30,1,4165,0xd38b22794b308a2e55808a13d1e6a80c4be94fd5,62514232,2026-08-07T00:16:08Z
0x01aa9602c00c6c3e0099240525dacb65d39ec3ec,1,5501,0xd38b22794b308a2e55808a13d1e6a80c4be94fd5,62514232,2026-08-07T00:16:08Z
0x00fcaa31a00ca13e2b2f7b28086e8ebbe5eda5c9,1,1138,0xd38b22794b308a2e55808a13d1e6a80c4be94fd5,62514232,2026-08-07T00:16:08Z
