wallet,nft_count,token_ids,contract,snapshot_block,snapshot_time
0xcf8649e011a80a3f294063a7237b12935f503b86,480,"800,1071,1568,2698,2705,2721,2729,2738,2752,2802,3034,3047,3051,3067,3116,3143,3270,3284,3288,3451,3453,3460,3466,3474,3478,3483,3486,3678,3680,3681,3685,3686,3691,3733,3790,3845,3856,3865,3933,3938,3972,3976,3977,4012,4018,4030,4042,4066,4068,4071,4163,4177,4201,4204,4219,4230,4303,4305,4306,4307,4308,4336,4382,4402,4409,4441,4462,4471,4501,4534,4539,4540,4559,4573,4608,4680,4681,4682,4687,4709,4715,4731,4732,4756,4777,4786,4794,4810,4812,4815,4819,4828,4854,4861,4880,4881,4902,4909,4924,4927,4941,4944,4948,4951,4965,5018,5030,5044,5056,5061,5070,5079,5106,5114,5115,5116,5118,5120,5122,5129,5130,5132,5146,5147,5151,5156,5160,5171,5174,5176,5177,5178,5188,5190,5191,5193,5196,5197,5198,5199,5200,5201,5202,5203,5204,5205,5206,5207,5208,5215,5221,5222,5228,5235,5245,5246,5256,5260,5284,5285,5286,5288,5290,5295,5300,5335,5517,5638,5664,5732,5736,5737,5758,5766,5770,5773,5816,5831,5887,6065,6090,6101,6103,6189,6301,6363,6368,6401,6404,6415,6418,6441,6442,6449,6453,6454,6456,6457,6458,6461,6466,6477,6480,6481,6482,6484,6485,6486,6491,6493,6494,6509,6513,6514,6519,6522,6523,6524,6528,6533,6536,6537,6538,6541,6543,6547,6551,6552,6553,6556,6563,6565,6566,6567,6574,6578,6579,6587,6593,6605,6606,6607,6608,6609,6614,6615,6617,6618,6619,6620,6622,6623,6624,6625,6626,6627,6628,6629,6632,6633,6638,6639,6640,6641,6642,6644,6648,6649,6653,6654,6658,6661,6667,6672,6680,6682,6683,6684,6693,6694,6695,6696,6705,6708,6709,6710,6711,6718,6719,6721,6725,6726,6727,6729,6730,6731,6733,6734,6744,6747,6749,6750,6754,6756,6758,6759,6771,6776,6783,6784,6785,6809,6816,6829,6830,6844,6845,6846,6881,6882,6884,6885,6907,6920,6950,6951,6963,6964,6971,6976,6977,6987,6988,6989,7010,7011,7019,7021,7022,7023,7024,7026,7034,7040,7045,7046,7047,7048,7054,7055,7064,7065,7074,7075,7076,7079,7080,7082,7083,7104,7113,7150,7151,7152,7159,7160,7249,7322,7463,7468,7471,7477,7480,7484,7491,7499,7504,7523,7541,7555,7562,7565,7571,7572,7573,7574,7577,7578,7585,7594,7595,7596,7602,7612,7626,7635,7636,7637,7638,7639,7644,7649,7665,7668,7675,7677,7678,7688,7703,7704,7720,7721,7728,7729,7730,7734,7742,7749,7753,7755,7766,7770,7772,7778,7779,7780,7783,7790,7797,7818,7842,7847,7854,7860,7893,7896,7897,7908,7909,7912,7914,7916,7930,7942,7943,7948,7949,7951,7955,7968,7972,7982,7984,7987,7988,7998,7999,8000,8005,8027,8041,8044,8054,8080,8086,8087,8138,8143,8160,8161,8162,8163,8176,8186,8213,8214,8428,8429,8430,8431",0x0b012055f770ae7bb7a8303968a7fb6088a2296e,62514232,2026-08-07T00:16:08Z
0x659a27e1b81a2b3f8e7dbfc1ba312b6c672cb2e4,459,"5413,5423,5424,5435,5436,5439,5440,5442,5447,5456,5469,5486,5617,5670,5705,5708,5710,5712,5713,5733,5784,5833,5886,5892,5896,5897,5899,5901,5902,6013,6028,6032,6033,6109,6156,6237,6238,6239,6240,6242,6243,6244,6245,6251,6252,6275,6276,6277,6280,6281,6282,6284,6285,6293,6298,6321,6327,6335,6355,6356,6357,6359,6360,6361,6376,6377,6387,6393,6394,6395,6396,6397,6402,6408,6409,6410,6411,6413,6414,6416,6417,6419,6420,6421,6422,6423,6424,6426,6430,6431,6432,6433,6435,6443,6446,6447,6451,6452,6459,6460,6462,6463,6465,6475,6476,6478,6479,6487,6488,6489,6492,6503,6505,6507,6510,6511,6512,6515,6518,6520,6525,6530,6534,6539,6540,6542,6545,6546,6549,6550,6557,6558,6559,6561,6562,6564,6568,6569,6575,6576,6577,6580,6581,6583,6586,6597,6604,6611,6612,6616,6631,6643,6645,6646,6647,6655,6657,6665,6677,6678,6679,6686,6691,6699,6700,6701,6706,6707,6712,6713,6720,6722,6732,6740,6752,6753,6762,6763,6768,6773,6779,6780,6781,6792,6793,6794,6795,6799,6800,6806,6807,6808,6813,6814,6825,6826,6831,6837,6838,6849,6850,6851,6860,6861,6863,6864,6865,6876,6877,6886,6887,6896,6903,6906,6917,6918,6928,6929,6935,6937,6946,6947,6965,6966,6967,6970,6972,6973,6974,6975,6979,6980,6981,6983,6984,6985,6986,6993,6994,6996,6997,6999,7002,7003,7006,7008,7012,7015,7016,7029,7031,7032,7038,7039,7043,7049,7050,7051,7053,7056,7062,7063,7067,7071,7073,7078,7081,7090,7097,7099,7100,7102,7108,7110,7112,7114,7116,7119,7122,7131,7133,7135,7137,7138,7143,7147,7154,7156,7161,7164,7167,7172,7173,7177,7179,7180,7182,7183,7187,7188,7191,7199,7203,7204,7205,7206,7207,7211,7212,7219,7222,7224,7228,7229,7233,7240,7246,7248,7252,7253,7255,7256,7257,7259,7266,7269,7270,7277,7278,7279,7289,7290,7292,7294,7302,7305,7312,7313,7315,7317,7321,7324,7332,7333,7336,7337,7338,7339,7340,7342,7348,7349,7360,7369,7380,7383,7400,7401,7404,7419,7431,7433,7435,7443,7446,7448,7452,7454,7459,7464,7466,7469,7472,7475,7478,7482,7485,7492,7494,7500,7502,7506,7508,7511,7513,7529,7531,7533,7550,7558,7561,7563,7569,7575,7582,7590,7592,7597,7600,7603,7605,7617,7619,7621,7622,7624,7627,7632,7634,7640,7643,7646,7653,7654,7663,7666,7692,7697,7701,7708,7716,7718,7722,7724,7731,7736,7739,7746,7751,7760,7762,7784,7789,7800,7802,7805,7806,7819,7823,7825,7832,7835,7841,7844,7845,7846,7848,7856,7864,7869,7887,7888,7894,7905,7917,7920,7925,7929,7931",0x0b012055f770ae7bb7a8303968a7fb6088a2296e,62514232,2026-08-07T00:16:08Z
0x000000000f4141775240685a4e005ed819846840,420,"425,447,548,588,640,685,869,1079,1100,1117,1427,1431,1435,1444,1518,1560,1565,1577,1625,1663,1675,1734,1788,1805,1808,1975,1983,1989,2063,2258,2326,2328,2329,2335,2336,2339,2377,2530,2567,2588,2599,2630,2771,2772,2786,2787,2793,2921,2957,3044,3068,3069,3082,3083,3084,3090,3095,3129,3163,3164,3303,3308,3381,3384,3464,3465,3776,3779,3780,3841,3879,3880,3918,3920,3921,4104,4105,4106,4107,4123,4173,4191,4238,4262,4263,4264,4265,4269,4270,4298,4300,4314,4315,4319,4323,4329,4330,4337,4362,4366,4375,4376,4377,4380,4385,4386,4397,4400,4404,4405,4416,4417,4422,4435,4438,4440,4450,4451,4452,4453,4454,4463,4465,4476,4477,4478,4483,4487,4507,4527,4541,4548,4549,4568,4569,4595,4607,4689,4698,4699,4701,4729,4734,4755,4779,4780,4836,4838,4853,4859,4873,4883,4886,4887,4888,4893,4894,4912,4913,4921,4926,4936,4942,4952,4954,4955,4958,4967,4968,4969,4974,4976,4977,4979,4980,4996,4997,4998,5008,5009,5011,5033,5034,5036,5048,5050,5062,5063,5068,5077,5080,5082,5083,5084,5085,5086,5087,5088,5089,5090,5091,5093,5094,5095,5096,5097,5098,5101,5102,5103,5104,5119,5121,5123,5125,5141,5143,5145,5152,5154,5158,5161,5162,5164,5167,5185,5212,5217,5220,5224,5226,5227,5232,5233,5241,5251,5263,5287,5289,5291,5299,5310,5311,5313,5314,5328,5329,5332,5334,5337,5339,5340,5348,5360,5361,5363,5370,5371,5372,5375,5378,5379,5383,5387,5390,5391,5392,5398,5399,5406,5414,5415,5426,5449,5450,5467,5468,5488,5616,5618,5619,5622,5623,5625,5626,5627,5628,5633,5634,5636,5639,5640,5641,5646,5647,5659,5660,5671,5672,5674,5675,5676,5678,5680,5681,5682,5684,5739,5740,5745,5750,5751,5757,5813,5817,5818,5851,5900,5931,5932,5934,5938,5939,5951,6025,6026,6027,6075,6077,6079,6088,6089,6115,6230,6262,6365,6371,6372,6373,6427,6470,6741,6746,6748,6765,6789,6802,6810,6812,6821,6823,6832,6833,6835,6836,6841,6843,6848,6854,6855,6862,6867,6868,6871,6872,6874,6875,6883,6890,6891,6894,6895,6897,6901,6902,6904,6905,6908,6909,6910,6912,6913,6914,6915,6916,6919,6921,6922,6923,6924,6926,6931,6932,6933,6938,6940,6942,7093,7120,7144,7145,7148,7162,7163,7175,7184,7185,7197,7215,7217,7220,7225,7226,7236,7300,7301,7307,7308,7327,7346",0x0b012055f770ae7bb7a8303968a7fb6088a2296e,62514232,2026-08-07T00:16:08Z
0x04c20480558912358179eb2739a21075eb89a720,367,"5942,5943,5944,5945,6031,6068,6108,6155,6170,6234,6235,6236,6253,6254,6256,6273,6274,6294,6299,6554,6555,6570,6582,6613,6634,6666,6673,6687,6690,6697,6698,6714,6751,6777,6778,6790,6791,6797,6798,6803,6804,6805,6815,6828,6839,6840,6858,6859,6869,6879,6880,6888,6889,6899,6900,6925,6927,6930,6934,6936,6944,6945,6949,6952,6968,6969,7000,7001,7007,7009,7013,7014,7017,7018,7028,7030,7033,7037,7042,7044,7052,7057,7058,7059,7060,7061,7068,7069,7070,7072,7077,7084,7085,7086,7088,7089,7096,7098,7101,7103,7109,7111,7115,7117,7118,7121,7123,7130,7132,7134,7136,7139,7141,7142,7146,7153,7155,7165,7168,7169,7174,7176,7181,7186,7189,7190,7192,7193,7194,7195,7196,7198,7200,7201,7208,7209,7210,7213,7214,7218,7221,7223,7227,7230,7234,7239,7245,7247,7254,7258,7263,7267,7268,7272,7274,7276,7288,7291,7293,7295,7303,7304,7306,7314,7316,7318,7323,7328,7331,7334,7335,7341,7347,7359,7379,7384,7402,7403,7418,7436,7444,7447,7449,7453,7455,7460,7465,7467,7470,7473,7476,7479,7481,7486,7493,7495,7501,7503,7505,7509,7512,7514,7516,7517,7526,7530,7532,7534,7549,7559,7560,7564,7570,7576,7583,7584,7588,7589,7591,7598,7599,7604,7616,7618,7620,7623,7625,7631,7633,7641,7642,7647,7652,7655,7664,7667,7693,7698,7700,7709,7717,7719,7723,7725,7732,7737,7738,7748,7750,7759,7769,7785,7788,7799,7801,7804,7807,7822,7826,7833,7834,7840,7843,7855,7857,7858,7863,7867,7870,7874,7875,7877,7878,7880,7885,7889,7890,7895,7898,7899,7904,7910,7913,7921,7924,7928,7932,7944,7947,7953,7956,7961,7963,7965,7970,7971,7977,7979,7985,7994,8001,8002,8006,8009,8011,8013,8014,8018,8023,8026,8030,8035,8036,8038,8040,8042,8043,8048,8049,8050,8051,8053,8056,8057,8061,8062,8066,8067,8068,8070,8071,8073,8075,8079,8081,8082,8088,8089,8091,8092,8093,8094,8097,8098,8099,8102,8103,8104,8105,8106,8107,8108,8109,8118,8123,8125,8126,8129,8133,8145,8164,8165,8167,8168,8169,8177,8193",0x0b012055f770ae7bb7a8303968a7fb6088a2296e,62514232,2026-08-07T00:16:08Z
0x76138db161f34e21ad95f6a20408f02c25792501,211,"4576,4769,4771,4868,4904,4981,4983,4984,5007,5013,5014,5039,5041,5045,5053,5054,5065,5066,5081,5112,5153,5155,5159,5163,5168,5183,5184,5192,5210,5213,5214,5229,5250,5252,5255,5257,5258,5259,5305,5315,5316,5357,5358,5362,5364,5365,5366,5367,5368,5369,5380,5386,5388,5389,5394,5395,5396,5400,5417,5418,5453,5454,5466,5613,5620,5629,5630,5642,5643,5648,5649,5658,5661,5673,5677,5679,5686,5687,5734,5735,5743,5744,5748,5754,5755,5756,5777,5778,5780,5783,5785,5787,5790,5791,5798,5799,5801,5805,5806,5865,5870,5871,5873,5880,5881,5884,5890,5906,5910,5917,5918,5935,5936,5940,5988,5989,5990,5992,5994,5995,6006,6007,6020,6021,6023,6024,6034,6035,6036,6040,6043,6055,6056,6060,6063,6064,6093,6094,6095,6104,6106,6126,6127,6145,6173,6192,7670,7674,7686,7690,7715,7741,7752,7754,7757,7767,7771,7786,7795,7796,7798,7820,7824,7849,7852,7859,7865,7868,7871,7873,7876,7886,7891,7900,7906,7907,7915,7922,7923,7927,7952,7964,7966,7967,7969,7973,7978,7989,8004,8008,8015,8019,8025,8028,8033,8037,8045,8052,8059,8065,8069,8072,8083,8084,8085,8090,8096,8100,8101,8116,8134",0x0b012055f770ae7bb7a8303968a7fb6088a2296e,62514232,2026-08-07T00:16:08Z
0x82831e9565cb574375596efc090da465283e22a4,160,"40,61,62,65,69,127,147,152,180,230,316,562,597,632,684,836,874,928,940,949,1091,1179,1196,1331,1382,1443,1455,1655,1855,1862,1864,1931,1963,1965,1976,1984,1997,2004,2066,2073,2077,2107,2120,2143,2147,2148,2200,2207,2218,2303,2414,2420,2456,2483,2502,2535,2605,2613,2668,2675,2694,2837,2892,2906,2918,2919,2922,2924,2925,2932,2945,2961,2962,2963,2979,2994,2998,3001,3002,3008,3022,3045,3087,3098,3117,3234,3545,3566,3623,3648,3661,3716,3720,3849,3910,3924,3928,3956,3964,4019,4118,4127,4130,4131,4132,4168,4196,4212,4293,4392,4401,4498,4505,4542,4575,4623,4659,4759,4784,4892,5046,5293,5317,5318,5458,5459,5489,5947,5980,6037,6080,6158,6175,6317,6332,6352,6438,6440,6468,6529,6591,6764,6817,7140,7287,7370,7408,7497,7520,7537,7645,7763,7817,7992,7996,8144,8170,8192,8220,8221",0x0b012055f770ae7bb7a8303968a7fb6088a2296e,62514232,2026-08-07T00:16:08Z
0xccddf5d6c749c130e0db9e61027cbd036ba9b11e,108,"285,298,325,455,519,1759,1776,1838,1876,2314,2474,2479,2594,2607,2611,2616,2719,2727,2741,2818,2820,2822,2823,2828,2829,2843,2858,2864,2898,2946,2965,2974,3009,3012,3025,3029,3113,3123,3127,3128,3130,3133,3135,3161,3191,3201,3202,3300,3304,3306,3307,3309,3319,3348,3369,3383,3387,3402,3404,3407,3426,3496,3498,3522,3622,3645,4117,4119,4186,4187,4189,4190,4252,4253,4273,4278,4281,4288,4289,4325,4406,4411,4431,4434,4437,4442,4461,4474,4508,4511,4578,5124,5126,5127,5128,5142,5144,5189,5194,5195,5218,5223,5298,5301,6220,6232,8363,8398",0x0b012055f770ae7bb7a8303968a7fb6088a2296e,62514232,2026-08-07T00:16:08Z
0xfe7364a43f1fbe03f7bef8980a55e2ad3bfb147a,98,"8462,8463,8464,8465,8466,8467,8468,8469,8470,8471,8472,8474,8475,8476,8478,8479,8480,8481,8482,8483,8484,8485,8486,8487,8488,8490,8491,8492,8493,8526,8530,8539,8543,8544,8545,8546,8547,8548,8551,8552,8553,8555,8556,8557,8558,8559,8560,8561,8564,8565,8566,8567,8568,8569,8571,8572,8574,8576,8577,8579,8580,8581,8582,8583,8584,8585,8586,8587,8588,8589,8590,8591,8592,8593,8594,8595,8596,8597,8598,8599,8600,8601,8602,8603,8607,8608,8609,8610,8611,8612,8613,8614,8615,8616,8620,8621,8626,8627",0x0b012055f770ae7bb7a8303968a7fb6088a2296e,62514232,2026-08-07T00:16:08Z
0x93beca36d5bcdc7be0f9ca38b1b5f5f5292aa859,91,"536,767,1148,2603,2606,2756,3702,3717,3728,3732,3742,3788,3836,3851,3858,3884,3929,3934,3936,3941,4064,4067,4092,4094,4096,4098,4101,4148,4150,4151,4159,4165,4172,4178,4179,4202,4203,4224,4231,4232,4274,4277,4279,4286,4332,4334,4346,4347,4384,4387,4390,4432,4433,4436,4443,4444,4445,4449,4460,4464,4466,4470,4472,4484,4488,4503,4517,4522,4526,4531,4713,4714,4753,4754,4761,4788,4790,4807,4864,4891,4895,4928,4950,5134,5173,5374,5476,5611,5657,5987,6295",0x0b012055f770ae7bb7a8303968a7fb6088a2296e,62514232,2026-08-07T00:16:08Z
0xbb010a8abf8d4b334661ac825bbd4ca854de5d62,79,"175,212,236,243,266,270,315,347,399,446,464,487,531,552,653,1088,1145,1907,1912,1928,1954,2072,2295,2304,2305,2308,2341,2345,2419,2425,2523,2552,2566,2576,2577,2618,2619,2622,2624,2626,2702,2776,2778,2845,2908,2928,2934,3386,3852,3948,4076,4388,4673,4721,4884,4929,4957,4964,4972,5019,5092,5139,5170,5181,5230,5296,5354,5937,6019,6119,6132,6288,6296,6297,6351,6497,7412,7413,7414",0x0b012055f770ae7bb7a8303968a7fb6088a2296e,62514232,2026-08-07T00:16:08Z
0xdb19d3186ea32001f6f16867d5d31a39bba139be,64,"4222,4255,4311,4322,4324,4572,4597,4599,4666,4671,4718,4805,4806,5234,5238,5384,5662,5688,5726,5731,5753,5771,5774,5775,5809,5845,5905,5926,5929,5941,5950,5957,5960,5964,5967,5969,5996,5999,6005,6038,6047,6051,6054,6058,6076,6078,6098,6105,6110,6120,6128,6139,6143,6150,6168,6199,6233,6263,6264,6268,6350,6378,6406,6464",0x0b012055f770ae7bb7a8303968a7fb6088a2296e,62514232,2026-08-07T00:16:08Z
0xa773f2ec31fef334efabbff1182ec797d171a792,61,"15,21,555,573,606,966,1005,1160,1245,1256,1278,1319,1323,2103,2707,2794,2796,2800,2803,2807,3344,3562,4093,5903,5904,5909,5912,5915,5916,5919,5920,5922,5923,5925,5948,5952,5953,5954,5955,5977,5978,5979,5981,5982,5983,6082,6083,6084,6085,6086,6136,6137,6138,6179,6180,6181,6182,6183,7326,8324,8325",0x0b012055f770ae7bb7a8303968a7fb6088a2296e,62514232,2026-08-07T00:16:08Z
0x129dd5f650b34a31bf953d6293637a795fc08cc2,59,"2681,2682,2696,2699,3197,3440,3459,3974,3975,4002,4080,4100,4103,4109,4137,4140,4143,4152,4153,4156,4157,4183,4184,4195,4197,4215,4221,4226,4227,4245,4246,4250,4301,4310,4316,4318,4333,4363,4365,4367,4370,4395,4410,4740,4742,4743,4746,4766,4783,4796,4797,4841,4842,4843,4844,4846,4858,4863,4877",0x0b012055f770ae7bb7a8303968a7fb6088a2296e,62514232,2026-08-07T00:16:08Z
0xed3105a0ec578908ff55073a22dda66943605e3f,57,"2891,2893,2910,3018,3792,3999,4022,4085,4169,4335,4427,4494,4554,4556,4586,4624,4625,4831,4867,4908,5042,5043,5342,5373,5460,5462,5463,5651,5652,5792,5794,5795,5849,5891,5893,5894,6246,6247,6291,6339,6382,6383,6384,6385,6386,6389,6405,6412,6450,6455,6471,6472,6483,6495,6496,6521,7684",0x0b012055f770ae7bb7a8303968a7fb6088a2296e,62514232,2026-08-07T00:16:08Z
0xcfbf378331255f72d11fa8bfed856dc6e838bf23,55,"53,54,1231,1476,1561,1569,1712,1981,2386,2387,2395,2488,2564,2600,2604,2617,2745,3023,3024,3064,3119,3120,3147,3172,3231,3305,3326,3375,3394,3495,3512,3520,3521,3536,3613,3785,3787,3891,3900,3943,3944,3945,3951,3957,3979,4000,4003,4005,4125,4160,4161,4164,4266,4379,4396",0x0b012055f770ae7bb7a8303968a7fb6088a2296e,62514232,2026-08-07T00:16:08Z
0x4e903022f7f685a41bf4dd55305b975bb45c9b82,53,"5343,5344,5345,5346,5349,5350,5376,5393,5404,5443,5452,5552,5580,5666,5691,5822,5824,5826,5855,5856,5858,5860,5861,5863,5868,5875,5885,6100,6125,6129,6130,6131,6166,6167,6187,6248,6270,6400,6651,6670,6674,6796,6873,6943,7158,7231,7232,7235,7237,7238,7244,7264,7284",0x0b012055f770ae7bb7a8303968a7fb6088a2296e,62514232,2026-08-07T00:16:08Z
0x525208dd0b56c27bd10703bd675fca0509a17154,52,"6742,6743,7381,7544,7568,8270,8285,8287,8330,8331,8332,8333,8342,8355,8366,8372,8373,8374,8375,8377,8378,8379,8419,8420,8421,8432,8439,8441,8443,8444,8445,8449,8461,8477,8617,8618,8619,8622,8623,8624,8625,8628,8629,8631,8632,8633,8634,8635,8636,8637,8638,8640",0x0b012055f770ae7bb7a8303968a7fb6088a2296e,62514232,2026-08-07T00:16:08Z
0x2130fd01026867a6c8dde24ad5e64f2e2dfce196,51,"5446,5477,5581,5632,5644,5653,5656,5663,5665,5697,5698,5699,5701,5702,5704,5706,5707,5715,5717,5718,5719,5720,5721,5724,5725,5729,5760,5762,5763,5764,5765,5767,5776,5779,5788,5793,5796,5819,5820,5830,5850,5857,5862,5864,5874,5883,5895,5961,6081,6123,6152",0x0b012055f770ae7bb7a8303968a7fb6088a2296e,62514232,2026-08-07T00:16:08Z
0x8dfb9ffc17876c4147c1e15ff48f9e1ce3c9df18,50,"6278,6314,6316,6340,6342,6353,6354,6362,6366,6367,6369,6391,6428,6429,6531,6532,6544,6621,6659,6660,6671,6689,6704,6715,6724,6735,6760,6767,6770,6811,6842,6856,6857,6893,6911,6948,7020,7091,7171,7243,7275,7329,7375,7382,7415,7489,7556,7579,7606,7609",0x0b012055f770ae7bb7a8303968a7fb6088a2296e,62514232,2026-08-07T00:16:08Z
0x74b7e6d4336df8038a44393cac5b7ac53fd75c7a,48,"279,375,700,727,794,861,889,918,1047,1295,1317,1349,1365,1386,1593,1600,1612,1642,1651,1682,1697,1723,1810,2245,2670,2671,2686,2779,2973,3005,3010,3048,3056,3066,3080,3085,3099,3126,3132,3167,3458,3491,3692,3713,3764,3783,3822,4083",0x0b012055f770ae7bb7a8303968a7fb6088a2296e,62514232,2026-08-07T00:16:08Z
0xf6411171fe9cb7085ccec0d8addd8768e0a83a7c,47,"3634,3637,3640,3641,3655,3660,3664,3682,3734,3741,3753,3760,3763,3770,3866,3868,3875,3881,3883,3930,3969,4033,4147,4182,4235,4248,4296,4304,4344,4349,4393,4398,4403,4475,4571,4580,4591,4678,4690,4712,4724,4764,4822,4832,4869,4875,4897",0x0b012055f770ae7bb7a8303968a7fb6088a2296e,62514232,2026-08-07T00:16:08Z
0x07f42535153c632f1ad1ff00c7deee6b7af7df5a,44,"4663,4664,4665,4679,4685,4692,4787,4852,4865,4882,4903,4960,5010,5027,5040,5052,5067,5071,5099,5131,5133,5135,5136,5137,5169,5231,5309,5690,6004,6205,6255,6258,6261,6267,6289,6292,6304,6331,6380,6407,6425,6437,6439,6448",0x0b012055f770ae7bb7a8303968a7fb6088a2296e,62514232,2026-08-07T00:16:08Z
0x611eae57ee15b4e8d8d8fb8beb3a94c288a759f0,42,"4489,4491,4492,4496,4497,4516,4518,4519,4528,4529,4615,4616,4618,4619,4631,4638,4653,4667,4669,4670,4672,4677,4684,4686,4691,4695,4696,4716,4717,4723,4890,4905,4906,5150,5240,5262,5297,5302,5303,5341,5480,5481",0x0b012055f770ae7bb7a8303968a7fb6088a2296e,62514232,2026-08-07T00:16:08Z
0x906ddb194fb6685fd81f448ea1752aae75623bb5,37,"1580,3653,3656,3952,3953,4448,4481,4582,4860,4995,5614,5631,5689,5800,5828,5853,5959,6009,6011,6012,6015,6112,6113,6144,6203,6260,6266,6584,6801,6853,6941,7036,7262,7285,7363,7411,7421",0x0b012055f770ae7bb7a8303968a7fb6088a2296e,62514232,2026-08-07T00:16:08Z
0xcf00b3e2f2f6bfd3c9da8dd1d560d3e09923bac4,36,"1664,1709,1717,1729,1736,1750,1772,1779,1811,1837,1842,1863,2029,2034,2348,2631,2789,2792,2805,2806,2808,2816,2821,2827,2830,2850,2857,2860,2863,2868,2882,3515,3516,3519,3726,3735",0x0b012055f770ae7bb7a8303968a7fb6088a2296e,62514232,2026-08-07T00:16:08Z
0xc91a1ed3e80c134465b70cb5809a40107e1332b4,36,"1175,1698,2284,2379,2883,2888,3140,3222,3403,3420,3447,3529,3542,3543,3552,3586,3589,3596,3597,3598,3607,3612,3668,3740,3809,3834,3966,3991,3995,4112,4176,4218,4419,4515,8205,8223",0x0b012055f770ae7bb7a8303968a7fb6088a2296e,62514232,2026-08-07T00:16:08Z
0x20aeaa2e7a038adead48ee2fd449e57ed57eb0d5,36,"984,1134,1258,1279,1414,1475,1589,1839,1841,1856,1859,1872,1885,1899,1957,1991,2095,2119,2187,2388,2442,2450,2464,2480,2504,2538,2547,2804,2976,3046,3096,3180,3268,4082,4084,4099",0x0b012055f770ae7bb7a8303968a7fb6088a2296e,62514232,2026-08-07T00:16:08Z
0xb2515a7221b2654f9faae0e4ed1d0e49aa7b85dd,35,"1567,1677,1688,1795,1844,1858,1889,2135,2666,2673,2916,2972,2995,3189,3260,3281,3283,3295,3340,3343,3346,3352,3355,3359,3501,3504,3559,3560,3585,3791,3794,3843,4737,4738,4739",0x0b012055f770ae7bb7a8303968a7fb6088a2296e,62514232,2026-08-07T00:16:08Z
0xff1ac0198989c8b5c111c11608d300e0309ff5ac,33,"826,875,878,1199,1341,1538,1557,1591,1644,1660,1693,1703,1710,2116,2118,2125,2380,2404,2582,2629,2826,2920,2991,2993,3070,3071,3074,3075,3093,3118,3237,3251,3429",0x0b012055f770ae7bb7a8303968a7fb6088a2296e,62514232,2026-08-07T00:16:08Z
0xa40b104c4620f279950f0854d5a04b961d4d79d2,33,"3121,3525,3530,3531,3534,3574,3583,3631,3635,3654,3657,3659,3662,3772,3810,3902,4060,4193,4194,4216,4234,4371,4424,4430,4547,4683,4708,4839,4870,4900,4973,4994,5172",0x0b012055f770ae7bb7a8303968a7fb6088a2296e,62514232,2026-08-07T00:16:08Z
0x89494fbfe809fe54f71b957b14c15366e56fca38,33,"6343,6344,6345,6346,6347,6348,6349,6434,6444,6445,6490,6535,6548,6602,6603,6635,6656,6669,6681,6738,6739,6755,6772,7087,7149,7202,7242,7298,7299,7498,7547,7610,7745",0x0b012055f770ae7bb7a8303968a7fb6088a2296e,62514232,2026-08-07T00:16:08Z
0x6d93ab5743ad9fad6ff3c33e3ae60755b8913a08,32,"5407,5408,5416,5428,5444,5457,5470,5478,5479,5550,5624,5655,5716,5749,5811,5812,5815,5843,5872,5958,5993,6010,6046,6111,6141,6176,6209,6249,6788,7260,7271,8310",0x0b012055f770ae7bb7a8303968a7fb6088a2296e,62514232,2026-08-07T00:16:08Z
0x190417184a9a19386c29022399d6b291fac6c92d,31,"192,207,2159,2160,2162,4001,4611,4612,4613,4614,4620,4621,4622,4626,4627,4628,4630,4636,4639,4705,4710,4821,4824,4825,4837,4901,4919,4945,4971,5028,5029",0x0b012055f770ae7bb7a8303968a7fb6088a2296e,62514232,2026-08-07T00:16:08Z
0xc5f1467bd2aba1bf37056b69b86dcaa7771c1eb9,30,"1014,1460,1466,2117,3221,3241,3242,3643,3647,3651,3652,3666,3667,3679,3688,3690,3695,3718,3745,3746,3750,3756,3767,3781,3893,3899,3926,4006,4016,4035",0x0b012055f770ae7bb7a8303968a7fb6088a2296e,62514232,2026-08-07T00:16:08Z
0x6b88e2267f926ce0f3082f5d8274dfa0da25f893,30,"8494,8496,8497,8498,8499,8500,8501,8504,8508,8509,8510,8511,8512,8513,8516,8517,8518,8519,8520,8521,8535,8536,8537,8538,8649,8650,8651,8658,8659,8673",0x0b012055f770ae7bb7a8303968a7fb6088a2296e,62514232,2026-08-07T00:16:08Z
0x5340eb4dc06868acf25e3b3baceba9850dfc68a0,30,"1403,1420,2767,2909,3573,3575,3576,3973,4290,4530,4772,4774,5004,5005,5006,5242,5244,5247,5248,5249,5882,6124,6290,6338,6467,6469,6847,7041,7919,8229",0x0b012055f770ae7bb7a8303968a7fb6088a2296e,62514232,2026-08-07T00:16:08Z
0xcc93f2ebe4b9c4bd0fa5e579c55afc19e660e30a,29,"7706,7707,7811,7812,7813,7814,7815,7861,7881,7882,7911,8046,8047,8111,8113,8114,8115,8117,8450,8451,8452,8453,8454,8455,8456,8457,8458,8459,8542",0x0b012055f770ae7bb7a8303968a7fb6088a2296e,62514232,2026-08-07T00:16:08Z
0xb27f6df486ef5dee2e3a4dc4f257dd63e5a5e371,29,"8,251,569,976,1404,1413,1617,2371,2372,2374,2485,2584,2774,3248,3259,3406,3410,3433,3434,3435,3448,3469,3568,3569,3616,3689,3804,3850,3895",0x0b012055f770ae7bb7a8303968a7fb6088a2296e,62514232,2026-08-07T00:16:08Z
0x6f9dfe31762ced736e42f7013b1729e8e8e821ca,28,"2952,3007,3017,3020,3026,3027,3028,3038,3041,3049,3154,3156,3159,3160,3168,3178,3246,3377,3396,3411,3511,3541,3544,3571,3628,3629,3755,3757",0x0b012055f770ae7bb7a8303968a7fb6088a2296e,62514232,2026-08-07T00:16:08Z
0x41874337da92bf479380cea4ec9d6a8939391d11,28,"1169,2027,2071,2164,2172,2195,2277,2376,2384,2389,2510,2590,2636,2788,2981,2985,2986,2987,2990,3078,3101,4015,4024,4026,4031,4048,4089,4091",0x0b012055f770ae7bb7a8303968a7fb6088a2296e,62514232,2026-08-07T00:16:08Z
0xc1ce096e968b98be8861aff0b7b3772ac7d37d52,26,"7938,7940,7941,7954,7960,7962,7974,7975,7976,7983,7990,7991,7995,8029,8063,8119,8153,8154,8203,8307,8308,8321,8360,8446,8473,8570",0x0b012055f770ae7bb7a8303968a7fb6088a2296e,62514232,2026-08-07T00:16:08Z
0xaef1b9886b6c2bc8ca7f5dcd07b359df4c0ef9ef,26,"5814,5835,5848,5889,5913,5930,5965,5972,5998,6017,6073,6599,6601,6688,6716,6717,6954,6957,7376,7410,7507,8112,8128,8158,8301,8427",0x0b012055f770ae7bb7a8303968a7fb6088a2296e,62514232,2026-08-07T00:16:08Z
0xfa2895864b331eac7d6b6d586f5e193797a56926,25,"261,350,432,442,469,479,488,493,498,504,514,525,539,570,581,594,622,634,643,674,717,728,755,1216,1259",0x0b012055f770ae7bb7a8303968a7fb6088a2296e,62514232,2026-08-07T00:16:08Z
0xf83a182bae282d6d7dc6011a8c8fece73da37e5c,24,"4703,4730,4745,4751,4757,4775,4776,4811,4823,4826,4833,4849,4850,4879,4896,4917,4923,4933,4947,4982,5016,5032,5064,5072",0x0b012055f770ae7bb7a8303968a7fb6088a2296e,62514232,2026-08-07T00:16:08Z
0xc621cb9e6e443f14279afe8a4a8433e7ea66350c,24,"2067,3215,3216,4021,4027,4043,4045,4046,4047,4056,4065,4134,4170,4210,4282,4283,4327,4338,4536,4566,4567,4592,4700,4813",0x0b012055f770ae7bb7a8303968a7fb6088a2296e,62514232,2026-08-07T00:16:08Z
0x5cf00981051d1b2089af349ef9e074420ad7ae82,24,"123,173,203,221,456,611,2099,2674,2679,2685,2687,2688,2690,2691,2693,2695,2735,2781,2852,2859,2862,2865,2866,2870",0x0b012055f770ae7bb7a8303968a7fb6088a2296e,62514232,2026-08-07T00:16:08Z
0x58e96b485d9f0f3a32b121437baf9b4a7a5767db,24,"1494,1545,1550,1597,1656,1674,1749,1766,2260,2280,2392,2398,2810,3088,3378,3480,3481,3594,3992,4479,4480,5908,6057,6174",0x0b012055f770ae7bb7a8303968a7fb6088a2296e,62514232,2026-08-07T00:16:08Z
0x0ed4e6f2ebb076ecc9d774fb357c19cb32e90929,24,"542,586,628,658,791,1266,1685,1714,1731,2014,2032,2040,2333,2347,2430,2449,2500,2548,2572,2579,2589,2598,2730,2791",0x0b012055f770ae7bb7a8303968a7fb6088a2296e,62514232,2026-08-07T00:16:08Z
0xdf536129ac577f271cbd22016085e253e19c304f,23,"1594,1624,1631,1638,1678,1689,1799,1816,1900,1909,2057,2079,2093,2096,2105,2109,2115,2126,2150,2602,2632,2750,2799",0x0b012055f770ae7bb7a8303968a7fb6088a2296e,62514232,2026-08-07T00:16:08Z
0xa1d5e9cb4f6a09fcf8b938435b0de63270c67537,23,"618,784,891,922,1050,1057,1114,1125,1252,1277,1287,1304,1315,1342,1366,1425,1564,1588,1720,1745,1773,1852,2012",0x0b012055f770ae7bb7a8303968a7fb6088a2296e,62514232,2026-08-07T00:16:08Z
0x56aa4fb42f77faa81b5ca0d2b3cab33f80899648,23,"4356,4358,4361,4856,5401,5402,5403,5448,5451,5474,5475,5485,5518,5615,5654,5668,5683,5714,5730,5742,5832,5859,5879",0x0b012055f770ae7bb7a8303968a7fb6088a2296e,62514232,2026-08-07T00:16:08Z
0x4a2857f052ade17344e517307e7e4524fef45b8c,22,"913,1042,1127,2076,2090,2703,2736,2737,2746,2809,2811,2812,2813,2814,3353,4097,6092,6134,6135,6178,8326,8425",0x0b012055f770ae7bb7a8303968a7fb6088a2296e,62514232,2026-08-07T00:16:08Z
0x486ef3e10d515d9fa386dd99ec8c2929533d5417,22,"25,521,530,2238,2282,3350,5694,5696,5821,5907,5975,5976,5986,6014,6016,6029,6061,6062,6114,6118,7712,7828",0x0b012055f770ae7bb7a8303968a7fb6088a2296e,62514232,2026-08-07T00:16:08Z
0xc68838ea33ebbe0b49e83109b4b75a07c46c175a,21,"3031,3032,3547,3549,3650,3701,3725,3848,3857,3859,3861,4285,5308,5711,5768,5827,5914,5971,5985,6097,6190",0x0b012055f770ae7bb7a8303968a7fb6088a2296e,62514232,2026-08-07T00:16:08Z
0x7ac0ba405b7cb03fbd6cfa7ca7f0ae43419cdd18,21,"395,648,676,910,934,945,1063,1120,1237,1270,1300,1306,1539,1543,1555,1645,1700,2016,2415,2424,2509",0x0b012055f770ae7bb7a8303968a7fb6088a2296e,62514232,2026-08-07T00:16:08Z
0xfb9d2ff245e253b38a43bee1e544ea603a72c40a,20,"1205,1301,1346,1408,1452,1649,1960,2285,2306,2501,2646,2815,2824,2838,2853,2855,2899,2901,2948,2956",0x0b012055f770ae7bb7a8303968a7fb6088a2296e,62514232,2026-08-07T00:16:08Z
0xe277ba956929745d4322961a470eee73961d0f67,20,"6588,6630,6636,6637,6662,6663,6676,6685,6736,6737,6745,6766,6769,6834,6852,6958,6959,6960,6961,6962",0x0b012055f770ae7bb7a8303968a7fb6088a2296e,62514232,2026-08-07T00:16:08Z
0xae69116e4aa49645f78c1fc9f28f677aede0d153,19,"1817,1827,1851,1860,2244,2409,3803,3960,3961,3980,4124,4126,4455,4606,4702,4857,4956,5117,5239",0x0b012055f770ae7bb7a8303968a7fb6088a2296e,62514232,2026-08-07T00:16:08Z
0x6ea916b8d073be84a0103673a11cab987b6df6ae,19,"32,38,154,584,1941,2915,3825,4192,4275,4331,4360,4368,4378,4459,4482,4514,4550,4551,4553",0x0b012055f770ae7bb7a8303968a7fb6088a2296e,62514232,2026-08-07T00:16:08Z
0x34694a8f46659e18f9494cbd3ad34803f5f1f4b6,19,"6319,6320,6322,6323,6324,6325,6326,6328,6333,6334,6337,6375,6379,6398,6664,6675,7092,7265,8302",0x0b012055f770ae7bb7a8303968a7fb6088a2296e,62514232,2026-08-07T00:16:08Z
0xef7f17c7151cd1f483a5f515ac0e88f2c7a5bb82,18,"557,574,603,615,631,686,714,731,833,845,867,1913,1918,1929,1932,1937,3236,4309",0x0b012055f770ae7bb7a8303968a7fb6088a2296e,62514232,2026-08-07T00:16:08Z
0xd5d7f72941d5b918d4e50ca776c2c23ac7cd87be,18,"646,689,831,866,879,915,1037,1141,1157,1212,1230,1257,1338,1453,1496,1627,1659,1707",0x0b012055f770ae7bb7a8303968a7fb6088a2296e,62514232,2026-08-07T00:16:08Z
0x983d1b5824fc824aa86a8984d76b4c7fa28b6f51,18,"334,344,877,2051,2188,2193,2714,2733,2734,2740,2747,2749,2763,2770,2773,2775,2874,2876",0x0b012055f770ae7bb7a8303968a7fb6088a2296e,62514232,2026-08-07T00:16:08Z
0x4883f155c3e6687c145ffecb9fb02b87b096e0ff,18,"1291,1400,1820,2031,3325,3363,3502,3505,3565,3567,3572,3582,3595,3599,3618,3632,3633,3642",0x0b012055f770ae7bb7a8303968a7fb6088a2296e,62514232,2026-08-07T00:16:08Z
0x37f10553ba667d66c757e6340733f7c3a78f9e11,18,"908,983,1031,1095,1238,1292,1470,1478,1506,1880,1917,1925,1935,1943,1946,1958,1998,2191",0x0b012055f770ae7bb7a8303968a7fb6088a2296e,62514232,2026-08-07T00:16:08Z
0xd5ac08f6f04d2ea98bd7e5635e5f628e53af894b,17,"2256,2296,2621,2645,2647,2848,2867,2977,2978,2983,3102,3106,3107,3153,3209,3347,4149",0x0b012055f770ae7bb7a8303968a7fb6088a2296e,62514232,2026-08-07T00:16:08Z
0xd31f6bcad59e7f4d6f00bcc9c786981d7b10abfb,17,"3872,3873,3876,4155,4158,4199,4493,4629,4632,4633,4707,4986,5057,5464,5846,6305,6307",0x0b012055f770ae7bb7a8303968a7fb6088a2296e,62514232,2026-08-07T00:16:08Z
0xcfcf1783f1000ef5ee760c57abc1c7a47bf653a3,17,"1701,2155,2163,2171,2206,3313,3356,3366,3392,3539,3805,3806,3811,3812,3932,4467,4468",0x0b012055f770ae7bb7a8303968a7fb6088a2296e,62514232,2026-08-07T00:16:08Z
0x6d807e6564d90de613e2280a3e943c32a57e18d6,17,"2615,2742,2856,2971,3091,3104,3925,3927,3947,3949,3955,3962,3963,3970,3988,4647,4648",0x0b012055f770ae7bb7a8303968a7fb6088a2296e,62514232,2026-08-07T00:16:08Z
0x3e5281e4df187cc764d63cc5dc257a064b298504,17,"2400,2401,2402,2406,2416,2427,2439,2452,2475,2528,2597,2640,2648,2662,6049,6052,6102",0x0b012055f770ae7bb7a8303968a7fb6088a2296e,62514232,2026-08-07T00:16:08Z
0xf426bb904fc1123960aff7cfa81df1b5fdcb599d,16,"5269,5270,5271,5272,5273,5274,5275,5276,5277,5278,5279,5280,5281,5282,5283,6122",0x0b012055f770ae7bb7a8303968a7fb6088a2296e,62514232,2026-08-07T00:16:08Z
0xe8372026f2329e8fca1b6088667e9a6aa45e9ad0,16,"4561,4562,4604,4610,4643,4644,4645,4661,4662,4668,4778,4792,4814,4816,4817,4830",0x0b012055f770ae7bb7a8303968a7fb6088a2296e,62514232,2026-08-07T00:16:08Z
0xd21a12b3fb7e8c622de672e2647627393cd530d4,16,"1831,2104,2114,2130,2137,2182,2340,3492,3694,3874,3983,3984,3989,4268,4321,4408",0x0b012055f770ae7bb7a8303968a7fb6088a2296e,62514232,2026-08-07T00:16:08Z
0xa24d0092e32dcd6438fcf26aec7019e41307eb10,16,"6498,6499,6500,6501,6502,6504,6506,6516,6526,6590,6592,6594,6595,6598,6600,6723",0x0b012055f770ae7bb7a8303968a7fb6088a2296e,62514232,2026-08-07T00:16:08Z
0x47dde8231cdf6025f36757b6c8a965dac38159e4,16,"2038,2041,2053,2262,2411,2413,2418,2435,2448,2467,2471,2496,2514,2525,2573,4014",0x0b012055f770ae7bb7a8303968a7fb6088a2296e,62514232,2026-08-07T00:16:08Z
0x1f86c9bff76bc12b7bfd10988e4796243b4f833a,16,"885,1018,1243,1372,1800,2330,2595,3676,3758,3759,3901,3923,3971,4063,4069,4144",0x0b012055f770ae7bb7a8303968a7fb6088a2296e,62514232,2026-08-07T00:16:08Z
0xe048bebf5714317ff5d38c5f2fceca97c9bf1b6b,15,"4862,4876,4878,4898,4899,4914,4915,4918,4975,4978,4990,5012,5015,5017,5049",0x0b012055f770ae7bb7a8303968a7fb6088a2296e,62514232,2026-08-07T00:16:08Z
0x93ca670f90adb1c3c333aa4306c77e17f8581981,15,"1339,1377,1405,1422,1667,2426,2432,2451,2460,2482,2506,2533,2544,2556,2569",0x0b012055f770ae7bb7a8303968a7fb6088a2296e,62514232,2026-08-07T00:16:08Z
0x6ccfd929d3000d9516ad18326c25e3bed9eedd1c,15,"1806,1826,1845,1849,1875,1973,1993,2092,2325,2338,2346,2549,2565,2761,2851",0x0b012055f770ae7bb7a8303968a7fb6088a2296e,62514232,2026-08-07T00:16:08Z
0x60a5673f778a4db74b59f3378ad1bc743bc29f4c,15,"516,609,620,759,1770,1794,1911,2113,2614,3421,3965,7250,7283,7554,8064",0x0b012055f770ae7bb7a8303968a7fb6088a2296e,62514232,2026-08-07T00:16:08Z
0x53270d44eee663e509f0b715525703b12c353e30,15,"2266,2271,2644,3021,7546,7548,7551,7552,7776,7892,8311,8320,8344,8503,8524",0x0b012055f770ae7bb7a8303968a7fb6088a2296e,62514232,2026-08-07T00:16:08Z
0x4f46c9d3257d95e35a2441df2fdf293af13f47d9,15,"4206,4207,4242,4243,4326,4544,4911,5236,5237,5327,5933,6169,6241,6585,7178",0x0b012055f770ae7bb7a8303968a7fb6088a2296e,62514232,2026-08-07T00:16:08Z
0x35cd00f7dd5b1e620c87a6cb55e8c326054c7d22,15,"4341,4851,5000,5031,5038,5105,5425,5427,5455,5650,5807,5852,5921,6096,6121",0x0b012055f770ae7bb7a8303968a7fb6088a2296e,62514232,2026-08-07T00:16:08Z
0x2a5b12c7880f277579ab86388203f7e17f7ff2d0,15,"683,760,786,807,828,852,898,957,1045,1058,1113,1185,1229,1239,1246",0x0b012055f770ae7bb7a8303968a7fb6088a2296e,62514232,2026-08-07T00:16:08Z
0x084fe17a1fe64d42431a30ce67f0d6dcd670e97a,15,"7389,7390,7391,7424,8305,8309,8352,8353,8354,8386,8387,8388,8389,8549,8550",0x0b012055f770ae7bb7a8303968a7fb6088a2296e,62514232,2026-08-07T00:16:08Z
0xa9cf92e829528ce0a831025f58fa81f0b10d4288,14,"3855,4011,4025,4940,5351,5797,5804,5834,5888,7385,7386,7425,7543,7866",0x0b012055f770ae7bb7a8303968a7fb6088a2296e,62514232,2026-08-07T00:16:08Z
0xa42b37b50fe7f1a4850e66881c22e80a80a08240,14,"690,712,720,734,750,768,780,796,813,850,894,916,1940,1950",0x0b012055f770ae7bb7a8303968a7fb6088a2296e,62514232,2026-08-07T00:16:08Z
0x9ccc726f6dd5559ca474c0413a38f550de46f16b,14,"444,472,680,3100,3174,3175,3176,3177,3250,3351,3368,3518,3869,4565",0x0b012055f770ae7bb7a8303968a7fb6088a2296e,62514232,2026-08-07T00:16:08Z
0x2b51754cc786916c24d5835282551c672177df29,14,"1702,1708,1738,1740,1753,1755,1760,1765,1771,1775,1784,1786,1818,1822",0x0b012055f770ae7bb7a8303968a7fb6088a2296e,62514232,2026-08-07T00:16:08Z
0x0ca6cadb6a8ca4199788b9a060c3285fe7b897fd,14,"571,641,1733,2240,2272,3604,4725,4727,4752,4773,4855,4934,4935,5020",0x0b012055f770ae7bb7a8303968a7fb6088a2296e,62514232,2026-08-07T00:16:08Z
0x02381f433de35fb09b519575f019c753388f1cbe,14,"3266,3317,3327,3334,3339,3349,3414,3441,3446,3452,3454,3490,3497,4120",0x0b012055f770ae7bb7a8303968a7fb6088a2296e,62514232,2026-08-07T00:16:08Z
0xf77506dac023a7483b8ec308b387abb161ac4fa0,13,"1083,1139,1391,1407,1430,1743,2102,2527,2546,3639,3816,3885,3897",0x0b012055f770ae7bb7a8303968a7fb6088a2296e,62514232,2026-08-07T00:16:08Z
0xea9a06ddd9a1146de87d56a29d249c1057ddd06e,13,"8382,8383,8385,8392,8393,8394,8396,8401,8403,8404,8405,8426,8644",0x0b012055f770ae7bb7a8303968a7fb6088a2296e,62514232,2026-08-07T00:16:08Z
0xc1605ae62effe6b72e89a8453d1ca0ca265af9cc,13,"470,599,929,2226,2396,2764,2765,2766,3428,6140,6212,6213,7566",0x0b012055f770ae7bb7a8303968a7fb6088a2296e,62514232,2026-08-07T00:16:08Z
0xbefe9091541d2fd2bb2b931536fbee0383c4c4e0,13,"433,475,564,1336,1375,1456,1541,1629,1696,1748,1990,2370,2373",0x0b012055f770ae7bb7a8303968a7fb6088a2296e,62514232,2026-08-07T00:16:08Z
0x98e70e367edff33d99b0b4d07235540771ef6b4b,13,"523,671,710,725,746,754,795,843,1328,1641,1896,2229,2368",0x0b012055f770ae7bb7a8303968a7fb6088a2296e,62514232,2026-08-07T00:16:08Z
0x68ee4b79850f6b172e07115badfd07f90bfcdae7,13,"5420,5421,5422,5429,5430,5431,5433,5438,5441,5669,5927,5928,6222",0x0b012055f770ae7bb7a8303968a7fb6088a2296e,62514232,2026-08-07T00:16:08Z
0x607e0f6055087f84b192b255b2272446432a4423,13,"1124,1133,1161,1178,1732,1742,1893,1897,1910,2498,2512,2522,4129",0x0b012055f770ae7bb7a8303968a7fb6088a2296e,62514232,2026-08-07T00:16:08Z
0x22f4194f6706e70abaa14ab352d0baa6c7ced24a,13,"7567,7659,7661,7702,7787,8017,8175,8195,8196,8283,8681,8682,8695",0x0b012055f770ae7bb7a8303968a7fb6088a2296e,62514232,2026-08-07T00:16:08Z
0xe8395605f832f8fe0d0ae1217c508abb1c4f6f0b,12,"6508,6517,6827,6953,6978,6982,7025,7251,7280,7311,7388,7510",0x0b012055f770ae7bb7a8303968a7fb6088a2296e,62514232,2026-08-07T00:16:08Z
0xd6b01c20918a7ba5d05e81dc59ded322962b4d37,12,"293,321,495,544,567,587,697,1089,1512,1611,1658,2111",0x0b012055f770ae7bb7a8303968a7fb6088a2296e,62514232,2026-08-07T00:16:08Z
0x9e6d58454dfc44c748d480d6adf9133aede933e2,12,"8683,8684,8685,8686,8687,8688,8689,8690,8691,8692,8693,8694",0x0b012055f770ae7bb7a8303968a7fb6088a2296e,62514232,2026-08-07T00:16:08Z
0x6a204b6a611a708a780bca3ea5197aebf870d916,12,"2250,2252,2261,2286,2287,2311,2317,2324,2334,2361,2363,2378",0x0b012055f770ae7bb7a8303968a7fb6088a2296e,62514232,2026-08-07T00:16:08Z
0x65d6d9384fbafdf8493b7f4c68955f456360d70a,12,"508,543,623,636,896,968,998,1144,1162,1198,1587,1695",0x0b012055f770ae7bb7a8303968a7fb6088a2296e,62514232,2026-08-07T00:16:08Z
0x61be4048c631954a8adb3a7088b17ed8d9c2a33a,12,"5,82,182,1098,1416,2255,2357,3592,4023,4181,4357,4552",0x0b012055f770ae7bb7a8303968a7fb6088a2296e,62514232,2026-08-07T00:16:08Z
0x3542b2d6172bf3f39ab7f4cbc37ad0bb40dfe403,12,"4225,4241,4267,4510,4758,4768,5138,5836,5837,5970,6087,6399",0x0b012055f770ae7bb7a8303968a7fb6088a2296e,62514232,2026-08-07T00:16:08Z
0x24a30823bd87e785b0c4b3803a2bffd91eb6876f,12,"4353,4429,4473,4495,4513,4555,4706,4791,4793,4804,4966,4992",0x0b012055f770ae7bb7a8303968a7fb6088a2296e,62514232,2026-08-07T00:16:08Z
0x0bde1698107d36cfcc1685207ecff052bc8cae64,12,"135,213,250,312,362,382,892,1240,1666,3204,3271,3276",0x0b012055f770ae7bb7a8303968a7fb6088a2296e,62514232,2026-08-07T00:16:08Z
0x000000000000000000000000000000000000dead,12,"263,769,2831,8180,8255,8313,8314,8315,8316,8317,8327,8435",0x0b012055f770ae7bb7a8303968a7fb6088a2296e,62514232,2026-08-07T00:16:08Z
0xc716143aa602252fe734ad7e96d9b4464f5eb61e,11,"1489,1757,1836,1933,1944,2154,2173,2217,2795,7406,7685",0x0b012055f770ae7bb7a8303968a7fb6088a2296e,62514232,2026-08-07T00:16:08Z
0xbde2eb7007c89ae1c48782a85de693653217ba27,11,"346,520,607,694,834,868,907,1260,1285,1297,1394",0x0b012055f770ae7bb7a8303968a7fb6088a2296e,62514232,2026-08-07T00:16:08Z
0xbbe66179f035ca144cf807d2a6ec381dcca03675,11,"2265,2289,2351,2712,3169,4287,4339,4372,4389,4414,4598",0x0b012055f770ae7bb7a8303968a7fb6088a2296e,62514232,2026-08-07T00:16:08Z
0x67918ba8ef203852c14d87f049378ea647516b11,11,"149,232,507,527,887,1189,1247,1261,2047,2054,2064",0x0b012055f770ae7bb7a8303968a7fb6088a2296e,62514232,2026-08-07T00:16:08Z
0x667cbbed2e1295ec25381e2b056547eb90fc8f96,11,"967,991,1069,1163,2465,2490,2513,2529,2562,2586,2875",0x0b012055f770ae7bb7a8303968a7fb6088a2296e,62514232,2026-08-07T00:16:08Z
0x159a64dc92ad9a47248f1cd12b8ec2dda1235637,11,"1607,1632,1654,1726,2037,3218,3698,3700,4735,4736,4989",0x0b012055f770ae7bb7a8303968a7fb6088a2296e,62514232,2026-08-07T00:16:08Z
0x08e2f2e567a040983f50ff044e371eb43da3ca62,11,"3514,3526,3553,3555,3557,3591,3600,3608,3619,3630,3638",0x0b012055f770ae7bb7a8303968a7fb6088a2296e,62514232,2026-08-07T00:16:08Z
0xf341b6e04d0bcb6218ec6db87370235b9ef0dfec,10,"3214,5621,5911,6223,6878,7216,7319,7827,8034,8336",0x0b012055f770ae7bb7a8303968a7fb6088a2296e,62514232,2026-08-07T00:16:08Z
0xf2407b885844d485e17e827ff30699567857a932,10,"4032,4840,4872,4874,4910,7946,8010,8012,8074,8139",0x0b012055f770ae7bb7a8303968a7fb6088a2296e,62514232,2026-08-07T00:16:08Z
0xe19dc881996518bdffa693bd47cf76f1219f59e8,10,"4760,4827,4920,4946,4959,5074,5148,5149,5292,6153",0x0b012055f770ae7bb7a8303968a7fb6088a2296e,62514232,2026-08-07T00:16:08Z
0xe07e487d5a5e1098bbb4d259dac5ef83ae273f4e,10,"3431,3437,3438,3439,3442,3646,4236,4512,4538,4747",0x0b012055f770ae7bb7a8303968a7fb6088a2296e,62514232,2026-08-07T00:16:08Z
0xc748a0e296e261251cd0d08d5a8d18bbcd999e33,10,"5703,5723,5728,5769,5782,5838,5839,5840,5842,6018",0x0b012055f770ae7bb7a8303968a7fb6088a2296e,62514232,2026-08-07T00:16:08Z
0xc545842f7fc597549a6954fad9786d07b30b5a56,10,"1084,1177,2005,2028,2481,2515,2554,4136,4139,4557",0x0b012055f770ae7bb7a8303968a7fb6088a2296e,62514232,2026-08-07T00:16:08Z
0xc22e115c9f0cf6851b1ab943ab7b7e0ddad083c9,10,"1,2,1930,2322,2623,3278,3906,3907,3908,4391",0x0b012055f770ae7bb7a8303968a7fb6088a2296e,62514232,2026-08-07T00:16:08Z
0x97fd87cc32ed4ccee07b17e1159e9aca85b223ab,10,"1046,1248,1389,1978,2052,2060,2458,2463,2492,2507",0x0b012055f770ae7bb7a8303968a7fb6088a2296e,62514232,2026-08-07T00:16:08Z
0x92206284cae2b1be18c8bcc9042ee5cd3cfcd7a5,10,"4660,4688,4845,4907,4970,5037,5078,5157,5565,8312",0x0b012055f770ae7bb7a8303968a7fb6088a2296e,62514232,2026-08-07T00:16:08Z
0x8896e3f5fc50191c5c74d209030acc3acc0fa49e,10,"2782,2783,2784,3019,3784,4013,4239,4240,5829,5924",0x0b012055f770ae7bb7a8303968a7fb6088a2296e,62514232,2026-08-07T00:16:08Z
0x86c5c688101c32fa7b3bd3841f5e3e2b2b91d56d,10,"1751,1801,2042,2300,2343,2362,2365,2381,2652,2710",0x0b012055f770ae7bb7a8303968a7fb6088a2296e,62514232,2026-08-07T00:16:08Z
0x786c7bb158800fa8faceb73f75fee62786888683,10,"4799,4800,4871,5026,5073,6000,6001,6045,6782,7399",0x0b012055f770ae7bb7a8303968a7fb6088a2296e,62514232,2026-08-07T00:16:08Z
0x6fe797a05359c9d91b1f85d418e2ed4ea6c65a8f,10,"371,820,963,1337,2141,3831,3833,4037,4579,4617",0x0b012055f770ae7bb7a8303968a7fb6088a2296e,62514232,2026-08-07T00:16:08Z
0x5ee0a6904ebfc754fb94d01a3909a2f700d89fd6,10,"256,329,335,384,405,434,461,467,497,512",0x0b012055f770ae7bb7a8303968a7fb6088a2296e,62514232,2026-08-07T00:16:08Z
0x4d26f0e78c154f8fda7acf6646246fa135507017,10,"3196,3551,5024,5025,5225,5695,5802,5803,5968,6300",0x0b012055f770ae7bb7a8303968a7fb6088a2296e,62514232,2026-08-07T00:16:08Z
0x4b39eaf26ee54a089c668435e92e183b2621c4d3,10,"1151,2026,2074,2223,2273,2331,2394,2654,2657,2777",0x0b012055f770ae7bb7a8303968a7fb6088a2296e,62514232,2026-08-07T00:16:08Z
0x46b70f26bb08c20e137eb8795c16bcc4c5e90303,10,"959,1112,1977,2161,2213,2254,2797,3773,3896,4086",0x0b012055f770ae7bb7a8303968a7fb6088a2296e,62514232,2026-08-07T00:16:08Z
0x4011ee4762c73ad36570cd46463f59484f0e3bfc,10,"6995,7094,7105,7106,7107,7125,7126,7127,7128,7157",0x0b012055f770ae7bb7a8303968a7fb6088a2296e,62514232,2026-08-07T00:16:08Z
0x2e818545b078bcb5e08feba5d791042bb1ee1579,10,"3336,3338,3513,3814,3817,3844,3860,3990,4004,4162",0x0b012055f770ae7bb7a8303968a7fb6088a2296e,62514232,2026-08-07T00:16:08Z
0x25a29b20ceb6a369d707a4af766dfc646f46fce2,10,"7170,7281,7286,7296,7409,7434,7451,7519,7557,8210",0x0b012055f770ae7bb7a8303968a7fb6088a2296e,62514232,2026-08-07T00:16:08Z
0x22f3213126b77775c3bd756fc8257bf964dbec88,10,"370,387,449,560,576,589,616,629,666,707",0x0b012055f770ae7bb7a8303968a7fb6088a2296e,62514232,2026-08-07T00:16:08Z
0x1adcbcc69d99e4e89876b06fab865043fc6b8f1e,10,"1468,1716,2134,2144,2491,2499,2511,2534,2550,2817",0x0b012055f770ae7bb7a8303968a7fb6088a2296e,62514232,2026-08-07T00:16:08Z
0x033e83dd4960b1f41a38808dd43b17b091d454dd,10,"153,174,241,249,2129,2257,2447,2459,2473,2487",0x0b012055f770ae7bb7a8303968a7fb6088a2296e,62514232,2026-08-07T00:16:08Z
0xf552d9a5622f2d0e3790244936c231adea045d9a,9,"7351,7352,7353,7354,7355,7356,7357,7358,8322",0x0b012055f770ae7bb7a8303968a7fb6088a2296e,62514232,2026-08-07T00:16:08Z
0xe80f69ec5a1a0850bd0834cf44fbc90ae7a8f324,9,"252,420,899,1621,1833,2445,2521,2543,2559",0x0b012055f770ae7bb7a8303968a7fb6088a2296e,62514232,2026-08-07T00:16:08Z
0xd3f81d3b1eee4684d97bb54c1158266fdc59d1f5,9,"3807,4228,4280,4350,4399,4420,4650,4785,6044",0x0b012055f770ae7bb7a8303968a7fb6088a2296e,62514232,2026-08-07T00:16:08Z
0xb8c1dcc73aa15a617ed23647946ca755877765de,9,"1449,3815,5841,5946,5956,5997,6059,6154,6157",0x0b012055f770ae7bb7a8303968a7fb6088a2296e,62514232,2026-08-07T00:16:08Z
0xa59ae5459ae87cc2456014ae23dff00767a78b69,9,"409,635,688,705,808,1109,1370,1514,2751",0x0b012055f770ae7bb7a8303968a7fb6088a2296e,62514232,2026-08-07T00:16:08Z
0x8b7945f35435ecabdb2511166510403d721e909c,9,"7581,7926,8338,8348,8349,8350,8351,8356,8357",0x0b012055f770ae7bb7a8303968a7fb6088a2296e,62514232,2026-08-07T00:16:08Z
0x67f72412a592d066a2e688e62664116deabeab29,9,"1974,1999,2002,2030,2183,2189,2205,3674,3675",0x0b012055f770ae7bb7a8303968a7fb6088a2296e,62514232,2026-08-07T00:16:08Z
0x66bf0d32cb0ac017f4629ee77895410a0b911ef7,9,"7650,7837,7950,8039,8121,8122,8174,8248,8267",0x0b012055f770ae7bb7a8303968a7fb6088a2296e,62514232,2026-08-07T00:16:08Z
0x5db394684bad399c280a01be08a75759b44a24f0,9,"42,45,49,50,51,56,169,216,339",0x0b012055f770ae7bb7a8303968a7fb6088a2296e,62514232,2026-08-07T00:16:08Z
0x5b7464ffc69f10482ddff31d24847a6a19506060,9,"430,476,699,1015,1099,1387,2275,2801,4446",0x0b012055f770ae7bb7a8303968a7fb6088a2296e,62514232,2026-08-07T00:16:08Z
0x3b27393cd71944cd00ad45273b20b6e06de95b8c,9,"4373,4374,4574,4655,6050,6196,6197,6207,6226",0x0b012055f770ae7bb7a8303968a7fb6088a2296e,62514232,2026-08-07T00:16:08Z
0x3471c0752dc91fa73caed63dacc0ec587c64ee38,9,"4704,4763,4835,6265,6668,6998,7241,7273,7429",0x0b012055f770ae7bb7a8303968a7fb6088a2296e,62514232,2026-08-07T00:16:08Z
0x258d4c329b6dab96e9f01b89ab203d5d5108ce2b,9,"2493,2563,2592,2612,2798,2970,3152,3193,4249",0x0b012055f770ae7bb7a8303968a7fb6088a2296e,62514232,2026-08-07T00:16:08Z
0x1377fcc666059dfb91b7b11b0596e910d8273324,9,"1979,2015,2248,2399,2560,2834,3337,4560,4943",0x0b012055f770ae7bb7a8303968a7fb6088a2296e,62514232,2026-08-07T00:16:08Z
0xfaee91099d9f64382bfdcf0ad319a002f3e4546e,8,"657,679,698,1399,1419,1592,1598,1610",0x0b012055f770ae7bb7a8303968a7fb6088a2296e,62514232,2026-08-07T00:16:08Z
0xf97ab67707dcc874d33c15e0477109584d755963,8,"4649,4651,4652,4654,4656,4657,5187,5268",0x0b012055f770ae7bb7a8303968a7fb6088a2296e,62514232,2026-08-07T00:16:08Z
0xea07a57ed2a9d5bf2a0a4b33b57da52a6cdd2f5e,8,"4585,4590,4634,4693,4694,4795,4866,4953",0x0b012055f770ae7bb7a8303968a7fb6088a2296e,62514232,2026-08-07T00:16:08Z
0xe26009a420f21048eed184ff9146d88fde00d0d0,8,"3766,3771,3935,3937,3939,4297,4456,5789",0x0b012055f770ae7bb7a8303968a7fb6088a2296e,62514232,2026-08-07T00:16:08Z
0xd10bd774b8825038f11791c836d250cfb860b8e8,8,"985,1200,1348,1469,1691,2360,2541,2575",0x0b012055f770ae7bb7a8303968a7fb6088a2296e,62514232,2026-08-07T00:16:08Z
0xc929ccb5e214d55bd8cec88e2b83709c2adaeeed,8,"7901,8171,8212,8364,8367,8402,8436,8525",0x0b012055f770ae7bb7a8303968a7fb6088a2296e,62514232,2026-08-07T00:16:08Z
0xc69aaf88966d4c2296facd62d7554cf5909b4d34,8,"992,1105,1305,2069,2724,3917,4302,4439",0x0b012055f770ae7bb7a8303968a7fb6088a2296e,62514232,2026-08-07T00:16:08Z
0xbb257625458a12374daf2ad0c91d5a215732f206,8,"388,414,452,486,528,583,1081,1116",0x0b012055f770ae7bb7a8303968a7fb6088a2296e,62514232,2026-08-07T00:16:08Z
0xb39551d4214237d5344724d6dacadd9f8bfa1a8f,8,"2321,2337,2457,2551,2780,2917,3577,7836",0x0b012055f770ae7bb7a8303968a7fb6088a2296e,62514232,2026-08-07T00:16:08Z
0x9d6b5f722afa535e5b9d17239b563c88203755a3,8,"2290,2292,2297,2382,2383,4820,5140,7527",0x0b012055f770ae7bb7a8303968a7fb6088a2296e,62514232,2026-08-07T00:16:08Z
0x83f2cd185f7680947175f05295243f26ca3587dc,8,"6149,6159,6160,6161,6162,6163,6164,6165",0x0b012055f770ae7bb7a8303968a7fb6088a2296e,62514232,2026-08-07T00:16:08Z
0x6b052bb4f5e54dee68cf96530d67c9b54283ace8,8,"695,716,732,802,809,815,856,1798",0x0b012055f770ae7bb7a8303968a7fb6088a2296e,62514232,2026-08-07T00:16:08Z
0x5c1de9ce04dc35d8a2d2ab821840319f03a5e291,8,"3538,3624,3636,3663,3727,3744,3795,4741",0x0b012055f770ae7bb7a8303968a7fb6088a2296e,62514232,2026-08-07T00:16:08Z
0x58b80ff10946cfda425c81f8619c6c1615a517b5,8,"1802,1823,2011,2025,2209,2877,2880,3141",0x0b012055f770ae7bb7a8303968a7fb6088a2296e,62514232,2026-08-07T00:16:08Z
0x3e383b03f941f4f73a7a186dee3cfee3f8105543,8,"2247,2251,2353,2790,3813,4545,4596,5186",0x0b012055f770ae7bb7a8303968a7fb6088a2296e,62514232,2026-08-07T00:16:08Z
0x2f9b246bae4f0a1104fa395cedefa595eb80c79d,8,"1762,1809,1814,1878,2035,2364,2659,3417",0x0b012055f770ae7bb7a8303968a7fb6088a2296e,62514232,2026-08-07T00:16:08Z
0x1fd8563c594cb7480919a5470ebc21efbacdec9b,8,"2196,2197,2202,2208,2212,2221,2953,2954",0x0b012055f770ae7bb7a8303968a7fb6088a2296e,62514232,2026-08-07T00:16:08Z
0x1cbafba3a4a6cc704087a969d52a480b43dca991,8,"318,379,394,410,438,737,924,1764",0x0b012055f770ae7bb7a8303968a7fb6088a2296e,62514232,2026-08-07T00:16:08Z
0x150afc19f3592521f969fe33f620203253e441f5,8,"3724,3786,3871,3882,4102,4133,4251,4313",0x0b012055f770ae7bb7a8303968a7fb6088a2296e,62514232,2026-08-07T00:16:08Z
0x01a19fdaf19740e37b6db81d9265a81756d05dc2,8,"790,953,1021,1078,2676,3138,3264,4010",0x0b012055f770ae7bb7a8303968a7fb6088a2296e,62514232,2026-08-07T00:16:08Z
0xfb6b3b5d35499bd890c5e92676c94c48b1366352,7,"1995,2933,2935,2936,2975,2996,3109",0x0b012055f770ae7bb7a8303968a7fb6088a2296e,62514232,2026-08-07T00:16:08Z
0xfa52bf6f12acca85137a456725fb30444d0d1243,7,"1122,1156,1186,1236,1294,1502,1546",0x0b012055f770ae7bb7a8303968a7fb6088a2296e,62514232,2026-08-07T00:16:08Z
0xf13a3edc1d7585cbf9a47ae8f7b3be921c229b57,7,"83,111,745,2431,2434,2478,2558",0x0b012055f770ae7bb7a8303968a7fb6088a2296e,62514232,2026-08-07T00:16:08Z
0xe2e9f299f5b55f69033fd14873c64de31c6ab7a4,7,"2713,2723,2731,2900,2988,3013,3162",0x0b012055f770ae7bb7a8303968a7fb6088a2296e,62514232,2026-08-07T00:16:08Z
0xdd3c52b15de0a2354fc8c0df3a0cb3899a251a71,7,"148,161,608,639,775,1908,2204",0x0b012055f770ae7bb7a8303968a7fb6088a2296e,62514232,2026-08-07T00:16:08Z
0xd4083f91d0ac928961c009547f76340bba56b40f,7,"1065,1373,1401,1447,1554,1590,1602",0x0b012055f770ae7bb7a8303968a7fb6088a2296e,62514232,2026-08-07T00:16:08Z
0xc6ec9f78bebfb3a8e3c924181fb53c6f1f2ee3a9,7,"183,210,277,2075,2283,2642,3108",0x0b012055f770ae7bb7a8303968a7fb6088a2296e,62514232,2026-08-07T00:16:08Z
0xbc4d766f997a6331941a21922ccaa355be0c5906,7,"3445,3456,3457,3461,3468,3470,3472",0x0b012055f770ae7bb7a8303968a7fb6088a2296e,62514232,2026-08-07T00:16:08Z
0xb3a49a6141719a90d0cec7a7420fa7a8d00f2b55,7,"5472,5482,5483,5519,5548,5582,5612",0x0b012055f770ae7bb7a8303968a7fb6088a2296e,62514232,2026-08-07T00:16:08Z
0xac0a1d1072edf3de4ceacffdea43326b5088a498,7,"466,500,558,582,2097,3265,3267",0x0b012055f770ae7bb7a8303968a7fb6088a2296e,62514232,2026-08-07T00:16:08Z
0xa86de09c366626f1d0ffb0e7a85173e94e7bc7ed,7,"7761,7774,7775,7793,8371,8528,8675",0x0b012055f770ae7bb7a8303968a7fb6088a2296e,62514232,2026-08-07T00:16:08Z
0xa1e0a34ad57f6d2d34ae4bf4b6faf4692907786d,7,"5808,6210,6211,6216,6217,6227,6228",0x0b012055f770ae7bb7a8303968a7fb6088a2296e,62514232,2026-08-07T00:16:08Z
0x9bdbdb4a8f7f816c87a67f5281484ed902c6b942,7,"4637,4641,4642,4932,4937,4938,5949",0x0b012055f770ae7bb7a8303968a7fb6088a2296e,62514232,2026-08-07T00:16:08Z
0x902774695d42fe13aae21721c408fc0c1f15cf73,7,"7679,7705,7713,7781,7933,8303,8304",0x0b012055f770ae7bb7a8303968a7fb6088a2296e,62514232,2026-08-07T00:16:08Z
0x8c64dd9d72bab49af56fcf015a91e434fb1fbf23,7,"604,637,704,1828,2462,2508,2532",0x0b012055f770ae7bb7a8303968a7fb6088a2296e,62514232,2026-08-07T00:16:08Z
0x886c35eaa1b6f009bd59d189d0c9f754cb33f926,7,"1313,1351,1390,1397,1601,1616,1648",0x0b012055f770ae7bb7a8303968a7fb6088a2296e,62514232,2026-08-07T00:16:08Z
0x83804fa80dc5674648b61d53b629c580f814f5f5,7,"739,785,803,832,880,897,923",0x0b012055f770ae7bb7a8303968a7fb6088a2296e,62514232,2026-08-07T00:16:08Z
0x747276019e3340104c96397bf6537ad01f93d7df,7,"3878,3887,4180,4247,4292,4340,4532",0x0b012055f770ae7bb7a8303968a7fb6088a2296e,62514232,2026-08-07T00:16:08Z
0x6d4ed8a1599dee2655d51b245f786293e03d58f7,7,"7553,7593,7747,7803,7853,8130,8131",0x0b012055f770ae7bb7a8303968a7fb6088a2296e,62514232,2026-08-07T00:16:08Z
0x64b2c6b40dae863b16fc591cdcec7741ebc46a2a,7,"6142,7461,7764,8235,8241,8242,8244",0x0b012055f770ae7bb7a8303968a7fb6088a2296e,62514232,2026-08-07T00:16:08Z
0x5b778745be548a9fb040ad256fd350b24b888888,7,"703,3124,3151,3157,3185,3479,4111",0x0b012055f770ae7bb7a8303968a7fb6088a2296e,62514232,2026-08-07T00:16:08Z
0x568146b18d96435a77db224e1662cb19a366e783,7,"2412,2417,2421,2423,2436,2455,2545",0x0b012055f770ae7bb7a8303968a7fb6088a2296e,62514232,2026-08-07T00:16:08Z
0x4f724516242829dc5bc6119f666b18102437de53,7,"4044,4122,4291,4294,4312,4407,4428",0x0b012055f770ae7bb7a8303968a7fb6088a2296e,62514232,2026-08-07T00:16:08Z
0x481642c376363ccb057ff8bab4594f8d097b8f89,7,"265,1181,1253,1276,1381,1402,1410",0x0b012055f770ae7bb7a8303968a7fb6088a2296e,62514232,2026-08-07T00:16:08Z
0x3fdbad53ab0068b9740aa2b9f7fddf3ef65e401c,7,"5320,5321,5322,5323,5324,5325,5326",0x0b012055f770ae7bb7a8303968a7fb6088a2296e,62514232,2026-08-07T00:16:08Z
0x3f13c8ecdd224197ea42fa7722b765d873190f4e,7,"2332,2620,2625,2628,4008,4050,6392",0x0b012055f770ae7bb7a8303968a7fb6088a2296e,62514232,2026-08-07T00:16:08Z
0x3d55017098970268414f4b9252fdbe18cd09dcc3,7,"178,191,219,327,502,1043,1101",0x0b012055f770ae7bb7a8303968a7fb6088a2296e,62514232,2026-08-07T00:16:08Z
0x3806410847af6cc861d8457b1e4ac029778aaf20,7,"6218,6221,6231,6336,6358,7166,8254",0x0b012055f770ae7bb7a8303968a7fb6088a2296e,62514232,2026-08-07T00:16:08Z
0x3145404bec2f0481aa8b4673c9a740deb76df068,7,"3903,4167,4223,4383,4533,4728,5267",0x0b012055f770ae7bb7a8303968a7fb6088a2296e,62514232,2026-08-07T00:16:08Z
0x30602c1d0a3efe426bebe1c9749bc43bc433aac3,7,"939,1024,1380,1618,1661,1879,1938",0x0b012055f770ae7bb7a8303968a7fb6088a2296e,62514232,2026-08-07T00:16:08Z
0x2c0a18f676aa3349723f340972c508370dfb3c03,7,"2839,2840,2841,2842,2844,2847,3711",0x0b012055f770ae7bb7a8303968a7fb6088a2296e,62514232,2026-08-07T00:16:08Z
0x2bf101de9e75df9349791effaf3839fb058ee7e6,7,"906,937,942,961,1023,1041,1576",0x0b012055f770ae7bb7a8303968a7fb6088a2296e,62514232,2026-08-07T00:16:08Z
0x25bd0fc0e4597b4c9535d94876a8ca1f531fa92e,7,"5179,6279,6283,6318,6589,6652,7095",0x0b012055f770ae7bb7a8303968a7fb6088a2296e,62514232,2026-08-07T00:16:08Z
0x224f6e080c49a8fd6714569e3394ae3b76eec0fb,7,"829,914,1357,1575,1604,1637,1687",0x0b012055f770ae7bb7a8303968a7fb6088a2296e,62514232,2026-08-07T00:16:08Z
0x17920b23c43faf11b0d6026744489d2b6d426afa,7,"7420,7428,7445,7450,7456,7538,7540",0x0b012055f770ae7bb7a8303968a7fb6088a2296e,62514232,2026-08-07T00:16:08Z
0xf7cc4376201f4f17390d207c6b558d90a773deb5,6,"669,865,3016,3149,6269,6271",0x0b012055f770ae7bb7a8303968a7fb6088a2296e,62514232,2026-08-07T00:16:08Z
0xf6cdba86999372f8b9104234885edfdaa1eb01d1,6,"3853,3909,4175,4209,4271,4328",0x0b012055f770ae7bb7a8303968a7fb6088a2296e,62514232,2026-08-07T00:16:08Z
0xf1d75e75e375d0656bedad4c0298f4c4668b3e21,6,"4415,4458,4594,4609,4646,4922",0x0b012055f770ae7bb7a8303968a7fb6088a2296e,62514232,2026-08-07T00:16:08Z
0xf0c6941818b8e03c56f8cb315591b332b53ae2ee,6,"994,1054,1147,1220,1574,2359",0x0b012055f770ae7bb7a8303968a7fb6088a2296e,62514232,2026-08-07T00:16:08Z
0xefd0f603cec42a56ddf4c6b780881b007275a8ce,6,"3342,3535,3672,3823,3954,4413",0x0b012055f770ae7bb7a8303968a7fb6088a2296e,62514232,2026-08-07T00:16:08Z
0xe95faf43a47f083905a3f60ae923c2c816ac8d2d,6,"70,84,101,131,328,2070",0x0b012055f770ae7bb7a8303968a7fb6088a2296e,62514232,2026-08-07T00:16:08Z
0xe21c07c7be06ad132b8a8dea058902f45b1d09c3,6,"3751,3752,3754,3837,3993,4765",0x0b012055f770ae7bb7a8303968a7fb6088a2296e,62514232,2026-08-07T00:16:08Z
0xe09ba991b746dc0b05d3ddcd55f09003c0d167ae,6,"2023,2468,2524,2571,2664,3112",0x0b012055f770ae7bb7a8303968a7fb6088a2296e,62514232,2026-08-07T00:16:08Z
0xdf5741d9ea557a3cdae9b09c0c8ff1bc8e1d7685,6,"64,351,440,458,1497,1595",0x0b012055f770ae7bb7a8303968a7fb6088a2296e,62514232,2026-08-07T00:16:08Z
0xdc95519fe18d52ad859a248bba8b4c9c2e445684,6,"3358,3361,3367,3390,3391,3558",0x0b012055f770ae7bb7a8303968a7fb6088a2296e,62514232,2026-08-07T00:16:08Z
0xd61d38e4cdd33e6d6b13a70a527062724a577927,6,"654,677,729,744,1244,1268",0x0b012055f770ae7bb7a8303968a7fb6088a2296e,62514232,2026-08-07T00:16:08Z
0xd54307a8edfa93b1794861f091c714d752400d13,6,"1104,1155,1182,1322,1350,1367",0x0b012055f770ae7bb7a8303968a7fb6088a2296e,62514232,2026-08-07T00:16:08Z
0xc579d176ec4166b24ea04545176c3338aa439eed,6,"4925,4931,4988,5035,5055,5058",0x0b012055f770ae7bb7a8303968a7fb6088a2296e,62514232,2026-08-07T00:16:08Z
0xc47145a82f21c5bb731e0dd419a668a5014a7037,6,"678,752,1286,1634,1699,1877",0x0b012055f770ae7bb7a8303968a7fb6088a2296e,62514232,2026-08-07T00:16:08Z
0xc159fc52e2fb4e46c174c10ed01332504a1aaf44,6,"6148,6250,6272,6287,6313,6341",0x0b012055f770ae7bb7a8303968a7fb6088a2296e,62514232,2026-08-07T00:16:08Z
0xbe895e1dcff0d257e9429c3f954940c1646afcf9,6,"1165,1192,1197,1250,1264,1265",0x0b012055f770ae7bb7a8303968a7fb6088a2296e,62514232,2026-08-07T00:16:08Z
0xb72a32a9f78bc85b33ce60aa7f0555546472e5b3,6,"2136,2237,2591,2593,2601,2608",0x0b012055f770ae7bb7a8303968a7fb6088a2296e,62514232,2026-08-07T00:16:08Z
0xafaa71df19e5f5c275a793ae5b42277c1e84c70d,6,"1001,1082,1481,1585,1662,1882",0x0b012055f770ae7bb7a8303968a7fb6088a2296e,62514232,2026-08-07T00:16:08Z
0xaf180eca9f82f96b2bbc4e1d08e82bc346f7d511,6,"630,644,711,740,840,2080",0x0b012055f770ae7bb7a8303968a7fb6088a2296e,62514232,2026-08-07T00:16:08Z
0xa81c3168951a709fa622462ce0a524da014f4add,6,"7004,7005,7027,7427,7986,8188",0x0b012055f770ae7bb7a8303968a7fb6088a2296e,62514232,2026-08-07T00:16:08Z
0xa48cb8c357d2db263a1010adf18ed5fd162dd84e,6,"559,1487,1533,1536,4603,4697",0x0b012055f770ae7bb7a8303968a7fb6088a2296e,62514232,2026-08-07T00:16:08Z
0x98652ba4d2d29c733198f2a23ef6486c719eb468,6,"8290,8291,8337,8339,8340,8380",0x0b012055f770ae7bb7a8303968a7fb6088a2296e,62514232,2026-08-07T00:16:08Z
0x95e343297bf06616a43511a345294f7fac2ce7b9,6,"8031,8032,8124,8604,8605,8606",0x0b012055f770ae7bb7a8303968a7fb6088a2296e,62514232,2026-08-07T00:16:08Z
0x9514c5667aa8e4a5d4bfc635a3d0acd7c54e04f9,6,"3704,3705,3706,3708,3709,3710",0x0b012055f770ae7bb7a8303968a7fb6088a2296e,62514232,2026-08-07T00:16:08Z
0x9301c7fc3434736803c542d890f10c76bd091eb8,6,"2010,2055,2358,2476,2517,2557",0x0b012055f770ae7bb7a8303968a7fb6088a2296e,62514232,2026-08-07T00:16:08Z
0x8cc1665ee965345e79b132adb124782bad8c78e0,6,"4261,5823,5825,5867,6074,6315",0x0b012055f770ae7bb7a8303968a7fb6088a2296e,62514232,2026-08-07T00:16:08Z
0x8bda3ddf2c3b446c8298a9a8a0d28471b0519a13,6,"823,839,1103,1284,1579,1890",0x0b012055f770ae7bb7a8303968a7fb6088a2296e,62514232,2026-08-07T00:16:08Z
0x7b724af32e93d1d0525c1f3fb4972d7777777771,6,"1060,1309,1914,1948,2228,2235",0x0b012055f770ae7bb7a8303968a7fb6088a2296e,62514232,2026-08-07T00:16:08Z
0x7a5ea59c9f41a94a8956063256d41a2b98e066f2,6,"8256,8257,8258,8259,8260,8261",0x0b012055f770ae7bb7a8303968a7fb6088a2296e,62514232,2026-08-07T00:16:08Z
0x77c8704e029ffc27ed6032e60d0791b9157e9838,6,"917,1132,1184,1473,1527,1778",0x0b012055f770ae7bb7a8303968a7fb6088a2296e,62514232,2026-08-07T00:16:08Z
0x76b60dcf71da2294f8aa034432d925d1eed8cf68,6,"113,156,242,317,3243,4090",0x0b012055f770ae7bb7a8303968a7fb6088a2296e,62514232,2026-08-07T00:16:08Z
0x7569ff833ff6c5fdbb58934862a08281828673ea,6,"900,1003,1174,1272,1437,1446",0x0b012055f770ae7bb7a8303968a7fb6088a2296e,62514232,2026-08-07T00:16:08Z
0x6677f5d4261d82fe87a07d94d2a8295f886a9c0a,6,"501,1019,1048,1123,1164,1552",0x0b012055f770ae7bb7a8303968a7fb6088a2296e,62514232,2026-08-07T00:16:08Z
0x613bc97b55bc1e1f4ca08ac3f7f7da1d890798a9,6,"2680,2684,2689,2768,5165,5166",0x0b012055f770ae7bb7a8303968a7fb6088a2296e,62514232,2026-08-07T00:16:08Z
0x602901433ff21cbc7cb849f60a1bb92144a7c875,6,"95,99,108,348,365,412",0x0b012055f770ae7bb7a8303968a7fb6088a2296e,62514232,2026-08-07T00:16:08Z
0x5eed340a4b985dc260b9890154ec8c07dc9fbff3,6,"1769,1870,2017,2184,2264,7997",0x0b012055f770ae7bb7a8303968a7fb6088a2296e,62514232,2026-08-07T00:16:08Z
0x5d6f722a9511197ab96741a9a3ad64e6a3fece45,6,"7681,7694,7695,7696,7758,7782",0x0b012055f770ae7bb7a8303968a7fb6088a2296e,62514232,2026-08-07T00:16:08Z
0x5b2d006f10c5a90a7282f999173235ea9ce79e1f,6,"723,1217,2443,2574,3114,3179",0x0b012055f770ae7bb7a8303968a7fb6088a2296e,62514232,2026-08-07T00:16:08Z
0x583924a6dfa73f20d7cee1f067f56afeccdda38c,6,"3219,3223,3835,4939,5385,5854",0x0b012055f770ae7bb7a8303968a7fb6088a2296e,62514232,2026-08-07T00:16:08Z
0x564b97df9e25d570312a8ddeb32f7027a52fc558,6,"1167,1263,1493,1505,1657,1853",0x0b012055f770ae7bb7a8303968a7fb6088a2296e,62514232,2026-08-07T00:16:08Z
0x562a7ccf32fb6ee2ac2fe37b9ea5d55f4ce04d08,6,"4570,4581,4583,4593,4675,4770",0x0b012055f770ae7bb7a8303968a7fb6088a2296e,62514232,2026-08-07T00:16:08Z
0x521241845110766c81bff93d590d683d45b529cf,6,"3610,3665,3723,3761,3950,4425",0x0b012055f770ae7bb7a8303968a7fb6088a2296e,62514232,2026-08-07T00:16:08Z
0x4f5fe8da30c1c11fe537730940ced62ac37ea371,6,"713,830,1183,1441,1647,1752",0x0b012055f770ae7bb7a8303968a7fb6088a2296e,62514232,2026-08-07T00:16:08Z
0x4a53963b251b0b63c94a303543adb8b4ddf4e0e6,6,"6302,6303,6311,6312,6329,6330",0x0b012055f770ae7bb7a8303968a7fb6088a2296e,62514232,2026-08-07T00:16:08Z
0x4586e6331d2ed1c2b09526d64dcd7acbf94745c8,6,"142,166,269,380,428,1495",0x0b012055f770ae7bb7a8303968a7fb6088a2296e,62514232,2026-08-07T00:16:08Z
0x3e25968f00ce39f13c286abca14744f578ddc60c,6,"610,667,933,979,1249,1668",0x0b012055f770ae7bb7a8303968a7fb6088a2296e,62514232,2026-08-07T00:16:08Z
0x3687f0ac1b5498100ea481560fdfcc1b925d9303,6,"3187,3371,3898,4171,4217,4348",0x0b012055f770ae7bb7a8303968a7fb6088a2296e,62514232,2026-08-07T00:16:08Z
0x30f07beadf404031689c9c1016bb9810ffde0755,6,"598,779,2940,2942,2949,4017",0x0b012055f770ae7bb7a8303968a7fb6088a2296e,62514232,2026-08-07T00:16:08Z
0x2a5bac6615c1516c89e3b657a19c8620d815674a,6,"8077,8078,8141,8178,8179,8515",0x0b012055f770ae7bb7a8303968a7fb6088a2296e,62514232,2026-08-07T00:16:08Z
0x287b7fc731d04a8055efc2dc5e4cfb25f9d9ac1e,6,"1150,2293,2318,2753,2755,2757",0x0b012055f770ae7bb7a8303968a7fb6088a2296e,62514232,2026-08-07T00:16:08Z
0x25dc3e91f35fbee091cf23e9ee977ab6d36b13b9,6,"952,1118,2641,2967,2968,3186",0x0b012055f770ae7bb7a8303968a7fb6088a2296e,62514232,2026-08-07T00:16:08Z
0x226887de8826d0f0743ba55836ef0e1a361b4f52,6,"2422,2429,2437,2454,2469,2531",0x0b012055f770ae7bb7a8303968a7fb6088a2296e,62514232,2026-08-07T00:16:08Z
0x20fb0cf1166c97345efc53abcfc8a719ea01e070,6,"122,955,987,1159,3262,3292",0x0b012055f770ae7bb7a8303968a7fb6088a2296e,62514232,2026-08-07T00:16:08Z
0x11f1feabd0d1e0c4c7c8e0294acc6acb7eb5891c,6,"863,905,1488,1692,1813,2278",0x0b012055f770ae7bb7a8303968a7fb6088a2296e,62514232,2026-08-07T00:16:08Z
0x079ab97ffd5f890d1a094a0918f4ac5130cc75f7,6,"522,614,2307,2309,2537,2578",0x0b012055f770ae7bb7a8303968a7fb6088a2296e,62514232,2026-08-07T00:16:08Z
0x02924ba1974a33fe4563a1f2b762847a2233d496,6,"1421,1434,1503,1510,1517,1525",0x0b012055f770ae7bb7a8303968a7fb6088a2296e,62514232,2026-08-07T00:16:08Z
0xff4941dac4872c0916d3caf7d411d21a1cfb9d99,5,"94,140,190,1172,1296",0x0b012055f770ae7bb7a8303968a7fb6088a2296e,62514232,2026-08-07T00:16:08Z
0xfc2f1be68e06a391c21a6c34cd806d6fe63f45a8,5,"764,773,890,920,1630",0x0b012055f770ae7bb7a8303968a7fb6088a2296e,62514232,2026-08-07T00:16:08Z
0xf9f303e21190ad6cde9e69843fb4e23b2e36e067,5,"309,1522,1547,1596,2036",0x0b012055f770ae7bb7a8303968a7fb6088a2296e,62514232,2026-08-07T00:16:08Z
0xf8521cc62dca7a9041e14ec15b4196ab5122a251,5,"1787,2121,2391,2561,2583",0x0b012055f770ae7bb7a8303968a7fb6088a2296e,62514232,2026-08-07T00:16:08Z
0xf4ced5c4bbead85bbde1d8216eec6fd9eb919d6d,5,"849,862,2428,2433,2438",0x0b012055f770ae7bb7a8303968a7fb6088a2296e,62514232,2026-08-07T00:16:08Z
0xf13f7bf69a5e57ea3367222c65dd3380096d3fbf,5,"1068,1092,1193,1202,2310",0x0b012055f770ae7bb7a8303968a7fb6088a2296e,62514232,2026-08-07T00:16:08Z
0xee04f59b80daf169e3dab9581a2de0c05095666f,5,"1347,1374,1584,1652,1671",0x0b012055f770ae7bb7a8303968a7fb6088a2296e,62514232,2026-08-07T00:16:08Z
0xe8fc77c8a63b80c27ee43aa4873fcb9b8950c77d,5,"7580,7586,7733,7735,7821",0x0b012055f770ae7bb7a8303968a7fb6088a2296e,62514232,2026-08-07T00:16:08Z
0xdf8d250e3cbd54145c3e6a0549ab9dbb06ad6a56,5,"638,902,954,975,997",0x0b012055f770ae7bb7a8303968a7fb6088a2296e,62514232,2026-08-07T00:16:08Z
0xddc60d163015cf5ca1369d557a2ca1cc2de1f1e3,5,"2186,2219,2651,2849,3332",0x0b012055f770ae7bb7a8303968a7fb6088a2296e,62514232,2026-08-07T00:16:08Z
0xd5dc9fe2d670787e2e948950c2d29f9e72882ded,5,"633,930,951,1939,1980",0x0b012055f770ae7bb7a8303968a7fb6088a2296e,62514232,2026-08-07T00:16:08Z
0xcf10b967a9e422753812004cd59990f62e360760,5,"240,645,787,837,977",0x0b012055f770ae7bb7a8303968a7fb6088a2296e,62514232,2026-08-07T00:16:08Z
0xc9b0da1deff4242590e4c2a8133635f17fe9425e,5,"1251,1267,1329,1388,1432",0x0b012055f770ae7bb7a8303968a7fb6088a2296e,62514232,2026-08-07T00:16:08Z
0xc947942eabbf02f862a00cc2ba968d17d84d5c09,5,"126,168,1406,1643,1719",0x0b012055f770ae7bb7a8303968a7fb6088a2296e,62514232,2026-08-07T00:16:08Z
0xc6571c2fb66825f13b7751b1c334810d397618eb,5,"842,1310,1623,1690,2065",0x0b012055f770ae7bb7a8303968a7fb6088a2296e,62514232,2026-08-07T00:16:08Z
0xc56017bc345e2fb9f471edabbaf69a84e9021753,5,"5356,5397,5635,5637,5645",0x0b012055f770ae7bb7a8303968a7fb6088a2296e,62514232,2026-08-07T00:16:08Z
0xc3586fc80dbcb2a693145637fe2649a6892790bc,5,"46,47,73,162,1570",0x0b012055f770ae7bb7a8303968a7fb6088a2296e,62514232,2026-08-07T00:16:08Z
0xbc8c677153f10643ada3dd8578aee301bbe2d032,5,"7657,7658,7660,7682,8381",0x0b012055f770ae7bb7a8303968a7fb6088a2296e,62514232,2026-08-07T00:16:08Z
0xbb3f0a3cf3382a4cf7c245da560525a879e2f1e3,5,"2760,2992,3011,7325,7587",0x0b012055f770ae7bb7a8303968a7fb6088a2296e,62514232,2026-08-07T00:16:08Z
0xb9e063b6949eb1b7f3e3786df0264539ac5d8e0d,5,"2982,3076,3077,3150,3165",0x0b012055f770ae7bb7a8303968a7fb6088a2296e,62514232,2026-08-07T00:16:08Z
0xb4a0cfeb779f98e46e3a537ee9096c26d28ebf46,5,"4537,4584,4587,4588,4589",0x0b012055f770ae7bb7a8303968a7fb6088a2296e,62514232,2026-08-07T00:16:08Z
0xb273f2efdab32bdf5639b58a7993a096f054a7d1,5,"439,484,1606,1640,1721",0x0b012055f770ae7bb7a8303968a7fb6088a2296e,62514232,2026-08-07T00:16:08Z
0xafa91e3f390f95ce48f66f98ce27e0fa945d2a56,5,"2950,2951,2955,2969,3789",0x0b012055f770ae7bb7a8303968a7fb6088a2296e,62514232,2026-08-07T00:16:08Z
0xac9d17623cad461f1971e8699889dfd3e1137dd6,5,"3626,3658,3693,3699,3808",0x0b012055f770ae7bb7a8303968a7fb6088a2296e,62514232,2026-08-07T00:16:08Z
0xaa356ef547d5664c4d25b717760f521917a6936d,5,"781,858,3137,4418,4543",0x0b012055f770ae7bb7a8303968a7fb6088a2296e,62514232,2026-08-07T00:16:08Z
0xa8bc99324c7d69533ae5fd2c4a9bb8a58be9e02a,5,"1330,1379,1524,3273,3287",0x0b012055f770ae7bb7a8303968a7fb6088a2296e,62514232,2026-08-07T00:16:08Z
0x99b9908b0990684e3e3a5cdc74718c0b19da90f9,5,"369,547,709,799,1491",0x0b012055f770ae7bb7a8303968a7fb6088a2296e,62514232,2026-08-07T00:16:08Z
0x93b68bbfe80852584d4cdb3e2e4f1945eb30cf89,5,"92,137,193,215,223",0x0b012055f770ae7bb7a8303968a7fb6088a2296e,62514232,2026-08-07T00:16:08Z
0x926dc3566f2563a8541968ddd40180c9061fc06d,5,"3931,5059,5060,6560,6898",0x0b012055f770ae7bb7a8303968a7fb6088a2296e,62514232,2026-08-07T00:16:08Z
0x8bace3a49a375027868cdd34e84521eed1f1b01d,5,"3523,3677,3683,3778,3863",0x0b012055f770ae7bb7a8303968a7fb6088a2296e,62514232,2026-08-07T00:16:08Z
0x8964d283659c8e40b44133dc5b6a956fddaa7732,5,"4748,4749,4985,7651,7676",0x0b012055f770ae7bb7a8303968a7fb6088a2296e,62514232,2026-08-07T00:16:08Z
0x89390a0efd783c207f5adc81b53cfbb818ee2289,5,"3122,3345,3376,4500,4504",0x0b012055f770ae7bb7a8303968a7fb6088a2296e,62514232,2026-08-07T00:16:08Z
0x86c561efe50246c67fc8c0984905db03fd544d33,5,"1013,1096,1289,1340,1704",0x0b012055f770ae7bb7a8303968a7fb6088a2296e,62514232,2026-08-07T00:16:08Z
0x82d5f8e1fbc73e1e2a8e074b8934bd997c6a17c8,5,"3737,3782,4036,4040,4059",0x0b012055f770ae7bb7a8303968a7fb6088a2296e,62514232,2026-08-07T00:16:08Z
0x815a0ff662fc2fa9858dfa2d14d37a5a7195183a,5,"155,308,407,1515,2087",0x0b012055f770ae7bb7a8303968a7fb6088a2296e,62514232,2026-08-07T00:16:08Z
0x7febcea4be00e98df87dd304a583863311b53716,5,"3269,3275,3279,3282,4789",0x0b012055f770ae7bb7a8303968a7fb6088a2296e,62514232,2026-08-07T00:16:08Z
0x7fbfc8624f246c97726739344c19cb6a6bd448d1,5,"202,218,288,310,1969",0x0b012055f770ae7bb7a8303968a7fb6088a2296e,62514232,2026-08-07T00:16:08Z
0x7a834e2aa9ec50d2de471305695e20d44cbb3929,5,"3155,3158,3533,3580,3886",0x0b012055f770ae7bb7a8303968a7fb6088a2296e,62514232,2026-08-07T00:16:08Z
0x75cfbc49986b7137d6a6df6c584f49510a2c756e,5,"229,1334,1353,4115,4116",0x0b012055f770ae7bb7a8303968a7fb6088a2296e,62514232,2026-08-07T00:16:08Z
0x74dea01d66c79433c3bba8d1c38dd0da85f0ca3f,5,"545,579,642,1572,2086",0x0b012055f770ae7bb7a8303968a7fb6088a2296e,62514232,2026-08-07T00:16:08Z
0x74d658967ce033ebf73b3f4e39997b6a798f21db,5,"1233,1255,1293,1325,1345",0x0b012055f770ae7bb7a8303968a7fb6088a2296e,62514232,2026-08-07T00:16:08Z
0x714de9b09b012c5dbc91dabbd02d070b939d70eb,5,"4798,4999,5353,5667,6099",0x0b012055f770ae7bb7a8303968a7fb6088a2296e,62514232,2026-08-07T00:16:08Z
0x6527e7eb8d21fb9efc1787c3c62155fd45e0c56b,5,"357,814,4121,4128,7439",0x0b012055f770ae7bb7a8303968a7fb6088a2296e,62514232,2026-08-07T00:16:08Z
0x635c73801b9ee6aa9890f5c2f55d3db3136710f0,5,"332,417,541,554,585",0x0b012055f770ae7bb7a8303968a7fb6088a2296e,62514232,2026-08-07T00:16:08Z
0x5e6e363eed7f6765a2165faa46cd53b3ab3e000f,5,"7066,7343,7344,7345,7378",0x0b012055f770ae7bb7a8303968a7fb6088a2296e,62514232,2026-08-07T00:16:08Z
0x588d33ad5b930b3428b11b9b2fd7aa1c6d98a0bc,5,"5709,5876,5877,5878,5966",0x0b012055f770ae7bb7a8303968a7fb6088a2296e,62514232,2026-08-07T00:16:08Z
0x5525e6fbfb80fa70932c130ee1550d364fee264f,5,"1508,1530,2581,3978,4049",0x0b012055f770ae7bb7a8303968a7fb6088a2296e,62514232,2026-08-07T00:16:08Z
0x543ebd7f0183b152a031d0b4b6a186165f7cf76a,5,"2138,2678,3232,3238,3364",0x0b012055f770ae7bb7a8303968a7fb6088a2296e,62514232,2026-08-07T00:16:08Z
0x5190bafa1814c2bd59bb9d7aa105512af18bdf62,5,"3620,4711,4722,4847,4848",0x0b012055f770ae7bb7a8303968a7fb6088a2296e,62514232,2026-08-07T00:16:08Z
0x4ff99787619274cca67ceb06aa332fd033221090,5,"7396,7522,7615,7830,8275",0x0b012055f770ae7bb7a8303968a7fb6088a2296e,62514232,2026-08-07T00:16:08Z
0x4ecd569c0f83492af8c7d96baef1d7bcb8d90080,5,"187,194,197,248,2637",0x0b012055f770ae7bb7a8303968a7fb6088a2296e,62514232,2026-08-07T00:16:08Z
0x49274640869ba3c5b3d6c1fdbdfa4141332a91a5,5,"7366,7367,7372,7373,7393",0x0b012055f770ae7bb7a8303968a7fb6088a2296e,62514232,2026-08-07T00:16:08Z
0x48ee69490345c7080240db090e65a4ae1049e16a,5,"763,904,1746,1761,2234",0x0b012055f770ae7bb7a8303968a7fb6088a2296e,62514232,2026-08-07T00:16:08Z
0x476307dac3fd170166e007fcaa14f0a129721463,5,"3,55,2403,2405,8527",0x0b012055f770ae7bb7a8303968a7fb6088a2296e,62514232,2026-08-07T00:16:08Z
0x3ea3715cd7f39008126f6a10943eead8bebc4f3e,5,"3475,5264,5381,5382,6053",0x0b012055f770ae7bb7a8303968a7fb6088a2296e,62514232,2026-08-07T00:16:08Z
0x3a5664d4b032eec5d60cd3129f59774c43309f03,5,"3517,3581,3584,3606,3721",0x0b012055f770ae7bb7a8303968a7fb6088a2296e,62514232,2026-08-07T00:16:08Z
0x39eff421c748f4fe61a05830517bfc1310ec3fbc,5,"44,48,103,1074,1226",0x0b012055f770ae7bb7a8303968a7fb6088a2296e,62514232,2026-08-07T00:16:08Z
0x34fd51d8a633ba934d44fd4a55d6d4ef959c8ad4,5,"7608,7689,7768,8197,8198",0x0b012055f770ae7bb7a8303968a7fb6088a2296e,62514232,2026-08-07T00:16:08Z
0x34b0ed1c61dd1ef280dfb523ad0912487548f77e,5,"424,437,459,971,990",0x0b012055f770ae7bb7a8303968a7fb6088a2296e,62514232,2026-08-07T00:16:08Z
0x346739fd5972e382d1f10d5190209960de34372a,5,"1368,1665,1706,1868,2157",0x0b012055f770ae7bb7a8303968a7fb6088a2296e,62514232,2026-08-07T00:16:08Z
0x319df4653633d3810367f65b48d6f6cb49876a64,5,"3033,3247,3729,3730,4809",0x0b012055f770ae7bb7a8303968a7fb6088a2296e,62514232,2026-08-07T00:16:08Z
0x2df558883d73de60ffd8867ae0955f749eea9fdb,5,"6195,6198,6219,7432,7542",0x0b012055f770ae7bb7a8303968a7fb6088a2296e,62514232,2026-08-07T00:16:08Z
0x2ac75964fe39ba36631e319f6997aa9a603fa4aa,5,"2123,2298,2663,2667,3037",0x0b012055f770ae7bb7a8303968a7fb6088a2296e,62514232,2026-08-07T00:16:08Z
0x267363a6af9dec271e990cf8d855ffcb07db9738,5,"5304,5445,6171,6257,8294",0x0b012055f770ae7bb7a8303968a7fb6088a2296e,62514232,2026-08-07T00:16:08Z
0x2462fdad14f94a3c78b885b0c9a2b4a8028cb4b7,5,"4041,4051,4053,4055,4108",0x0b012055f770ae7bb7a8303968a7fb6088a2296e,62514232,2026-08-07T00:16:08Z
0x22fc13d8ca1138282c9107bdce13e2c3c57e5136,5,"2871,2873,4509,5211,5253",0x0b012055f770ae7bb7a8303968a7fb6088a2296e,62514232,2026-08-07T00:16:08Z
0x2165fa4a32b9c228cd55713f77d2e977297d03e8,5,"3253,3255,3258,3296,3297",0x0b012055f770ae7bb7a8303968a7fb6088a2296e,62514232,2026-08-07T00:16:08Z
0x2035be68243ca945d5fca96514db1f4c102fb167,5,"5266,5306,5738,5741,6048",0x0b012055f770ae7bb7a8303968a7fb6088a2296e,62514232,2026-08-07T00:16:08Z
0x1df58384cab5316efabd224897253cca34373ba0,5,"817,964,1073,1417,1464",0x0b012055f770ae7bb7a8303968a7fb6088a2296e,62514232,2026-08-07T00:16:08Z
0x1de70e8fbbfb0ca0c75234c499b5db74bae0d66b,5,"79,1436,1457,1499,1507",0x0b012055f770ae7bb7a8303968a7fb6088a2296e,62514232,2026-08-07T00:16:08Z
0x18c6a47aca1c6a237e53ed2fc3a8fb392c97169b,5,"4558,4605,4916,5412,5471",0x0b012055f770ae7bb7a8303968a7fb6088a2296e,62514232,2026-08-07T00:16:08Z
0x153de76c6a22e78f99cc4291b1ca1e27661b3271,5,"526,3489,3684,3967,4039",0x0b012055f770ae7bb7a8303968a7fb6088a2296e,62514232,2026-08-07T00:16:08Z
0x1367e6162fd93b2e12ea6ec9bda266ae04b9f6d2,5,"465,485,506,1492,1945",0x0b012055f770ae7bb7a8303968a7fb6088a2296e,62514232,2026-08-07T00:16:08Z
0x12d44d93d8501b9688464a71e15509f4f7b1587e,5,"1724,1791,1797,1812,2656",0x0b012055f770ae7bb7a8303968a7fb6088a2296e,62514232,2026-08-07T00:16:08Z
0x095da2dc15c5a535576c876932101d74dc292221,5,"1804,2151,2153,2156,2158",0x0b012055f770ae7bb7a8303968a7fb6088a2296e,62514232,2026-08-07T00:16:08Z
0x07eeccfc72c419ff498cde05921cf6d38002e615,5,"553,600,1359,1378,1636",0x0b012055f770ae7bb7a8303968a7fb6088a2296e,62514232,2026-08-07T00:16:08Z
0x03b69ae9423df674eaf396c157a03be9349208f1,5,"738,6774,6775,6786,6787",0x0b012055f770ae7bb7a8303968a7fb6088a2296e,62514232,2026-08-07T00:16:08Z
0xfef33678088db8d8a35e78b57a48857f44f68fbe,4,"1090,2176,2179,2185",0x0b012055f770ae7bb7a8303968a7fb6088a2296e,62514232,2026-08-07T00:16:08Z
0xfea5fa29dcac5db970e0a9b8746ea9fa45cd847f,4,"730,819,1352,1628",0x0b012055f770ae7bb7a8303968a7fb6088a2296e,62514232,2026-08-07T00:16:08Z
0xfd608eb135c5ba9b76a40bcea66ac58b4c24631a,4,"801,838,1121,1129",0x0b012055f770ae7bb7a8303968a7fb6088a2296e,62514232,2026-08-07T00:16:08Z
0xf9269f0a1d2685bf73e7740ae8e1011547265161,4,"5504,5535,5567,5598",0x0b012055f770ae7bb7a8303968a7fb6088a2296e,62514232,2026-08-07T00:16:08Z
0xf719dd4b9869653d0b84ae1dbb2c821f525f3ff0,4,"482,2366,2966,3299",0x0b012055f770ae7bb7a8303968a7fb6088a2296e,62514232,2026-08-07T00:16:08Z
0xf2c4156a7668b37560811e98fcd515c44c786832,4,"5515,5546,5578,5609",0x0b012055f770ae7bb7a8303968a7fb6088a2296e,62514232,2026-08-07T00:16:08Z
0xef78e1a74cc2536847bb04eacf8ac7a98b3c7245,4,"2061,2239,2241,2242",0x0b012055f770ae7bb7a8303968a7fb6088a2296e,62514232,2026-08-07T00:16:08Z
0xef682df7cd1b7064ef44bcd454ccfca54fd8e860,4,"2937,2938,6188,6193",0x0b012055f770ae7bb7a8303968a7fb6088a2296e,62514232,2026-08-07T00:16:08Z
0xee145ea51813901a69a265c44345ce0d85979271,4,"592,751,4211,4213",0x0b012055f770ae7bb7a8303968a7fb6088a2296e,62514232,2026-08-07T00:16:08Z
0xeb6a3e0f41c2a480c8d23cc22cf458b266774dd8,4,"5495,5526,5557,5589",0x0b012055f770ae7bb7a8303968a7fb6088a2296e,62514232,2026-08-07T00:16:08Z
0xea6c44b81ee95685c187d9da52766cdf3d426afa,4,"2192,2198,2203,2210",0x0b012055f770ae7bb7a8303968a7fb6088a2296e,62514232,2026-08-07T00:16:08Z
0xe6181bdb6e75ccca82d2e7c105f26dc67090099a,4,"668,687,722,761",0x0b012055f770ae7bb7a8303968a7fb6088a2296e,62514232,2026-08-07T00:16:08Z
0xe5d882d3821ca7fa1ebc2e0f52b15f95d03a38b7,4,"5516,5547,5579,5610",0x0b012055f770ae7bb7a8303968a7fb6088a2296e,62514232,2026-08-07T00:16:08Z
0xe05cdf159909179018c59cee21356246891ef692,4,"1485,1807,2003,3462",0x0b012055f770ae7bb7a8303968a7fb6088a2296e,62514232,2026-08-07T00:16:08Z
0xe046e97b43bfe688c739012b12606a8963418610,4,"5759,6306,6308,6310",0x0b012055f770ae7bb7a8303968a7fb6088a2296e,62514232,2026-08-07T00:16:08Z
0xddb6138ac7ce544780a315e57c926e4cd52e6606,4,"110,199,244,336",0x0b012055f770ae7bb7a8303968a7fb6088a2296e,62514232,2026-08-07T00:16:08Z
0xdd3f9005e5c045d7515b3beb4ff92fda1df8cd9b,4,"5254,5261,6204,6596",0x0b012055f770ae7bb7a8303968a7fb6088a2296e,62514232,2026-08-07T00:16:08Z
0xd986fb000db27a5f1af923c1bebca6a58339e13a,4,"3715,3747,3774,3777",0x0b012055f770ae7bb7a8303968a7fb6088a2296e,62514232,2026-08-07T00:16:08Z
0xd8c66b44d5b3883e4ca0b6d1bfa174d2b78a3224,4,"1516,1544,1622,1653",0x0b012055f770ae7bb7a8303968a7fb6088a2296e,62514232,2026-08-07T00:16:08Z
0xd8b92c178bf597651e2a512c8bdac9f9ca8c8886,4,"5502,5533,5564,5596",0x0b012055f770ae7bb7a8303968a7fb6088a2296e,62514232,2026-08-07T00:16:08Z
0xd55456381c2bf4dcb1de13f7a2f05bee97e85317,4,"8262,8286,8415,8437",0x0b012055f770ae7bb7a8303968a7fb6088a2296e,62514232,2026-08-07T00:16:08Z
0xd409ff398faf79c90986a2e2228eb759463d46b8,4,"10,12,13,389",0x0b012055f770ae7bb7a8303968a7fb6088a2296e,62514232,2026-08-07T00:16:08Z
0xd08b3e1497280837bdaf65525b2f1be6f5e16339,4,"5509,5540,5572,5603",0x0b012055f770ae7bb7a8303968a7fb6088a2296e,62514232,2026-08-07T00:16:08Z
0xcfcb7311f57da99b29ca24ce65a9bc37b9b918b0,4,"3818,3821,3826,3830",0x0b012055f770ae7bb7a8303968a7fb6088a2296e,62514232,2026-08-07T00:16:08Z
0xc8d6b761e8a0f739b4ac0aa417b4efbc8efc166a,4,"20,625,765,909",0x0b012055f770ae7bb7a8303968a7fb6088a2296e,62514232,2026-08-07T00:16:08Z
0xc82c8e368c9e139efff93cc3c456090f90eec914,4,"5484,5520,5549,5583",0x0b012055f770ae7bb7a8303968a7fb6088a2296e,62514232,2026-08-07T00:16:08Z
0xc6c3c471e64fec8684988d04dead9a4e1f98587d,4,"864,2110,2216,2222",0x0b012055f770ae7bb7a8303968a7fb6088a2296e,62514232,2026-08-07T00:16:08Z
0xc2d953621492c42c938cc1eded423fde18dec4f6,4,"556,651,851,1609",0x0b012055f770ae7bb7a8303968a7fb6088a2296e,62514232,2026-08-07T00:16:08Z
0xbe6a09128934f593d5b9613b2402f9af65648afb,4,"4205,4259,4260,4320",0x0b012055f770ae7bb7a8303968a7fb6088a2296e,62514232,2026-08-07T00:16:08Z
0xbc7714eccfe316770580e2dcc4de0ea127e9f998,4,"220,225,319,341",0x0b012055f770ae7bb7a8303968a7fb6088a2296e,62514232,2026-08-07T00:16:08Z
0xbb3d754263dce2904ce37fb0a1fff0bde5de1828,4,"2355,2495,2503,2536",0x0b012055f770ae7bb7a8303968a7fb6088a2296e,62514232,2026-08-07T00:16:08Z
0xb91231f4f03012b9d009088ec4e378567aa9eb0a,4,"5508,5539,5571,5602",0x0b012055f770ae7bb7a8303968a7fb6088a2296e,62514232,2026-08-07T00:16:08Z
0xb530f584e58dcfdace79b8f77cdff9559a2c41f8,4,"5493,5524,5555,5587",0x0b012055f770ae7bb7a8303968a7fb6088a2296e,62514232,2026-08-07T00:16:08Z
0xb4633912c7374cd94d8917a167449e23b46d0ad1,4,"3916,4054,5786,8296",0x0b012055f770ae7bb7a8303968a7fb6088a2296e,62514232,2026-08-07T00:16:08Z
0xb36338d4aa44bbdd66a6593b04269000aca202c6,4,"1926,7364,7483,8215",0x0b012055f770ae7bb7a8303968a7fb6088a2296e,62514232,2026-08-07T00:16:08Z
0xb26a732cb80fa405ad0f5df880dea3f40cc9cfc0,4,"855,950,1635,1866",0x0b012055f770ae7bb7a8303968a7fb6088a2296e,62514232,2026-08-07T00:16:08Z
0xacd320541f17e57537aa9fec5df22966c71fac21,4,"5107,5330,5331,6403",0x0b012055f770ae7bb7a8303968a7fb6088a2296e,62514232,2026-08-07T00:16:08Z
0xac6f668164f1f1c113274abde4aed196f77c60e2,4,"5500,5531,5562,5594",0x0b012055f770ae7bb7a8303968a7fb6088a2296e,62514232,2026-08-07T00:16:08Z
0xa946c445bf7f1675309fcd3a968da4da4e3a107a,4,"290,421,529,757",0x0b012055f770ae7bb7a8303968a7fb6088a2296e,62514232,2026-08-07T00:16:08Z
0xa906fb08e715d51ef71177543698642fc0c63e61,4,"5491,5522,5553,5585",0x0b012055f770ae7bb7a8303968a7fb6088a2296e,62514232,2026-08-07T00:16:08Z
0xa72e5027d05cd0e9d2a28dea1cc2248d7cf496c2,4,"8662,8663,8665,8666",0x0b012055f770ae7bb7a8303968a7fb6088a2296e,62514232,2026-08-07T00:16:08Z
0x9f9afad1c7aecc9d80e2208bb5a8292160f3cf17,4,"3540,8418,8422,8423",0x0b012055f770ae7bb7a8303968a7fb6088a2296e,62514232,2026-08-07T00:16:08Z
0x9c77a4a4d2fee9f66dc1a9a3e2a6159e0a474c70,4,"326,505,3036,3115",0x0b012055f770ae7bb7a8303968a7fb6088a2296e,62514232,2026-08-07T00:16:08Z
0x90b56d0e27e74c3c5e66ebfcaf12dc5ecf0665dd,4,"1242,1282,3649,3687",0x0b012055f770ae7bb7a8303968a7fb6088a2296e,62514232,2026-08-07T00:16:08Z
0x90ad1595f4480cedb93dd63511f9ac8f531e7cdb,4,"81,118,208,1927",0x0b012055f770ae7bb7a8303968a7fb6088a2296e,62514232,2026-08-07T00:16:08Z
0x8ec6cee30e57bab8528f1ab11b46308204d7ca61,4,"5501,5532,5563,5595",0x0b012055f770ae7bb7a8303968a7fb6088a2296e,62514232,2026-08-07T00:16:08Z
0x8dc86ed355f732cec6c3e8c5db35286d271a9345,4,"297,423,491,2089",0x0b012055f770ae7bb7a8303968a7fb6088a2296e,62514232,2026-08-07T00:16:08Z
0x8c9802b0af7cb56b6a05afe3076370976f543725,4,"5506,5537,5569,5600",0x0b012055f770ae7bb7a8303968a7fb6088a2296e,62514232,2026-08-07T00:16:08Z
0x8c4a119a9f3427642db68fe56021f6ed56cd5791,4,"766,789,827,988",0x0b012055f770ae7bb7a8303968a7fb6088a2296e,62514232,2026-08-07T00:16:08Z
0x8c48bd5f5825a117ed45ab65fed6bea563a0c149,4,"7601,7613,7614,7629",0x0b012055f770ae7bb7a8303968a7fb6088a2296e,62514232,2026-08-07T00:16:08Z
0x8c04e206b5b4ac9a03eadc8e3b68882761052117,4,"5511,5542,5574,5605",0x0b012055f770ae7bb7a8303968a7fb6088a2296e,62514232,2026-08-07T00:16:08Z
0x8af1ac809d0de46af50dec783e49eb54a231bdfe,4,"5514,5545,5577,5608",0x0b012055f770ae7bb7a8303968a7fb6088a2296e,62514232,2026-08-07T00:16:08Z
0x89f1e0015952384d9ecdd350c64c729d80458e08,4,"349,3190,3199,4658",0x0b012055f770ae7bb7a8303968a7fb6088a2296e,62514232,2026-08-07T00:16:08Z
0x86e15a66349b8e54afa664a7aa13a7c0a1b45821,4,"463,1009,1053,3473",0x0b012055f770ae7bb7a8303968a7fb6088a2296e,62514232,2026-08-07T00:16:08Z
0x86c6d7482c53c584a1761a35ec5d0db5d4b9e928,4,"77,100,160,1952",0x0b012055f770ae7bb7a8303968a7fb6088a2296e,62514232,2026-08-07T00:16:08Z
0x83a76d3d563a57b3ee7689232c3789e64ba71772,4,"5352,5692,5693,5810",0x0b012055f770ae7bb7a8303968a7fb6088a2296e,62514232,2026-08-07T00:16:08Z
0x7ec1774982c3849e7e72b0ad33229d85f55cf5da,4,"377,397,435,1056",0x0b012055f770ae7bb7a8303968a7fb6088a2296e,62514232,2026-08-07T00:16:08Z
0x7e660498951f94a08d3ed94171a579e1a3164692,4,"5487,5685,5700,6206",0x0b012055f770ae7bb7a8303968a7fb6088a2296e,62514232,2026-08-07T00:16:08Z
0x7c1673cf73da412bda0651240af651b972a8e61c,4,"7407,7671,7672,7673",0x0b012055f770ae7bb7a8303968a7fb6088a2296e,62514232,2026-08-07T00:16:08Z
0x79da6da3f9ef7cd95904fb5e4c7491247a81dc0d,4,"3194,3205,3206,3207",0x0b012055f770ae7bb7a8303968a7fb6088a2296e,62514232,2026-08-07T00:16:08Z
0x771d1a7d23d30f9030bc607a559ce3e7496d8422,4,"999,1039,2926,2931",0x0b012055f770ae7bb7a8303968a7fb6088a2296e,62514232,2026-08-07T00:16:08Z
0x75f958029c4ff5c1795a4b78e573f47a2174aae7,4,"706,846,886,1022",0x0b012055f770ae7bb7a8303968a7fb6088a2296e,62514232,2026-08-07T00:16:08Z
0x743e4daf9cc7dd194d8e1c05260c342e81c0be8b,4,"5490,5521,5551,5584",0x0b012055f770ae7bb7a8303968a7fb6088a2296e,62514232,2026-08-07T00:16:08Z
0x72b23478e93af87b0100242ac4e165b6b56c727b,4,"810,1062,1711,1854",0x0b012055f770ae7bb7a8303968a7fb6088a2296e,62514232,2026-08-07T00:16:08Z
0x721bd7ea7cc17ecf88503b1e7f54532246dd6348,4,"6066,6069,6070,6072",0x0b012055f770ae7bb7a8303968a7fb6088a2296e,62514232,2026-08-07T00:16:08Z
0x714f406dcabbbeff4a6f64b504320013160ecfd8,4,"146,448,457,494",0x0b012055f770ae7bb7a8303968a7fb6088a2296e,62514232,2026-08-07T00:16:08Z
0x6fe4aced57ae0b50d14229f3d40617c8b7d2f2e1,4,"1520,1718,2342,3696",0x0b012055f770ae7bb7a8303968a7fb6088a2296e,62514232,2026-08-07T00:16:08Z
0x6999452319fe0246a0ac8e0b1ff1b8c5e8c73243,4,"762,777,965,1075",0x0b012055f770ae7bb7a8303968a7fb6088a2296e,62514232,2026-08-07T00:16:08Z
0x68cc2952316596319975497c01df7fe0a8a52a1e,4,"5499,5530,5561,5593",0x0b012055f770ae7bb7a8303968a7fb6088a2296e,62514232,2026-08-07T00:16:08Z
0x68438c7789901e0da0d6770f35484dcd084cd215,4,"5497,5528,5559,5591",0x0b012055f770ae7bb7a8303968a7fb6088a2296e,62514232,2026-08-07T00:16:08Z
0x67998fcd1cde0373087aef24260a757295e1573b,4,"8150,8151,8152,8157",0x0b012055f770ae7bb7a8303968a7fb6088a2296e,62514232,2026-08-07T00:16:08Z
0x620c13335d13f6193272469025a6a778c688dac4,4,"986,2165,2177,2214",0x0b012055f770ae7bb7a8303968a7fb6088a2296e,62514232,2026-08-07T00:16:08Z
0x619b82e6a66b26ace23b6a9009c94585ae031938,4,"2390,2441,2470,2505",0x0b012055f770ae7bb7a8303968a7fb6088a2296e,62514232,2026-08-07T00:16:08Z
0x60777081a5ecd03232b49ef8cbc1d45bae3d67cb,4,"5498,5529,5560,5592",0x0b012055f770ae7bb7a8303968a7fb6088a2296e,62514232,2026-08-07T00:16:08Z
0x604e4a078977ef5b3d7e858488393515e017a119,4,"52,125,165,274",0x0b012055f770ae7bb7a8303968a7fb6088a2296e,62514232,2026-08-07T00:16:08Z
0x5f1d3f70a24d78f2341df674ffc7fdb27747cb7c,4,"5746,5747,5962,5963",0x0b012055f770ae7bb7a8303968a7fb6088a2296e,62514232,2026-08-07T00:16:08Z
0x5dc6fe7e2fad2578b17966737db656fdba38cb50,4,"3829,3832,3864,3994",0x0b012055f770ae7bb7a8303968a7fb6088a2296e,62514232,2026-08-07T00:16:08Z
0x5d4a5a059c10cb3161fc8637090603091689f44b,4,"1824,2082,2352,2393",0x0b012055f770ae7bb7a8303968a7fb6088a2296e,62514232,2026-08-07T00:16:08Z
0x5b47ebb300fe2f52965a8a013ab9ea701e3a6c71,4,"1012,1033,2316,2894",0x0b012055f770ae7bb7a8303968a7fb6088a2296e,62514232,2026-08-07T00:16:08Z
0x595d602661fd23ff26dfe8a4e19103564fbd10a7,4,"367,391,427,1936",0x0b012055f770ae7bb7a8303968a7fb6088a2296e,62514232,2026-08-07T00:16:08Z
0x58ed9bf3df9245e73b0700b9757b18632bb6fafd,4,"2832,4142,4145,4394",0x0b012055f770ae7bb7a8303968a7fb6088a2296e,62514232,2026-08-07T00:16:08Z
0x54eafff9634223fcfa71139c3ba411522631d171,4,"3014,3042,3073,3131",0x0b012055f770ae7bb7a8303968a7fb6088a2296e,62514232,2026-08-07T00:16:08Z
0x52426c8065974821e99fa3c9aad73e47b9f1d6fc,4,"2227,3220,3644,4007",0x0b012055f770ae7bb7a8303968a7fb6088a2296e,62514232,2026-08-07T00:16:08Z
0x51845ce5b8a1b2b33157980e73e0a26861865233,4,"109,4469,7261,7282",0x0b012055f770ae7bb7a8303968a7fb6088a2296e,62514232,2026-08-07T00:16:08Z
0x4f9f1717481284cf295e7733466f01e54066d211,4,"5503,5534,5566,5597",0x0b012055f770ae7bb7a8303968a7fb6088a2296e,62514232,2026-08-07T00:16:08Z
0x4de5e859c1004f8e6ac00b2decb4b5124ee86afd,4,"6702,6703,6757,8298",0x0b012055f770ae7bb7a8303968a7fb6088a2296e,62514232,2026-08-07T00:16:08Z
0x49f7dea28a53963766cc54f0d2c2c36af60a5243,4,"1206,1821,1830,2101",0x0b012055f770ae7bb7a8303968a7fb6088a2296e,62514232,2026-08-07T00:16:08Z
0x478a2bc9fa2bc594d875bc9c88f5ce9626bfc8c4,4,"26,63,1461,1490",0x0b012055f770ae7bb7a8303968a7fb6088a2296e,62514232,2026-08-07T00:16:08Z
0x4618f344f19dbab977d5919d3e3a3256274d043d,4,"1586,1646,1684,1728",0x0b012055f770ae7bb7a8303968a7fb6088a2296e,62514232,2026-08-07T00:16:08Z
0x425c12553ed2b1b53c480a817ce99c52d228a29f,4,"8562,8563,8647,8648",0x0b012055f770ae7bb7a8303968a7fb6088a2296e,62514232,2026-08-07T00:16:08Z
0x42225b0c8c3f0c7c4d5b21a008a899e9a4992788,4,"1847,1919,1955,2043",0x0b012055f770ae7bb7a8303968a7fb6088a2296e,62514232,2026-08-07T00:16:08Z
0x413a9c69df59288ef9a7ebe78a2033dd2f3e1af3,4,"2879,2884,2885,2886",0x0b012055f770ae7bb7a8303968a7fb6088a2296e,62514232,2026-08-07T00:16:08Z
0x3ea0eae7ef1c41a99456bc5c034509107ed01b54,4,"5494,5525,5556,5588",0x0b012055f770ae7bb7a8303968a7fb6088a2296e,62514232,2026-08-07T00:16:08Z
0x3d00ac5a3aa67ab39c625aef30ac5791393e87ba,4,"2497,2520,2539,2580",0x0b012055f770ae7bb7a8303968a7fb6088a2296e,62514232,2026-08-07T00:16:08Z
0x3b4557d141a0cb6ac360648dbdc3b38b61406ed5,4,"3722,4930,5722,8127",0x0b012055f770ae7bb7a8303968a7fb6088a2296e,62514232,2026-08-07T00:16:08Z
0x3b0813d3c1c54e2586f454ab0fd05cc00b0a6aa7,4,"5513,5544,5576,5607",0x0b012055f770ae7bb7a8303968a7fb6088a2296e,62514232,2026-08-07T00:16:08Z
0x37b3fae959f171767e34e33eaf7ee6e7be2842c3,4,"3301,3302,3310,4961",0x0b012055f770ae7bb7a8303968a7fb6088a2296e,62514232,2026-08-07T00:16:08Z
0x34c28ac8affd7da88c79c11dbfe3c0a02f424ceb,4,"5492,5523,5554,5586",0x0b012055f770ae7bb7a8303968a7fb6088a2296e,62514232,2026-08-07T00:16:08Z
0x33afdb77d4202330211ea9dd7f0567862c450578,4,"1208,1224,1274,1320",0x0b012055f770ae7bb7a8303968a7fb6088a2296e,62514232,2026-08-07T00:16:08Z
0x331b53ae2347efaf8fc836810aecf0fd021bb4b4,4,"5505,5536,5568,5599",0x0b012055f770ae7bb7a8303968a7fb6088a2296e,62514232,2026-08-07T00:16:08Z
0x30a9dcb53b8d44fbfdaa13401cf1f601562d7c87,4,"7945,7957,7959,8142",0x0b012055f770ae7bb7a8303968a7fb6088a2296e,62514232,2026-08-07T00:16:08Z
0x308da792a0b9c332d5254bb2afb78640d363e2d1,4,"3509,3510,3985,3986",0x0b012055f770ae7bb7a8303968a7fb6088a2296e,62514232,2026-08-07T00:16:08Z
0x2f45724d7e384b38d5c97206e78470544304887f,4,"200,224,1002,1887",0x0b012055f770ae7bb7a8303968a7fb6088a2296e,62514232,2026-08-07T00:16:08Z
0x2f39064d60e30cefc7c20af2533b834a8a8f08ad,4,"30,323,352,431",0x0b012055f770ae7bb7a8303968a7fb6088a2296e,62514232,2026-08-07T00:16:08Z
0x29a20cdf309ea47731512e0ff91e9d1a6a198c7b,4,"3485,3508,3524,3587",0x0b012055f770ae7bb7a8303968a7fb6088a2296e,62514232,2026-08-07T00:16:08Z
0x285f59470e24fc7c0a80bccd5bd6e70475b5c250,4,"5496,5527,5558,5590",0x0b012055f770ae7bb7a8303968a7fb6088a2296e,62514232,2026-08-07T00:16:08Z
0x21ee8009897144cb08aa603bce48e9edaae00a1a,4,"958,1032,1312,1344",0x0b012055f770ae7bb7a8303968a7fb6088a2296e,62514232,2026-08-07T00:16:08Z
0x1f54655b018389e4e517fd93ab58b0f78e1e27ef,4,"8279,8280,8282,8288",0x0b012055f770ae7bb7a8303968a7fb6088a2296e,62514232,2026-08-07T00:16:08Z
0x1d4b78a5d5d7d12e87f94a3b3f4c4ea4a2f01f4e,4,"6571,6572,6573,7862",0x0b012055f770ae7bb7a8303968a7fb6088a2296e,62514232,2026-08-07T00:16:08Z
0x17f034fa50a0fcbab052ca51f7a307f97b7c5e4a,4,"28,264,471,1626",0x0b012055f770ae7bb7a8303968a7fb6088a2296e,62514232,2026-08-07T00:16:08Z
0x14227b1427311f58a9a97f9204d5ef4b9fced036,4,"5507,5538,5570,5601",0x0b012055f770ae7bb7a8303968a7fb6088a2296e,62514232,2026-08-07T00:16:08Z
0x141a8fb6ca0f31df0adfa9b275088b588f05ea61,4,"682,691,743,946",0x0b012055f770ae7bb7a8303968a7fb6088a2296e,62514232,2026-08-07T00:16:08Z
0x1217654088cc29affdaac34336f367ef478551c7,4,"5510,5541,5573,5604",0x0b012055f770ae7bb7a8303968a7fb6088a2296e,62514232,2026-08-07T00:16:08Z
0x11c0b2347c92903308e0a10bdd0ce99d0f649a46,4,"5001,5002,5003,5113",0x0b012055f770ae7bb7a8303968a7fb6088a2296e,62514232,2026-08-07T00:16:08Z
0x10e5dab554fec00b1da9041274da8e3808c4b2a1,4,"401,473,563,566",0x0b012055f770ae7bb7a8303968a7fb6088a2296e,62514232,2026-08-07T00:16:08Z
0x0cacbde88a4c266bdb6998b7e98180ad707c6e81,4,"6990,6991,6992,7035",0x0b012055f770ae7bb7a8303968a7fb6088a2296e,62514232,2026-08-07T00:16:08Z
0x077bac4866c9e1766fb32ba5b38d406f4d8fbbf0,4,"8406,8407,8408,8409",0x0b012055f770ae7bb7a8303968a7fb6088a2296e,62514232,2026-08-07T00:16:08Z
0x06458f521fbcb4262a335aba374394b078fd3ed6,4,"3471,5243,5869,6067",0x0b012055f770ae7bb7a8303968a7fb6088a2296e,62514232,2026-08-07T00:16:08Z
0x01eb8c8d63c73ecaea17e1901a8d1e66fee93f71,4,"258,331,1796,2320",0x0b012055f770ae7bb7a8303968a7fb6088a2296e,62514232,2026-08-07T00:16:08Z
0x012613912fe2b9a819b11aebf1e83eef4955a7a6,4,"5512,5543,5575,5606",0x0b012055f770ae7bb7a8303968a7fb6088a2296e,62514232,2026-08-07T00:16:08Z
0x00bd3bda43483af368de8b7ec6568437c7bb319f,4,"272,311,373,4352",0x0b012055f770ae7bb7a8303968a7fb6088a2296e,62514232,2026-08-07T00:16:08Z
0x0025500c6a6bcaebde159db6a307f4d38503a079,4,"2068,2083,2327,3765",0x0b012055f770ae7bb7a8303968a7fb6088a2296e,62514232,2026-08-07T00:16:08Z
0xff41baadb39c6a711ad3b25e28f586ab015580a1,3,"3312,3799,3800",0x0b012055f770ae7bb7a8303968a7fb6088a2296e,62514232,2026-08-07T00:16:08Z
0xfb7b05455aa9bbd2a811d83abd2f80f8e7f8a282,3,"271,314,358",0x0b012055f770ae7bb7a8303968a7fb6088a2296e,62514232,2026-08-07T00:16:08Z
0xfa1f780a446e9cdb4c51b031686bcf8b02f8ed7c,3,"7458,7607,8156",0x0b012055f770ae7bb7a8303968a7fb6088a2296e,62514232,2026-08-07T00:16:08Z
0xf6e26658be49247a91fc6985742f8b4b4584c30f,3,"925,1705,1891",0x0b012055f770ae7bb7a8303968a7fb6088a2296e,62514232,2026-08-07T00:16:08Z
0xf68b5ccc344335f02ec904bebf973cb76f144453,3,"1020,1271,1670",0x0b012055f770ae7bb7a8303968a7fb6088a2296e,62514232,2026-08-07T00:16:08Z
0xf4f9990239872ce0f4292136fa2431d53fc8119b,3,"1923,2697,2700",0x0b012055f770ae7bb7a8303968a7fb6088a2296e,62514232,2026-08-07T00:16:08Z
0xf2017ed6f046d4cbb293db0b3aba9b8fe10ca6df,3,"5108,5109,5110",0x0b012055f770ae7bb7a8303968a7fb6088a2296e,62514232,2026-08-07T00:16:08Z
0xf012c28ea063580354820304ec77407131ed0d89,3,"2220,2225,2232",0x0b012055f770ae7bb7a8303968a7fb6088a2296e,62514232,2026-08-07T00:16:08Z
0xeb4bc39c16a20763ce4b807bb5b9a2da51e98578,3,"129,1412,3321",0x0b012055f770ae7bb7a8303968a7fb6088a2296e,62514232,2026-08-07T00:16:08Z
0xeb4576fe753dab07635c0bb6c8f0a355e1db5d31,3,"6824,7124,7430",0x0b012055f770ae7bb7a8303968a7fb6088a2296e,62514232,2026-08-07T00:16:08Z
0xeab90ba6f3102af8a139937cbdcf24dd1eee9f83,3,"359,445,804",0x0b012055f770ae7bb7a8303968a7fb6088a2296e,62514232,2026-08-07T00:16:08Z
0xe8e61db7918bd88e5ff764ad5393e87d7aaef9ad,3,"1608,1947,3892",0x0b012055f770ae7bb7a8303968a7fb6088a2296e,62514232,2026-08-07T00:16:08Z
0xe86e925daa0c43b6ed2ce4e0f4a364fd8f1fc953,3,"1605,3323,3415",0x0b012055f770ae7bb7a8303968a7fb6088a2296e,62514232,2026-08-07T00:16:08Z
0xe6440f3185fb6166370028ff5b564f86256fb691,3,"6091,6133,6177",0x0b012055f770ae7bb7a8303968a7fb6088a2296e,62514232,2026-08-07T00:16:08Z
0xe538112604f4c4c66823e74c7d55278a104c74a9,3,"441,477,655",0x0b012055f770ae7bb7a8303968a7fb6088a2296e,62514232,2026-08-07T00:16:08Z
0xe3dff97e14f3a55228ed2f614114bf6b27a7677b,3,"3081,4499,4502",0x0b012055f770ae7bb7a8303968a7fb6088a2296e,62514232,2026-08-07T00:16:08Z
0xe34dfd2bf1d4e6b2b1c4eaf477372cb859376863,3,"911,1000,1819",0x0b012055f770ae7bb7a8303968a7fb6088a2296e,62514232,2026-08-07T00:16:08Z
0xe1215ac5af9fd343c728e4f484140a56d8df3e9a,3,"58,4351,8395",0x0b012055f770ae7bb7a8303968a7fb6088a2296e,62514232,2026-08-07T00:16:08Z
0xdead484471f9416c681e79197a643f5cf9856538,3,"150,172,406",0x0b012055f770ae7bb7a8303968a7fb6088a2296e,62514232,2026-08-07T00:16:08Z
0xde234c4d99d05136093a37db488da35b368a7b1a,3,"8656,8657,8677",0x0b012055f770ae7bb7a8303968a7fb6088a2296e,62514232,2026-08-07T00:16:08Z
0xddd1267405c56151f11fa0c83461eae261076f90,3,"6818,6819,6820",0x0b012055f770ae7bb7a8303968a7fb6088a2296e,62514232,2026-08-07T00:16:08Z
0xdc05729a55c3de1ad7fa6395505f8e2bfdccc5ec,3,"8020,8021,8022",0x0b012055f770ae7bb7a8303968a7fb6088a2296e,62514232,2026-08-07T00:16:08Z
0xd791c013625b234e240369b671bef2ebe885f569,3,"8390,8391,8447",0x0b012055f770ae7bb7a8303968a7fb6088a2296e,62514232,2026-08-07T00:16:08Z
0xd78089953dbd6602ea74c16beeb7f4f653cd1a24,3,"419,436,996",0x0b012055f770ae7bb7a8303968a7fb6088a2296e,62514232,2026-08-07T00:16:08Z
0xd566a99c2ce712bc6d485e9be942b3731c802374,3,"3171,3173,3669",0x0b012055f770ae7bb7a8303968a7fb6088a2296e,62514232,2026-08-07T00:16:08Z
0xd432af6bfe76618b59231d6d13eff27d66a74b9c,3,"324,356,396",0x0b012055f770ae7bb7a8303968a7fb6088a2296e,62514232,2026-08-07T00:16:08Z
0xd337c04f986adc73051cedfb2d46166f745f6181,3,"3331,3333,3335",0x0b012055f770ae7bb7a8303968a7fb6088a2296e,62514232,2026-08-07T00:16:08Z
0xd1b5cdde6b1d6b2401b1ab6297f7f9aba721c6cc,3,"181,231,481",0x0b012055f770ae7bb7a8303968a7fb6088a2296e,62514232,2026-08-07T00:16:08Z
0xd1a4cbbf4a1602a77f40f4d910551a4eb78982d6,3,"3385,3409,3443",0x0b012055f770ae7bb7a8303968a7fb6088a2296e,62514232,2026-08-07T00:16:08Z
0xd15d39655372ce3964294b9f4063ff7bf1cea50d,3,"2440,2444,2472",0x0b012055f770ae7bb7a8303968a7fb6088a2296e,62514232,2026-08-07T00:16:08Z
0xcdbc0f810414fc48aaefc9e959de0af878319cd5,3,"7397,7521,8365",0x0b012055f770ae7bb7a8303968a7fb6088a2296e,62514232,2026-08-07T00:16:08Z
0xcb4608e5cac7ffa0304ca90ddd94d8518d95450c,3,"1848,1869,1921",0x0b012055f770ae7bb7a8303968a7fb6088a2296e,62514232,2026-08-07T00:16:08Z
0xca93d7dc9b0520b8ea3e5dd30e1c92c1e012faac,3,"895,980,2672",0x0b012055f770ae7bb7a8303968a7fb6088a2296e,62514232,2026-08-07T00:16:08Z
0xc6382cbfdce19d3af3192a42398c0c94cd8d63d0,3,"2461,2484,3094",0x0b012055f770ae7bb7a8303968a7fb6088a2296e,62514232,2026-08-07T00:16:08Z
0xc53c5031b32c9f37eb2205ccc67c272438322546,3,"3228,3230,3235",0x0b012055f770ae7bb7a8303968a7fb6088a2296e,62514232,2026-08-07T00:16:08Z
0xc4d14953c039221e795e90b51e802c05d5e88e12,3,"6364,6374,6381",0x0b012055f770ae7bb7a8303968a7fb6088a2296e,62514232,2026-08-07T00:16:08Z
0xc17bb4fbcb1d7f499b8bfd5d6587dc2fb9b8c55c,3,"453,572,590",0x0b012055f770ae7bb7a8303968a7fb6088a2296e,62514232,2026-08-07T00:16:08Z
0xc0c6438381c2c848f72019d5765f1fd26a5e3f9c,3,"2139,2146,2175",0x0b012055f770ae7bb7a8303968a7fb6088a2296e,62514232,2026-08-07T00:16:08Z
0xbaae305d335a40d2359b1cfc791f11729fc1e1dc,3,"2489,2494,2518",0x0b012055f770ae7bb7a8303968a7fb6088a2296e,62514232,2026-08-07T00:16:08Z
0xb8d61807adf949f2c586ab93dc5a590764969169,3,"413,619,778",0x0b012055f770ae7bb7a8303968a7fb6088a2296e,62514232,2026-08-07T00:16:08Z
0xb5ca724cf2680c24226fad2a37b71cb342373b7e,3,"6039,6041,6042",0x0b012055f770ae7bb7a8303968a7fb6088a2296e,62514232,2026-08-07T00:16:08Z
0xb5482b62fb5560eea0088da0823ff66e59890dd7,3,"4485,4486,4818",0x0b012055f770ae7bb7a8303968a7fb6088a2296e,62514232,2026-08-07T00:16:08Z
0xb4fadfaaa3648ff88c6a6a35ba2b4337c28f5be0,3,"3482,3487,3500",0x0b012055f770ae7bb7a8303968a7fb6088a2296e,62514232,2026-08-07T00:16:08Z
0xb4c76a8d1f012c103c7fffcae092220933e3c58b,3,"857,981,1006",0x0b012055f770ae7bb7a8303968a7fb6088a2296e,62514232,2026-08-07T00:16:08Z
0xb359d7a9836d8a48ae26863029136d37513f310f,3,"1384,1537,1777",0x0b012055f770ae7bb7a8303968a7fb6088a2296e,62514232,2026-08-07T00:16:08Z
0xb2db38c20c418ba5388b3ed978e88e50202f7266,3,"6107,6116,6117",0x0b012055f770ae7bb7a8303968a7fb6088a2296e,62514232,2026-08-07T00:16:08Z
0xb2bcdef5fc5909463c0a77c224949c82bfd40744,3,"176,195,1898",0x0b012055f770ae7bb7a8303968a7fb6088a2296e,62514232,2026-08-07T00:16:08Z
0xb10d3ca4025272bd884c8d280b0517c356bf5cc2,3,"8489,8532,8533",0x0b012055f770ae7bb7a8303968a7fb6088a2296e,62514232,2026-08-07T00:16:08Z
0xaff8be3b36c11f69bea6f1ea2cff240f8d9dade7,3,"3748,4061,4299",0x0b012055f770ae7bb7a8303968a7fb6088a2296e,62514232,2026-08-07T00:16:08Z
0xaf1c74dce58cc4fd90f5561692e84f9bce4f9700,3,"3996,4062,4166",0x0b012055f770ae7bb7a8303968a7fb6088a2296e,62514232,2026-08-07T00:16:08Z
0xacbe16f34d576066ee4d3bace8545fed9c8656b9,3,"4058,4991,5100",0x0b012055f770ae7bb7a8303968a7fb6088a2296e,62514232,2026-08-07T00:16:08Z
0xab40614d0b06adeb2bc28521b4cc606969188df6,3,"282,403,1086",0x0b012055f770ae7bb7a8303968a7fb6088a2296e,62514232,2026-08-07T00:16:08Z
0xaabba7b3213cc33643cdd918d36a8e056daf3479,3,"2466,2486,2516",0x0b012055f770ae7bb7a8303968a7fb6088a2296e,62514232,2026-08-07T00:16:08Z
0xa8ab04d941f2d62bf3fcd7128828075e80f4116c,3,"1683,2279,2819",0x0b012055f770ae7bb7a8303968a7fb6088a2296e,62514232,2026-08-07T00:16:08Z
0xa691b5656690993c7078608287e00671d0125f95,3,"3227,6892,6956",0x0b012055f770ae7bb7a8303968a7fb6088a2296e,62514232,2026-08-07T00:16:08Z
0xa4e8052d14520932b603bf1e67a6f0f6c0585c1d,3,"2344,2568,2587",0x0b012055f770ae7bb7a8303968a7fb6088a2296e,62514232,2026-08-07T00:16:08Z
0xa3c3cdb7559a907485f63fd001f4ed855b47e2be,3,"1888,1901,2085",0x0b012055f770ae7bb7a8303968a7fb6088a2296e,62514232,2026-08-07T00:16:08Z
0x9f51b80536031f4c0a9063f23998e27de1276c5d,3,"533,2356,3003",0x0b012055f770ae7bb7a8303968a7fb6088a2296e,62514232,2026-08-07T00:16:08Z
0x9efde865e6d4318a1e9b8443a5dd10606dfb0dac,3,"2253,2274,2299",0x0b012055f770ae7bb7a8303968a7fb6088a2296e,62514232,2026-08-07T00:16:08Z
0x9c365d7cf431df90dc9d839bd3bd4d09fa73cf16,3,"275,960,1620",0x0b012055f770ae7bb7a8303968a7fb6088a2296e,62514232,2026-08-07T00:16:08Z
0x973fc3da93533e8d5c9c85be809be553eb081557,3,"4885,5021,5022",0x0b012055f770ae7bb7a8303968a7fb6088a2296e,62514232,2026-08-07T00:16:08Z
0x932645e2bc1443cf0020393fc993d9f6445e81b5,3,"1513,1573,1619",0x0b012055f770ae7bb7a8303968a7fb6088a2296e,62514232,2026-08-07T00:16:08Z
0x9315e6f3a8b8b0915897a22c5804924908cdde24,3,"853,1343,4095",0x0b012055f770ae7bb7a8303968a7fb6088a2296e,62514232,2026-08-07T00:16:08Z
0x8feafd5e0fcefdd2624906c0f913d563306aae17,3,"741,816,881",0x0b012055f770ae7bb7a8303968a7fb6088a2296e,62514232,2026-08-07T00:16:08Z
0x8e29facd52fdb0e4a4addc08c601127535a364a4,3,"4546,6185,6186",0x0b012055f770ae7bb7a8303968a7fb6088a2296e,62514232,2026-08-07T00:16:08Z
0x8c5d71cb2dd70eb5cd284faef49159d200eef1d6,3,"217,234,489",0x0b012055f770ae7bb7a8303968a7fb6088a2296e,62514232,2026-08-07T00:16:08Z
0x8af76b9bd091468940c0afe443c482b0ddbe3a24,3,"681,708,1459",0x0b012055f770ae7bb7a8303968a7fb6088a2296e,62514232,2026-08-07T00:16:08Z
0x8a475e09de4bec7ebe8bbd411633d08f27acb23b,3,"7525,7539,7980",0x0b012055f770ae7bb7a8303968a7fb6088a2296e,62514232,2026-08-07T00:16:08Z
0x87afa818b38807df799b0a196c0e6b2603228586,3,"1102,1107,1832",0x0b012055f770ae7bb7a8303968a7fb6088a2296e,62514232,2026-08-07T00:16:08Z
0x87368fb5b3e5f75dd343feabcc5e205f2546a271,3,"302,390,871",0x0b012055f770ae7bb7a8303968a7fb6088a2296e,62514232,2026-08-07T00:16:08Z
0x86bb1f0c21a1b8dad85089357ce5b42a581ba8ac,3,"4295,5355,5409",0x0b012055f770ae7bb7a8303968a7fb6088a2296e,62514232,2026-08-07T00:16:08Z
0x83ea9fb5cff0dca411053426451271de6641969d,3,"4602,4676,4719",0x0b012055f770ae7bb7a8303968a7fb6088a2296e,62514232,2026-08-07T00:16:08Z
0x826d8bf70da731ea94e4f92c17bec5bda2faf557,3,"1362,1395,3183",0x0b012055f770ae7bb7a8303968a7fb6088a2296e,62514232,2026-08-07T00:16:08Z
0x80b645fb98cc3037816305a07bab870e58091e74,3,"2896,3035,3946",0x0b012055f770ae7bb7a8303968a7fb6088a2296e,62514232,2026-08-07T00:16:08Z
0x7f186c108853157995830a65505f2396fd1cf461,3,"3449,3450,3467",0x0b012055f770ae7bb7a8303968a7fb6088a2296e,62514232,2026-08-07T00:16:08Z
0x7dc516f0b99c3d8ad8bb9b69c126bbbabbafa067,3,"6200,6201,6202",0x0b012055f770ae7bb7a8303968a7fb6088a2296e,62514232,2026-08-07T00:16:08Z
0x7bb3554618232d475cb135dd7b484190d7b5f2e6,3,"5434,5437,5844",0x0b012055f770ae7bb7a8303968a7fb6088a2296e,62514232,2026-08-07T00:16:08Z
0x7ac016107cc9cd1c7358a4e782884f006d7fbd70,3,"3261,3395,3397",0x0b012055f770ae7bb7a8303968a7fb6088a2296e,62514232,2026-08-07T00:16:08Z
0x7abd1c2fd7f5a3e3808953e57f2f15ade17e5430,3,"1040,1194,2091",0x0b012055f770ae7bb7a8303968a7fb6088a2296e,62514232,2026-08-07T00:16:08Z
0x79d564026df40d641746d8006174eacdae479bd2,3,"1218,1318,1603",0x0b012055f770ae7bb7a8303968a7fb6088a2296e,62514232,2026-08-07T00:16:08Z
0x78847a68e1ec964bfc1c616c2388b4156ddbe16d,3,"8399,8400,8514",0x0b012055f770ae7bb7a8303968a7fb6088a2296e,62514232,2026-08-07T00:16:08Z
0x75af640f35aaed8d3bb15f6acac5b9027b9abdfa,3,"1867,2526,2542",0x0b012055f770ae7bb7a8303968a7fb6088a2296e,62514232,2026-08-07T00:16:08Z
0x74ab5d0ccdb5a8b8be357bf395f121e5bcaeb86f,3,"4088,5974,5984",0x0b012055f770ae7bb7a8303968a7fb6088a2296e,62514232,2026-08-07T00:16:08Z
0x73831e7c600f48cebbbff957b466be8e5c087f34,3,"2941,2943,2944",0x0b012055f770ae7bb7a8303968a7fb6088a2296e,62514232,2026-08-07T00:16:08Z
0x715c2be3a5c412baf699d0cb3dc7ae5b5a115626,3,"513,538,1986",0x0b012055f770ae7bb7a8303968a7fb6088a2296e,62514232,2026-08-07T00:16:08Z
0x6f48707b401e930b50adc66cd22c7bf11a78211a,3,"8412,8417,8442",0x0b012055f770ae7bb7a8303968a7fb6088a2296e,62514232,2026-08-07T00:16:08Z
0x6f271e2b24220938a37c9afc6cb5cf3f869806ac,3,"2912,2913,3040",0x0b012055f770ae7bb7a8303968a7fb6088a2296e,62514232,2026-08-07T00:16:08Z
0x6b091ec6c77ebafac15ff88f34c89a4b0b032791,3,"8410,8411,8413",0x0b012055f770ae7bb7a8303968a7fb6088a2296e,62514232,2026-08-07T00:16:08Z
0x677594d556261890b80b768fed325e0a38673a51,3,"39,1067,1076",0x0b012055f770ae7bb7a8303968a7fb6088a2296e,62514232,2026-08-07T00:16:08Z
0x63dc84c5516ed20c908bad86fa09e6155d093b47,3,"3423,3436,3444",0x0b012055f770ae7bb7a8303968a7fb6088a2296e,62514232,2026-08-07T00:16:08Z
0x638610cba764ff0cd7e7520f6083827c70b8cc17,3,"2039,2268,2649",0x0b012055f770ae7bb7a8303968a7fb6088a2296e,62514232,2026-08-07T00:16:08Z
0x6151b35cca5f8a9252194d7426aeb9bb76841aaf,3,"518,612,825",0x0b012055f770ae7bb7a8303968a7fb6088a2296e,62514232,2026-08-07T00:16:08Z
0x60ecffcd16b527bf77e6c6d2b02bc5b127123dbe,3,"7810,7831,7958",0x0b012055f770ae7bb7a8303968a7fb6088a2296e,62514232,2026-08-07T00:16:08Z
0x603bd78e189ad028ee5ef73f50c4dfc0fb29b3a3,3,"7365,8679,8680",0x0b012055f770ae7bb7a8303968a7fb6088a2296e,62514232,2026-08-07T00:16:08Z
0x5d78da0457ce078fbd8db83a5a4db89d577dcad6,3,"1445,1471,2881",0x0b012055f770ae7bb7a8303968a7fb6088a2296e,62514232,2026-08-07T00:16:08Z
0x5cb1fd41b6bd716bdaeecbb572f573cffa298d75,3,"4521,4523,4535",0x0b012055f770ae7bb7a8303968a7fb6088a2296e,62514232,2026-08-07T00:16:08Z
0x5c70b3f22595caf8314f77dabc628363aaee18ad,3,"120,133,235",0x0b012055f770ae7bb7a8303968a7fb6088a2296e,62514232,2026-08-07T00:16:08Z
0x5b9e5a14793b1744eb19345f2c7c332bd34615ae,3,"2701,2704,2708",0x0b012055f770ae7bb7a8303968a7fb6088a2296e,62514232,2026-08-07T00:16:08Z
0x5a82e0c3c01a39543af5c2af0bc71e25fc021a5e,3,"3673,3707,4077",0x0b012055f770ae7bb7a8303968a7fb6088a2296e,62514232,2026-08-07T00:16:08Z
0x58e857b6a51e09f1ed5b588ebf255d205563559e,3,"3579,3827,3828",0x0b012055f770ae7bb7a8303968a7fb6088a2296e,62514232,2026-08-07T00:16:08Z
0x5805641e589cf538004a0ccfc31a57ac1ba2cb02,3,"5973,6259,6610",0x0b012055f770ae7bb7a8303968a7fb6088a2296e,62514232,2026-08-07T00:16:08Z
0x56ce632320b8af872b9ef5b94c4a483a63f1ee26,3,"7422,7628,7791",0x0b012055f770ae7bb7a8303968a7fb6088a2296e,62514232,2026-08-07T00:16:08Z
0x5491d6563768d3ed07c6f40338243974d06e4963,3,"2369,2665,2748",0x0b012055f770ae7bb7a8303968a7fb6088a2296e,62514232,2026-08-07T00:16:08Z
0x5437e75503819c6c98cc94d35ccb3df6958dc300,3,"8495,8505,8507",0x0b012055f770ae7bb7a8303968a7fb6088a2296e,62514232,2026-08-07T00:16:08Z
0x5422b64d2114506833a599150666e8d100ba1ebf,3,"1582,1599,1730",0x0b012055f770ae7bb7a8303968a7fb6088a2296e,62514232,2026-08-07T00:16:08Z
0x4bf6dc3146ef88d2ba39fcb4a467c1787a6d4f22,3,"4072,4073,4074",0x0b012055f770ae7bb7a8303968a7fb6088a2296e,62514232,2026-08-07T00:16:08Z
0x4720f0b9637ab1c5ad4cde6db2ff4c52a1d27fd5,3,"1094,1713,1873",0x0b012055f770ae7bb7a8303968a7fb6088a2296e,62514232,2026-08-07T00:16:08Z
0x4680c4b7b772723aac679e17939096f1c2e4dfb0,3,"4342,4343,4412",0x0b012055f770ae7bb7a8303968a7fb6088a2296e,62514232,2026-08-07T00:16:08Z
0x3e18ed83e0713a16a37bcbdb0088a244f1b2fd55,3,"29,31,1424",0x0b012055f770ae7bb7a8303968a7fb6088a2296e,62514232,2026-08-07T00:16:08Z
0x3dc774387cba4598acd2ad470ff0fd5abb4e4f9f,3,"116,143,164",0x0b012055f770ae7bb7a8303968a7fb6088a2296e,62514232,2026-08-07T00:16:08Z
0x3db41106e008fc56929adbfaac372ad78b1bba94,3,"107,673,758",0x0b012055f770ae7bb7a8303968a7fb6088a2296e,62514232,2026-08-07T00:16:08Z
0x3cebacd7fd25c3f3fb27ba1d8de423c946d88888,3,"1106,1201,1269",0x0b012055f770ae7bb7a8303968a7fb6088a2296e,62514232,2026-08-07T00:16:08Z
0x3b6942d1c31d7095d65f023656427f0714184b69,3,"532,664,2045",0x0b012055f770ae7bb7a8303968a7fb6088a2296e,62514232,2026-08-07T00:16:08Z
0x3b598e501152806523cb20be7589dd666b4765bd,3,"260,303,368",0x0b012055f770ae7bb7a8303968a7fb6088a2296e,62514232,2026-08-07T00:16:08Z
0x39a54575d611e4a2757bcba839db51c7b0689646,3,"774,870,943",0x0b012055f770ae7bb7a8303968a7fb6088a2296e,62514232,2026-08-07T00:16:08Z
0x3952b693c0d21039cdccee6d8efbc74b633d67f7,3,"2638,2762,3240",0x0b012055f770ae7bb7a8303968a7fb6088a2296e,62514232,2026-08-07T00:16:08Z
0x389170f28d799ad80eb30e6c861767a1cee00083,3,"305,748,841",0x0b012055f770ae7bb7a8303968a7fb6088a2296e,62514232,2026-08-07T00:16:08Z
0x357ce27a481f2f62c15294c62ac2f317422fe36c,3,"1915,2044,2046",0x0b012055f770ae7bb7a8303968a7fb6088a2296e,62514232,2026-08-07T00:16:08Z
0x349f55614c65f3af2228c655e235f0ce35ed189e,3,"287,578,2007",0x0b012055f770ae7bb7a8303968a7fb6088a2296e,62514232,2026-08-07T00:16:08Z
0x3007445ee56247487a55cceaedc0ca1661c40021,3,"4577,4600,4601",0x0b012055f770ae7bb7a8303968a7fb6088a2296e,62514232,2026-08-07T00:16:08Z
0x2ea667abd8e323278ab35d8aa64aaedaccac5530,3,"3532,3537,3919",0x0b012055f770ae7bb7a8303968a7fb6088a2296e,62514232,2026-08-07T00:16:08Z
0x2df0489bb8e94b51379ab88b25271477725bf435,3,"2301,6527,8007",0x0b012055f770ae7bb7a8303968a7fb6088a2296e,62514232,2026-08-07T00:16:08Z
0x2861ab52c18d66e9f35db16c80160bceb73b8bcf,3,"3793,3796,3798",0x0b012055f770ae7bb7a8303968a7fb6088a2296e,62514232,2026-08-07T00:16:08Z
0x262944448ec574dd5f82136964bbf189cc1ab579,3,"1744,2407,6390",0x0b012055f770ae7bb7a8303968a7fb6088a2296e,62514232,2026-08-07T00:16:08Z
0x2563c39963b94ad1abc5722470b201580aceb795,3,"1781,2661,4767",0x0b012055f770ae7bb7a8303968a7fb6088a2296e,62514232,2026-08-07T00:16:08Z
0x22a5b19c510c7034ef6e3ef1e5ee679ccfa2342d,3,"255,267,1633",0x0b012055f770ae7bb7a8303968a7fb6088a2296e,62514232,2026-08-07T00:16:08Z
0x215814e658826084f6bcbddc34d019a15ccd517c,3,"3105,3388,3389",0x0b012055f770ae7bb7a8303968a7fb6088a2296e,62514232,2026-08-07T00:16:08Z
0x2051ebf531afa327fe69f5891f4674eb30799c13,3,"8345,8346,8347",0x0b012055f770ae7bb7a8303968a7fb6088a2296e,62514232,2026-08-07T00:16:08Z
0x1eb45c10286348bda432b3f227cc7d9fc6d8b379,3,"978,1209,1747",0x0b012055f770ae7bb7a8303968a7fb6088a2296e,62514232,2026-08-07T00:16:08Z
0x1cef76addb4f1f3b0bf1a3d9917e667cb04c22f4,3,"80,1672,2643",0x0b012055f770ae7bb7a8303968a7fb6088a2296e,62514232,2026-08-07T00:16:08Z
0x16e12a6223a75702872d143e4bafd26b83c0ad48,3,"1542,1558,1583",0x0b012055f770ae7bb7a8303968a7fb6088a2296e,62514232,2026-08-07T00:16:08Z
0x1584694d1ce91765a4a0b28b9463e76c73b196a0,3,"381,2142,2149",0x0b012055f770ae7bb7a8303968a7fb6088a2296e,62514232,2026-08-07T00:16:08Z
0x14550f08493db688f433a5911ee4b28d3af106e2,3,"1363,2446,2477",0x0b012055f770ae7bb7a8303968a7fb6088a2296e,62514232,2026-08-07T00:16:08Z
0x144a9ec70061203c5edfb4a4c1002e688063576d,3,"214,238,259",0x0b012055f770ae7bb7a8303968a7fb6088a2296e,62514232,2026-08-07T00:16:08Z
0x103c02df6a78fd0c1ec14f27ad4ae9017446326d,3,"1501,1578,1694",0x0b012055f770ae7bb7a8303968a7fb6088a2296e,62514232,2026-08-07T00:16:08Z
0x0fefad038442e064e5d832a9b2f0e4aed8888888,3,"1225,1299,1335",0x0b012055f770ae7bb7a8303968a7fb6088a2296e,62514232,2026-08-07T00:16:08Z
0x0b9f8e10f30cdddb6714ecb7160889bd555139d5,3,"926,1007,1025",0x0b012055f770ae7bb7a8303968a7fb6088a2296e,62514232,2026-08-07T00:16:08Z
0x0b4281ab9bd34537e2810bcb784412e1ea5be11a,3,"7398,7417,7426",0x0b012055f770ae7bb7a8303968a7fb6088a2296e,62514232,2026-08-07T00:16:08Z
0x0ab22acb1b9972751eb78e4796ca9ec30cae1b2a,3,"1273,1302,3061",0x0b012055f770ae7bb7a8303968a7fb6088a2296e,62514232,2026-08-07T00:16:08Z
0x039f1fce5629b3364022355ffd326c15748114ea,3,"901,927,1834",0x0b012055f770ae7bb7a8303968a7fb6088a2296e,62514232,2026-08-07T00:16:08Z
0x02c8b0d968e8f60cf5a079ec0c9b443fa6c53e24,3,"163,1881,1902",0x0b012055f770ae7bb7a8303968a7fb6088a2296e,62514232,2026-08-07T00:16:08Z
0x024f36b02608a5129c61f8df54dc7286f9113dee,3,"408,451,613",0x0b012055f770ae7bb7a8303968a7fb6088a2296e,62514232,2026-08-07T00:16:08Z
0x00000097c39b9eb0a2bd578b289278071edd8ab4,3,"1138,1166,1203",0x0b012055f770ae7bb7a8303968a7fb6088a2296e,62514232,2026-08-07T00:16:08Z
0xff78aa70124dcdc3ea434aaf0b9ecbf51391fd4d,2,"1534,1549",0x0b012055f770ae7bb7a8303968a7fb6088a2296e,62514232,2026-08-07T00:16:08Z
0xff593dd96efd4ec628c99102f2420ed305cb2dd6,2,"4801,4802",0x0b012055f770ae7bb7a8303968a7fb6088a2296e,62514232,2026-08-07T00:16:08Z
0xfeae3c9580f724568b88d0a85219b4cdaf175f05,2,"8295,8334",0x0b012055f770ae7bb7a8303968a7fb6088a2296e,62514232,2026-08-07T00:16:08Z
0xfe1cf7e9c70e121208d1bf3e95b5364c8eb5a7f0,2,"1681,1756",0x0b012055f770ae7bb7a8303968a7fb6088a2296e,62514232,2026-08-07T00:16:08Z
0xfc64c78eb28946496e8551ae72f69dce9142d2ca,2,"4674,6071",0x0b012055f770ae7bb7a8303968a7fb6088a2296e,62514232,2026-08-07T00:16:08Z
0xfc4b49a5d0059c707bb7d5531e96ad07c8a21996,2,"776,884",0x0b012055f770ae7bb7a8303968a7fb6088a2296e,62514232,2026-08-07T00:16:08Z
0xf9d4d68582736b1f845e4b5cad52ca7821a7333b,2,"1191,1221",0x0b012055f770ae7bb7a8303968a7fb6088a2296e,62514232,2026-08-07T00:16:08Z
0xf9567f184de6b1fcf617850de093f78f6c78b0f6,2,"211,1085",0x0b012055f770ae7bb7a8303968a7fb6088a2296e,62514232,2026-08-07T00:16:08Z
0xf7efd36403c884b7448dc3de2c60ead95598b926,2,"8341,8343",0x0b012055f770ae7bb7a8303968a7fb6088a2296e,62514232,2026-08-07T00:16:08Z
0xf796b8fb98c7c98fd4b5424ced013820d1f2ee76,2,"1535,1563",0x0b012055f770ae7bb7a8303968a7fb6088a2296e,62514232,2026-08-07T00:16:08Z
0xf7023337b7ad09b61bbf7f3970f2aa8cfc746099,2,"1130,1176",0x0b012055f770ae7bb7a8303968a7fb6088a2296e,62514232,2026-08-07T00:16:08Z
0xf6688fcb8272a2947c4d9b3b674d0627fee30188,2,"4317,4381",0x0b012055f770ae7bb7a8303968a7fb6088a2296e,62514232,2026-08-07T00:16:08Z
0xf65626edec442893a05c782094c044b4a21e926d,2,"6692,6822",0x0b012055f770ae7bb7a8303968a7fb6088a2296e,62514232,2026-08-07T00:16:08Z
0xf61846888db13f4afd1ca9856fb4c94c8a01e5cd,2,"1115,1725",0x0b012055f770ae7bb7a8303968a7fb6088a2296e,62514232,2026-08-07T00:16:08Z
0xf60184790f6d30546436df4f95db1fd238157ac6,2,"936,1376",0x0b012055f770ae7bb7a8303968a7fb6088a2296e,62514232,2026-08-07T00:16:08Z
0xf4eab54c568aee89843f247dce859846ba855394,2,"6473,6474",0x0b012055f770ae7bb7a8303968a7fb6088a2296e,62514232,2026-08-07T00:16:08Z
0xf4b0e8e7efb9aaa6101edb771e718eb370f7a2b2,2,"2732,2744",0x0b012055f770ae7bb7a8303968a7fb6088a2296e,62514232,2026-08-07T00:16:08Z
0xf465d8adf4071a2fbe1804c269f99da0c12e173c,2,"3432,4208",0x0b012055f770ae7bb7a8303968a7fb6088a2296e,62514232,2026-08-07T00:16:08Z
0xf39e994c92f73ecfe18ee1547a3089d123e8ede9,2,"460,656",0x0b012055f770ae7bb7a8303968a7fb6088a2296e,62514232,2026-08-07T00:16:08Z
0xf2413190f655d0ce74864fd79ff809f6f92b2309,2,"3329,6229",0x0b012055f770ae7bb7a8303968a7fb6088a2296e,62514232,2026-08-07T00:16:08Z
0xf15510465508a8134abc05bf5f3d0652cad06377,2,"8328,8433",0x0b012055f770ae7bb7a8303968a7fb6088a2296e,62514232,2026-08-07T00:16:08Z
0xf096c1354783da6dd46bf500047b3c9a59e98878,2,"2059,2088",0x0b012055f770ae7bb7a8303968a7fb6088a2296e,62514232,2026-08-07T00:16:08Z
0xed12c892779877278fd7e3689011ac2842a5ca6d,2,"772,2006",0x0b012055f770ae7bb7a8303968a7fb6088a2296e,62514232,2026-08-07T00:16:08Z
0xec40fd8955bcc49e09f0b77fd1b0631f07007c18,2,"226,989",0x0b012055f770ae7bb7a8303968a7fb6088a2296e,62514232,2026-08-07T00:16:08Z
0xec0297f0a72286c92e826e3b55bd61ad31986dfe,2,"4359,4426",0x0b012055f770ae7bb7a8303968a7fb6088a2296e,62514232,2026-08-07T00:16:08Z
0xea8261abb433f9460da8d53b9f27698114bfecb0,2,"1472,1970",0x0b012055f770ae7bb7a8303968a7fb6088a2296e,62514232,2026-08-07T00:16:08Z
0xe60f23728025865097184ded68a59a32476c7019,2,"2677,2692",0x0b012055f770ae7bb7a8303968a7fb6088a2296e,62514232,2026-08-07T00:16:08Z
0xe5ead5d7d21180b3415641fc43e3338c6a3693a3,2,"2715,4949",0x0b012055f770ae7bb7a8303968a7fb6088a2296e,62514232,2026-08-07T00:16:08Z
0xe42bcc06edc5aa9dae414f1d6b076507765d3389,2,"3200,3203",0x0b012055f770ae7bb7a8303968a7fb6088a2296e,62514232,2026-08-07T00:16:08Z
0xe3a2a53e6bc71bc5ec34313b5aa783f4733bc419,2,"1228,1283",0x0b012055f770ae7bb7a8303968a7fb6088a2296e,62514232,2026-08-07T00:16:08Z
0xe356f18cab1fdd4ed4c22326da0144b7be72f93a,2,"2246,2249",0x0b012055f770ae7bb7a8303968a7fb6088a2296e,62514232,2026-08-07T00:16:08Z
0xe349a2aa56504a0c32593dabb289780902425c7b,2,"2709,2718",0x0b012055f770ae7bb7a8303968a7fb6088a2296e,62514232,2026-08-07T00:16:08Z
0xe27597af91352537f4ea74622b5a2ba6d464d9ee,2,"2194,2201",0x0b012055f770ae7bb7a8303968a7fb6088a2296e,62514232,2026-08-07T00:16:08Z
0xe128f08e79cf28e662b58621751613de6013b4ee,2,"798,854",0x0b012055f770ae7bb7a8303968a7fb6088a2296e,62514232,2026-08-07T00:16:08Z
0xe0d7fdf401c8f41d1d82e33e243b5f01914cc96e,2,"1566,1615",0x0b012055f770ae7bb7a8303968a7fb6088a2296e,62514232,2026-08-07T00:16:08Z
0xdf7457e7d8d752cadb8e84f80e4d282c361a3df3,2,"3840,3842",0x0b012055f770ae7bb7a8303968a7fb6088a2296e,62514232,2026-08-07T00:16:08Z
0xdd5f42382ca7ea86dd8bc72da071ceb1b84b2ec0,2,"1571,1581",0x0b012055f770ae7bb7a8303968a7fb6088a2296e,62514232,2026-08-07T00:16:08Z
0xdc3b78ea808d087bda441b1149c4415b5c4ff1aa,2,"2178,2907",0x0b012055f770ae7bb7a8303968a7fb6088a2296e,62514232,2026-08-07T00:16:08Z
0xdc3292aa993ccb85f07344c122e017b987986919,2,"3208,3210",0x0b012055f770ae7bb7a8303968a7fb6088a2296e,62514232,2026-08-07T00:16:08Z
0xdc16fb225b8297c79f4751ad760728050fe9a46c,2,"3846,3914",0x0b012055f770ae7bb7a8303968a7fb6088a2296e,62514232,2026-08-07T00:16:08Z
0xda87ffe29b943e3d2fc10e8015221b4367054f4a,2,"88,580",0x0b012055f770ae7bb7a8303968a7fb6088a2296e,62514232,2026-08-07T00:16:08Z
0xd9f3d4bb742af9feb8be2f629572e6baf09cc5cf,2,"2276,2350",0x0b012055f770ae7bb7a8303968a7fb6088a2296e,62514232,2026-08-07T00:16:08Z
0xd961f69fe6c039b108473c7c24f93947d0b2622e,2,"3213,3370",0x0b012055f770ae7bb7a8303968a7fb6088a2296e,62514232,2026-08-07T00:16:08Z
0xd9219ae9575d656a6c91bf830fe5282c36f42e8a,2,"4135,4138",0x0b012055f770ae7bb7a8303968a7fb6088a2296e,62514232,2026-08-07T00:16:08Z
0xd81b211d98f8dfec37c8c12132d3d4991c23386f,2,"345,354",0x0b012055f770ae7bb7a8303968a7fb6088a2296e,62514232,2026-08-07T00:16:08Z
0xd70c8953a1666604cb1e22f8db6e2e25b2912452,2,"692,882",0x0b012055f770ae7bb7a8303968a7fb6088a2296e,62514232,2026-08-07T00:16:08Z
0xd6c9179c6b27381c7c634dfe4f38c44324f28b4e,2,"1961,1971",0x0b012055f770ae7bb7a8303968a7fb6088a2296e,62514232,2026-08-07T00:16:08Z
0xd66164c4b658f3704b5caa67b33f07f3842ee063,2,"1680,1803",0x0b012055f770ae7bb7a8303968a7fb6088a2296e,62514232,2026-08-07T00:16:08Z
0xd5459ca680a84d557e25ddf90065f9d4d736df23,2,"4962,4963",0x0b012055f770ae7bb7a8303968a7fb6088a2296e,62514232,2026-08-07T00:16:08Z
0xd48afa232365ea18602de9ac7f94c0942a6e26c1,2,"2754,4220",0x0b012055f770ae7bb7a8303968a7fb6088a2296e,62514232,2026-08-07T00:16:08Z
0xd15a8a0bfedd1d8a1f2fead42fc9e8c75d848453,2,"1790,2169",0x0b012055f770ae7bb7a8303968a7fb6088a2296e,62514232,2026-08-07T00:16:08Z
0xd1336e491a1c5b196ed91d1fe4bccf372dad03f5,2,"1985,2270",0x0b012055f770ae7bb7a8303968a7fb6088a2296e,62514232,2026-08-07T00:16:08Z
0xd105d810fc136767f8f50a67b177b2fc472d08fd,2,"57,76",0x0b012055f770ae7bb7a8303968a7fb6088a2296e,62514232,2026-08-07T00:16:08Z
0xd02b89c08161eb10f1df8de37e9ee621d871b125,2,"1500,1509",0x0b012055f770ae7bb7a8303968a7fb6088a2296e,62514232,2026-08-07T00:16:08Z
0xcf0b86f9944a60a0ba22b51a33c11d9e4de1ce9f,2,"8540,8541",0x0b012055f770ae7bb7a8303968a7fb6088a2296e,62514232,2026-08-07T00:16:08Z
0xce7e79a934d6f4b7f390e2c6ecab0fee1d288c49,2,"1168,1360",0x0b012055f770ae7bb7a8303968a7fb6088a2296e,62514232,2026-08-07T00:16:08Z
0xc9ad053c365164fa2468f5101a691811f2f3f793,2,"2288,2312",0x0b012055f770ae7bb7a8303968a7fb6088a2296e,62514232,2026-08-07T00:16:08Z
0xc950dd5ecfad060ecdca659e86d40992249a123e,2,"8652,8655",0x0b012055f770ae7bb7a8303968a7fb6088a2296e,62514232,2026-08-07T00:16:08Z
0xc92eb08a96898ee60519b16fd31a6d466422a849,2,"1187,1280",0x0b012055f770ae7bb7a8303968a7fb6088a2296e,62514232,2026-08-07T00:16:08Z
0xc907feb7cd86e45ccaaa56a70c0a987df45b5a45,2,"2929,2930",0x0b012055f770ae7bb7a8303968a7fb6088a2296e,62514232,2026-08-07T00:16:08Z
0xc7177a8921f130078cee5ab430e336bcff303924,2,"2914,2923",0x0b012055f770ae7bb7a8303968a7fb6088a2296e,62514232,2026-08-07T00:16:08Z
0xc4f1a3b9400e0cb22c9187a449de55e2f92fc11b,2,"2627,2634",0x0b012055f770ae7bb7a8303968a7fb6088a2296e,62514232,2026-08-07T00:16:08Z
0xc42ae76d3116c50d17e017bcbacc045bf7142eba,2,"1254,1324",0x0b012055f770ae7bb7a8303968a7fb6088a2296e,62514232,2026-08-07T00:16:08Z
0xc2b82623ad438aa0cdecc9bb9f25aa4fe4dd10b5,2,"4369,4525",0x0b012055f770ae7bb7a8303968a7fb6088a2296e,62514232,2026-08-07T00:16:08Z
0xc288cef6db44f24cfc8098086f72e390888e42c7,2,"3043,3111",0x0b012055f770ae7bb7a8303968a7fb6088a2296e,62514232,2026-08-07T00:16:08Z
0xc24ceb49ae784fc95302c1152ecc8353e37e9ec9,2,"7487,7488",0x0b012055f770ae7bb7a8303968a7fb6088a2296e,62514232,2026-08-07T00:16:08Z
0xc1ccd3e37325c4215eec75feb0ec59f494e7ffd4,2,"3419,4034",0x0b012055f770ae7bb7a8303968a7fb6088a2296e,62514232,2026-08-07T00:16:08Z
0xc10c5a0b7e08894808f1572fe4f975127d7b45fc,2,"660,844",0x0b012055f770ae7bb7a8303968a7fb6088a2296e,62514232,2026-08-07T00:16:08Z
0xc0c68ff1be3c6fdbec6768da2f2d686a47acbc47,2,"3564,4038",0x0b012055f770ae7bb7a8303968a7fb6088a2296e,62514232,2026-08-07T00:16:08Z
0xc084bede87eb4337e7176578c4e2096797063a67,2,"782,4087",0x0b012055f770ae7bb7a8303968a7fb6088a2296e,62514232,2026-08-07T00:16:08Z
0xc0573131e8906d6f869a96d53559204bd0997b31,2,"595,626",0x0b012055f770ae7bb7a8303968a7fb6088a2296e,62514232,2026-08-07T00:16:08Z
0xc019722cb71418840b1f00f85b64a6932a97905a,2,"3912,3913",0x0b012055f770ae7bb7a8303968a7fb6088a2296e,62514232,2026-08-07T00:16:08Z
0xbf742413950fe55673a20e4217faec642826b0a6,2,"8361,8362",0x0b012055f770ae7bb7a8303968a7fb6088a2296e,62514232,2026-08-07T00:16:08Z
0xbe609c2a7f75725be2390e6cb922ed458d07aafd,2,"112,151",0x0b012055f770ae7bb7a8303968a7fb6088a2296e,62514232,2026-08-07T00:16:08Z
0xbd4713eab86029180770da858df526c7f2a51d2b,2,"6146,6147",0x0b012055f770ae7bb7a8303968a7fb6088a2296e,62514232,2026-08-07T00:16:08Z
0xbc4a8cf4e1e31f2d6037764644350592a1932e0a,2,"90,1227",0x0b012055f770ae7bb7a8303968a7fb6088a2296e,62514232,2026-08-07T00:16:08Z
0xbbe41fabc97c1ac26a18ac479499d7e0cb673f2c,2,"237,363",0x0b012055f770ae7bb7a8303968a7fb6088a2296e,62514232,2026-08-07T00:16:08Z
0xbad3476eb19786d70ab3d57137c2bbd3bfc42c66,2,"5180,5209",0x0b012055f770ae7bb7a8303968a7fb6088a2296e,62514232,2026-08-07T00:16:08Z
0xba8c2d40986bc357085d4d795daa090f56f1615b,2,"2655,2759",0x0b012055f770ae7bb7a8303968a7fb6088a2296e,62514232,2026-08-07T00:16:08Z
0xba8abcc3c50182fcd87e04f65029e0787e88bac4,2,"416,490",0x0b012055f770ae7bb7a8303968a7fb6088a2296e,62514232,2026-08-07T00:16:08Z
0xb935f90ab7be3b132eeaac137ac26c2d38c7b55a,2,"2997,3000",0x0b012055f770ae7bb7a8303968a7fb6088a2296e,62514232,2026-08-07T00:16:08Z
0xb8445ca92b6effc2495f14a543e4ba52e0b38aed,2,"7935,7936",0x0b012055f770ae7bb7a8303968a7fb6088a2296e,62514232,2026-08-07T00:16:08Z
0xb80b68ef5c07c3e9d69c38a8edad6d2d3f4afd05,2,"3362,3372",0x0b012055f770ae7bb7a8303968a7fb6088a2296e,62514232,2026-08-07T00:16:08Z
0xb7824c3f61f58655d7ece3200babce4fde02ea0e,2,"1895,1924",0x0b012055f770ae7bb7a8303968a7fb6088a2296e,62514232,2026-08-07T00:16:08Z
0xb7130b42b8c62e14fd614e91ab9c6c194040d9ab,2,"7773,8319",0x0b012055f770ae7bb7a8303968a7fb6088a2296e,62514232,2026-08-07T00:16:08Z
0xb38526d039db76f9826debcdce2a1dcb90ef8a97,2,"1789,1904",0x0b012055f770ae7bb7a8303968a7fb6088a2296e,62514232,2026-08-07T00:16:08Z
0xb1543920ac4598dad4865abc77fe6be1f8c3b32b,2,"4256,4257",0x0b012055f770ae7bb7a8303968a7fb6088a2296e,62514232,2026-08-07T00:16:08Z
0xb11073487d4b64fcdda9b886e9281721dde3b999,2,"7394,7395",0x0b012055f770ae7bb7a8303968a7fb6088a2296e,62514232,2026-08-07T00:16:08Z
0xaf79312eb821871208ac76a80c8e282f8796964e,2,"8234,8278",0x0b012055f770ae7bb7a8303968a7fb6088a2296e,62514232,2026-08-07T00:16:08Z
0xaf25e531ba6e2f01bf35b483f31dd7b0fed7a632,2,"2728,2739",0x0b012055f770ae7bb7a8303968a7fb6088a2296e,62514232,2026-08-07T00:16:08Z
0xaf22ba8bff84b9d6a03b8a5557620bea0d932b3b,2,"848,1783",0x0b012055f770ae7bb7a8303968a7fb6088a2296e,62514232,2026-08-07T00:16:08Z
0xaec661a58928e60f52976f1886cd27845789d90f,2,"343,549",0x0b012055f770ae7bb7a8303968a7fb6088a2296e,62514232,2026-08-07T00:16:08Z
0xae0c4291a9b0e67116e3ec2fbf8e039866388feb,2,"735,806",0x0b012055f770ae7bb7a8303968a7fb6088a2296e,62514232,2026-08-07T00:16:08Z
0xad28df9f0e5fc5a7a5b1a8312f67d88617d74e75,2,"821,847",0x0b012055f770ae7bb7a8303968a7fb6088a2296e,62514232,2026-08-07T00:16:08Z
0xabe2ca95d17e4f2391ae179e7c8039883874b7fc,2,"2911,4987",0x0b012055f770ae7bb7a8303968a7fb6088a2296e,62514232,2026-08-07T00:16:08Z
0xaaaf3b3b941d28884ecf4cd8f0ae2162dcab5e94,2,"3915,5847",0x0b012055f770ae7bb7a8303968a7fb6088a2296e,62514232,2026-08-07T00:16:08Z
0xaa643ca03967afb6310f21675721960a4c916d02,2,"3254,3315",0x0b012055f770ae7bb7a8303968a7fb6088a2296e,62514232,2026-08-07T00:16:08Z
0xa96c394a942d4b81d6fdefc91618776c19d1dbe0,2,"3290,3712",0x0b012055f770ae7bb7a8303968a7fb6088a2296e,62514232,2026-08-07T00:16:08Z
0xa8d78a089a826276688c8ea3c4417c74eba68f37,2,"3015,3226",0x0b012055f770ae7bb7a8303968a7fb6088a2296e,62514232,2026-08-07T00:16:08Z
0xa8d64c6aac3b1272aff0f09a590a0be903fe4c08,2,"3982,3987",0x0b012055f770ae7bb7a8303968a7fb6088a2296e,62514232,2026-08-07T00:16:08Z
0xa882b324edc95dbf15ab1368bdab1b4a72e349b9,2,"3400,3413",0x0b012055f770ae7bb7a8303968a7fb6088a2296e,62514232,2026-08-07T00:16:08Z
0xa7b69420589774dd2e3138d002507194a5201804,2,"1883,1884",0x0b012055f770ae7bb7a8303968a7fb6088a2296e,62514232,2026-08-07T00:16:08Z
0xa762cbb80463f7eb907672e3c6e98a45c4bed3ea,2,"1442,1448",0x0b012055f770ae7bb7a8303968a7fb6088a2296e,62514232,2026-08-07T00:16:08Z
0xa6b8bedbcc101722c118e4d10f44f1958ac1ff28,2,"1223,1316",0x0b012055f770ae7bb7a8303968a7fb6088a2296e,62514232,2026-08-07T00:16:08Z
0xa6a2d935363669ea08723798284bc3fcdc58f9cd,2,"361,383",0x0b012055f770ae7bb7a8303968a7fb6088a2296e,62514232,2026-08-07T00:16:08Z
0xa5576138f067eb83c6ad4080f3164b757deb2737,2,"7440,7441",0x0b012055f770ae7bb7a8303968a7fb6088a2296e,62514232,2026-08-07T00:16:08Z
0xa21dbd1729ffe30bf29000004c131ae3b8f9be59,2,"1540,1639",0x0b012055f770ae7bb7a8303968a7fb6088a2296e,62514232,2026-08-07T00:16:08Z
0xa1fd0fbb6dd3cfc10b2c3798813df178c632c37a,2,"1034,2683",0x0b012055f770ae7bb7a8303968a7fb6088a2296e,62514232,2026-08-07T00:16:08Z
0xa147851e89fc5a505ca1122bccd9f01058b4afb7,2,"198,245",0x0b012055f770ae7bb7a8303968a7fb6088a2296e,62514232,2026-08-07T00:16:08Z
0xa0fb39a7a98b7b6d1ff7d101040bd6bbb1473d75,2,"1523,2716",0x0b012055f770ae7bb7a8303968a7fb6088a2296e,62514232,2026-08-07T00:16:08Z
0xa0914d329abd81ff6ace802a1615b8120f69e117,2,"1026,1059",0x0b012055f770ae7bb7a8303968a7fb6088a2296e,62514232,2026-08-07T00:16:08Z
0x9e28981c9cff3be242d8882549c42fe6d6d1d80b,2,"3670,3671",0x0b012055f770ae7bb7a8303968a7fb6088a2296e,62514232,2026-08-07T00:16:08Z
0x9d7c3cd6325c7cb762d19416ca548d68fd6eb1a9,2,"386,509",0x0b012055f770ae7bb7a8303968a7fb6088a2296e,62514232,2026-08-07T00:16:08Z
0x9cbf099ff424979439dfba03f00b5961784c06ce,2,"3050,3065",0x0b012055f770ae7bb7a8303968a7fb6088a2296e,62514232,2026-08-07T00:16:08Z
0x9acf8d0315094d33aa6875b673eb126483c3a2c0,2,"278,291",0x0b012055f770ae7bb7a8303968a7fb6088a2296e,62514232,2026-08-07T00:16:08Z
0x9a43005c86d180fb873983b61fec5e3977f8f013,2,"3217,3224",0x0b012055f770ae7bb7a8303968a7fb6088a2296e,62514232,2026-08-07T00:16:08Z
0x9999937f5cecfea7c2590c42e8d849cf2a26a754,2,"1371,1385",0x0b012055f770ae7bb7a8303968a7fb6088a2296e,62514232,2026-08-07T00:16:08Z
0x985584a24a753e467c557bf6eed5dc0ea26cefa4,2,"4733,4808",0x0b012055f770ae7bb7a8303968a7fb6088a2296e,62514232,2026-08-07T00:16:08Z
0x9772fedc43123a6efbd1965617d0e079de2689e4,2,"3703,3749",0x0b012055f770ae7bb7a8303968a7fb6088a2296e,62514232,2026-08-07T00:16:08Z
0x973a783d79fd380309f3ccfc1f4ef9f21fcf6c0c,2,"3731,3819",0x0b012055f770ae7bb7a8303968a7fb6088a2296e,62514232,2026-08-07T00:16:08Z
0x96b9d9a5cfe8c572def7588d31f7921138794e24,2,"4079,4081",0x0b012055f770ae7bb7a8303968a7fb6088a2296e,62514232,2026-08-07T00:16:08Z
0x938efbffe4250478acb48a0054d168ec6286c320,2,"8055,8058",0x0b012055f770ae7bb7a8303968a7fb6088a2296e,62514232,2026-08-07T00:16:08Z
0x9306d876bf751b524d993af77894d0f9829bf52f,2,"179,222",0x0b012055f770ae7bb7a8303968a7fb6088a2296e,62514232,2026-08-07T00:16:08Z
0x92c3b684aac4573f39177ef552da0152bb6614ca,2,"835,912",0x0b012055f770ae7bb7a8303968a7fb6088a2296e,62514232,2026-08-07T00:16:08Z
0x9177eb417cd0f2ccd2662e1879af1c67e1d2779c,2,"2769,4214",0x0b012055f770ae7bb7a8303968a7fb6088a2296e,62514232,2026-08-07T00:16:08Z
0x910164aa65abd7eeb242cecaad26f812abde3ae1,2,"492,510",0x0b012055f770ae7bb7a8303968a7fb6088a2296e,62514232,2026-08-07T00:16:08Z
0x9076336f0a9ba9af561660e3ecf4e9549e33e2e8,2,"947,1008",0x0b012055f770ae7bb7a8303968a7fb6088a2296e,62514232,2026-08-07T00:16:08Z
0x8dfaf2230879203864b25214bedd29ab6cb50a3c,2,"1173,2062",0x0b012055f770ae7bb7a8303968a7fb6088a2296e,62514232,2026-08-07T00:16:08Z
0x8de3c3891268502f77db7e876d727257dec0f852,2,"6436,7129",0x0b012055f770ae7bb7a8303968a7fb6088a2296e,62514232,2026-08-07T00:16:08Z
0x8b23bad052d4a4a1d6a4e72ac5d183c90d41f535,2,"136,206",0x0b012055f770ae7bb7a8303968a7fb6088a2296e,62514232,2026-08-07T00:16:08Z
0x8b1b08dcc50d0c4b07de39641fd936e8c37b1230,2,"2122,2215",0x0b012055f770ae7bb7a8303968a7fb6088a2296e,62514232,2026-08-07T00:16:08Z
0x88ee8692adfc54798c2190c1e68612f75ab15618,2,"3398,3401",0x0b012055f770ae7bb7a8303968a7fb6088a2296e,62514232,2026-08-07T00:16:08Z
0x88899f68f353f6e149483fd6b66dfa12a0a3c9d4,2,"1553,1679",0x0b012055f770ae7bb7a8303968a7fb6088a2296e,62514232,2026-08-07T00:16:08Z
0x871120c63459f6cda0586b84ad7e4631487f02e6,2,"3092,4174",0x0b012055f770ae7bb7a8303968a7fb6088a2296e,62514232,2026-08-07T00:16:08Z
0x86eb2f41ae9d18f771ead68c946eee8446f9b977,2,"3212,3256",0x0b012055f770ae7bb7a8303968a7fb6088a2296e,62514232,2026-08-07T00:16:08Z
0x86c0a5f7f6a3706cd2750e586af4cabcfe77a1be,2,"7838,7839",0x0b012055f770ae7bb7a8303968a7fb6088a2296e,62514232,2026-08-07T00:16:08Z
0x84e4e8e4a2d7302ea0cebd636c75d705a94df3c1,2,"6224,6225",0x0b012055f770ae7bb7a8303968a7fb6088a2296e,62514232,2026-08-07T00:16:08Z
0x84d55d12384653d9e701f8eb74c60ee9140a67b5,2,"5410,5411",0x0b012055f770ae7bb7a8303968a7fb6088a2296e,62514232,2026-08-07T00:16:08Z
0x84cfecd3e610b2f0de16a64293a6c423c0ec0a14,2,"2008,2024",0x0b012055f770ae7bb7a8303968a7fb6088a2296e,62514232,2026-08-07T00:16:08Z
0x8462a5902ed85194937bd7def6de1ee532927002,2,"4113,4114",0x0b012055f770ae7bb7a8303968a7fb6088a2296e,62514232,2026-08-07T00:16:08Z
0x840c901bd39a97f44a3c7e1ca4de3cffef082d66,2,"1288,1303",0x0b012055f770ae7bb7a8303968a7fb6088a2296e,62514232,2026-08-07T00:16:08Z
0x83df0c89b35fb861aa71c061275645d0ece76c76,2,"93,105",0x0b012055f770ae7bb7a8303968a7fb6088a2296e,62514232,2026-08-07T00:16:08Z
0x838cbcd45cb83b5522a8c0af0ec3bb40a5f23db4,2,"652,822",0x0b012055f770ae7bb7a8303968a7fb6088a2296e,62514232,2026-08-07T00:16:08Z
0x831fe0debda222ccb2942344ff074c7662f8fb4c,2,"254,1934",0x0b012055f770ae7bb7a8303968a7fb6088a2296e,62514232,2026-08-07T00:16:08Z
0x83132e8f93920b2dee5c4297513c6b0ec09279de,2,"8369,8370",0x0b012055f770ae7bb7a8303968a7fb6088a2296e,62514232,2026-08-07T00:16:08Z
0x82f40995c74ad07bc3fe78ec5d6493d7c0fc84e1,2,"3181,3182",0x0b012055f770ae7bb7a8303968a7fb6088a2296e,62514232,2026-08-07T00:16:08Z
0x81029eac5838c040fa2abbd61be175a9992a4633,2,"860,876",0x0b012055f770ae7bb7a8303968a7fb6088a2296e,62514232,2026-08-07T00:16:08Z
0x804a4dda4dc81b458f5142330563fdcefe604b4f,2,"797,921",0x0b012055f770ae7bb7a8303968a7fb6088a2296e,62514232,2026-08-07T00:16:08Z
0x7e43250f391db86c6283b130b254bc2ae5eccaf5,2,"8232,8233",0x0b012055f770ae7bb7a8303968a7fb6088a2296e,62514232,2026-08-07T00:16:08Z
0x7d2d405d2861416cba7342f27886011d88888888,2,"3494,3838",0x0b012055f770ae7bb7a8303968a7fb6088a2296e,62514232,2026-08-07T00:16:08Z
0x7d0fdf6037f434a64db23e89185d2bc4a4f18dfa,2,"2319,2323",0x0b012055f770ae7bb7a8303968a7fb6088a2296e,62514232,2026-08-07T00:16:08Z
0x7ab4ecec18d08a98ea4c032944490ec0a1f1a68a,2,"4447,4506",0x0b012055f770ae7bb7a8303968a7fb6088a2296e,62514232,2026-08-07T00:16:08Z
0x7ab4ad172b1c2d2b2cb68d86182003b840515407,2,"568,602",0x0b012055f770ae7bb7a8303968a7fb6088a2296e,62514232,2026-08-07T00:16:08Z
0x7a505df95aac78f142ca98cecd771d3c398b4b71,2,"2717,2720",0x0b012055f770ae7bb7a8303968a7fb6088a2296e,62514232,2026-08-07T00:16:08Z
0x7999c5555a42b9b02ffcd1fd8044af63fe367f5a,2,"7829,7937",0x0b012055f770ae7bb7a8303968a7fb6088a2296e,62514232,2026-08-07T00:16:08Z
0x798e8c5856d4e95fbe2063641c2b65772810d8f7,2,"68,186",0x0b012055f770ae7bb7a8303968a7fb6088a2296e,62514232,2026-08-07T00:16:08Z
0x795cb9934dd6e884b4e55c6238442ae8a777bed1,2,"6214,6215",0x0b012055f770ae7bb7a8303968a7fb6088a2296e,62514232,2026-08-07T00:16:08Z
0x78e8dff3b4df6a3a28c542f405ca9a371544fa76,2,"2519,2540",0x0b012055f770ae7bb7a8303968a7fb6088a2296e,62514232,2026-08-07T00:16:08Z
0x771bed99c18f6003b1736a70f11939add2aa0842,2,"415,443",0x0b012055f770ae7bb7a8303968a7fb6088a2296e,62514232,2026-08-07T00:16:08Z
0x75f2663a5e6820c2edaf3efb8848e6bfee869488,2,"294,306",0x0b012055f770ae7bb7a8303968a7fb6088a2296e,62514232,2026-08-07T00:16:08Z
0x7543d6ac4a2be0d35fcd0b5a0b5911a2434eba60,2,"7808,7809",0x0b012055f770ae7bb7a8303968a7fb6088a2296e,62514232,2026-08-07T00:16:08Z
0x6fdeacac0283e5f5bb2d21ee2b8eee3441c1c198,2,"3316,3318",0x0b012055f770ae7bb7a8303968a7fb6088a2296e,62514232,2026-08-07T00:16:08Z
0x6fce63859a859a0f30ed09b12f5010d790618ca4,2,"2049,2078",0x0b012055f770ae7bb7a8303968a7fb6088a2296e,62514232,2026-08-07T00:16:08Z
0x6f993d3ae0fbe1022d8a9496ebd343ff9bf1079e,2,"87,663",0x0b012055f770ae7bb7a8303968a7fb6088a2296e,62514232,2026-08-07T00:16:08Z
0x6f9160ae800e196cb3ad56f5cf3c638754862cb1,2,"8434,8438",0x0b012055f770ae7bb7a8303968a7fb6088a2296e,62514232,2026-08-07T00:16:08Z
0x6f35aaf4e56dc0e908519addbd33870ded8e5d98,2,"295,320",0x0b012055f770ae7bb7a8303968a7fb6088a2296e,62514232,2026-08-07T00:16:08Z
0x6da10463f51e105ac3d15a8c4f13e1f1032efb99,2,"2098,2639",0x0b012055f770ae7bb7a8303968a7fb6088a2296e,62514232,2026-08-07T00:16:08Z
0x6d0d0c22f65e0261769d81c63636473ea45c8e65,2,"205,483",0x0b012055f770ae7bb7a8303968a7fb6088a2296e,62514232,2026-08-07T00:16:08Z
0x6ce44e1040096f92d899f4b155f8b45b77f29ffe,2,"8414,8416",0x0b012055f770ae7bb7a8303968a7fb6088a2296e,62514232,2026-08-07T00:16:08Z
0x6c369cce8537325df2d61a3bb955d431cd8ab39d,2,"1996,2553",0x0b012055f770ae7bb7a8303968a7fb6088a2296e,62514232,2026-08-07T00:16:08Z
0x6aeffea7324581ded92d246810ad5f9703c3ed0f,2,"2106,2112",0x0b012055f770ae7bb7a8303968a7fb6088a2296e,62514232,2026-08-07T00:16:08Z
0x6a2983546f54ff029bf5b3ef1c223b8be222a2be,2,"1477,1483",0x0b012055f770ae7bb7a8303968a7fb6088a2296e,62514232,2026-08-07T00:16:08Z
0x6a27cbc66dbea8b30f3ebee53855c7808d79cb5b,2,"3399,3422",0x0b012055f770ae7bb7a8303968a7fb6088a2296e,62514232,2026-08-07T00:16:08Z
0x6a25aa31964f7f6daea0e46c650b241682b445ea,2,"515,565",0x0b012055f770ae7bb7a8303968a7fb6088a2296e,62514232,2026-08-07T00:16:08Z
0x68b5060fd31627859656e6dba9340deaf2b6f4ff,2,"1992,2000",0x0b012055f770ae7bb7a8303968a7fb6088a2296e,62514232,2026-08-07T00:16:08Z
0x6841a994eff134bd8b5b211c8c25bef0e66e3e80,2,"647,753",0x0b012055f770ae7bb7a8303968a7fb6088a2296e,62514232,2026-08-07T00:16:08Z
0x6809b801a6e483a44720b9f0b009f1efd43b1a4c,2,"2094,2100",0x0b012055f770ae7bb7a8303968a7fb6088a2296e,62514232,2026-08-07T00:16:08Z
0x67e30ec4c8dfe09dddfc43ac1dc5a9eb3ddd5b4c,2,"9,228",0x0b012055f770ae7bb7a8303968a7fb6088a2296e,62514232,2026-08-07T00:16:08Z
0x6710bc44b7554ad848dd33fb99516feb29f6ee17,2,"36,37",0x0b012055f770ae7bb7a8303968a7fb6088a2296e,62514232,2026-08-07T00:16:08Z
0x66b6965c3e3871f4f8a30231dfae17b31f1b805f,2,"1650,1768",0x0b012055f770ae7bb7a8303968a7fb6088a2296e,62514232,2026-08-07T00:16:08Z
0x65e9747508a9c7ee9675d6a238521b97c3948cd8,2,"91,227",0x0b012055f770ae7bb7a8303968a7fb6088a2296e,62514232,2026-08-07T00:16:08Z
0x65268d4fb73544b6056fa4f4bf20fc90e0b12a80,2,"7361,7611",0x0b012055f770ae7bb7a8303968a7fb6088a2296e,62514232,2026-08-07T00:16:08Z
0x635b598e044c1b623b96b07aa4f7edfa0b66794a,2,"1314,1332",0x0b012055f770ae7bb7a8303968a7fb6088a2296e,62514232,2026-08-07T00:16:08Z
0x62c989bdaaedc2078f3ed396a26a323cbcf1a57c,2,"189,280",0x0b012055f770ae7bb7a8303968a7fb6088a2296e,62514232,2026-08-07T00:16:08Z
0x62bc6244b8d94bc724f3b2a35f1a8f089ba71fba,2,"1843,2133",0x0b012055f770ae7bb7a8303968a7fb6088a2296e,62514232,2026-08-07T00:16:08Z
0x61e0841d103d77325e7743d1ff7117efe7c2c9f6,2,"385,693",0x0b012055f770ae7bb7a8303968a7fb6088a2296e,62514232,2026-08-07T00:16:08Z
0x5dea3e7476dbaf72b17ad7b407045e8ef0c13867,2,"2895,3239",0x0b012055f770ae7bb7a8303968a7fb6088a2296e,62514232,2026-08-07T00:16:08Z
0x5c2f741f0ac4ee5fc470e51f8edf115fcd47aaaa,2,"3743,4233",0x0b012055f770ae7bb7a8303968a7fb6088a2296e,62514232,2026-08-07T00:16:08Z
0x5bd593c29ced587ee5c6a51194203b38cdb34ac6,2,"2199,2211",0x0b012055f770ae7bb7a8303968a7fb6088a2296e,62514232,2026-08-07T00:16:08Z
0x564353cf36b47c84d4b44c46e7a04f945e6b5f15,2,"141,993",0x0b012055f770ae7bb7a8303968a7fb6088a2296e,62514232,2026-08-07T00:16:08Z
0x54cec34481136869cb3c97f944780257e1a47e80,2,"2131,2140",0x0b012055f770ae7bb7a8303968a7fb6088a2296e,62514232,2026-08-07T00:16:08Z
0x5388a7f24e86c9c9d855a98c2f5a339afa6a3acc,2,"935,1142",0x0b012055f770ae7bb7a8303968a7fb6088a2296e,62514232,2026-08-07T00:16:08Z
0x534e2d282c572171ed3fdf6ee3692b19320184a5,2,"3425,3528",0x0b012055f770ae7bb7a8303968a7fb6088a2296e,62514232,2026-08-07T00:16:08Z
0x50b07f6a2eb6a2b60079bbd729730f86b7af2c96,2,"1110,4237",0x0b012055f770ae7bb7a8303968a7fb6088a2296e,62514232,2026-08-07T00:16:08Z
0x50abf4edfdbf8471d230aea4f09241bb63c0be85,2,"1865,1894",0x0b012055f770ae7bb7a8303968a7fb6088a2296e,62514232,2026-08-07T00:16:08Z
0x50596823c4061f26a926d42d6079c0600f3e24e7,2,"67,204",0x0b012055f770ae7bb7a8303968a7fb6088a2296e,62514232,2026-08-07T00:16:08Z
0x4ffd0a59a26cb2aa76d403215e4cc2845c053994,2,"3615,6002",0x0b012055f770ae7bb7a8303968a7fb6088a2296e,62514232,2026-08-07T00:16:08Z
0x4f618e290e4766ee1cc2c78500d950c42318a63d,2,"1333,1355",0x0b012055f770ae7bb7a8303968a7fb6088a2296e,62514232,2026-08-07T00:16:08Z
0x4dfe95ac0ddd18c672ce3a342860083b2217507f,2,"2825,3103",0x0b012055f770ae7bb7a8303968a7fb6088a2296e,62514232,2026-08-07T00:16:08Z
0x4dfd1688ec88704e0d43976c58c34dcdb12ab55c,2,"3418,4421",0x0b012055f770ae7bb7a8303968a7fb6088a2296e,62514232,2026-08-07T00:16:08Z
0x4dfc9a43ec0d31aa4fd673c602fc6435cf4150fc,2,"299,411",0x0b012055f770ae7bb7a8303968a7fb6088a2296e,62514232,2026-08-07T00:16:08Z
0x4bb9f7691bc35e0e0cc91bf5715305a2dd26aa44,2,"283,478",0x0b012055f770ae7bb7a8303968a7fb6088a2296e,62514232,2026-08-07T00:16:08Z
0x4a92f9c1947e090252918b2d0a52e2efb7ccca6d,2,"2084,2166",0x0b012055f770ae7bb7a8303968a7fb6088a2296e,62514232,2026-08-07T00:16:08Z
0x4a4eae6b3246fa1768a9cb54609ed4903278858d,2,"1676,1727",0x0b012055f770ae7bb7a8303968a7fb6088a2296e,62514232,2026-08-07T00:16:08Z
0x4a127200491093c766670773c773595ca441798f,2,"1027,1038",0x0b012055f770ae7bb7a8303968a7fb6088a2296e,62514232,2026-08-07T00:16:08Z
0x49fe4429f3d62891bdfe8621e30565d1ae9be5d1,2,"1290,1327",0x0b012055f770ae7bb7a8303968a7fb6088a2296e,62514232,2026-08-07T00:16:08Z
0x4996eeaec1928f8a63c188080525e717ec5c93c4,2,"1871,1874",0x0b012055f770ae7bb7a8303968a7fb6088a2296e,62514232,2026-08-07T00:16:08Z
0x483b7726c994d9aa43f09c89961ab9be6e6d8e16,2,"262,281",0x0b012055f770ae7bb7a8303968a7fb6088a2296e,62514232,2026-08-07T00:16:08Z
0x410017cec5fc21bab01ec6cc694cf8c375384104,2,"3379,4188",0x0b012055f770ae7bb7a8303968a7fb6088a2296e,62514232,2026-08-07T00:16:08Z
0x3e5bf427df0ba7a4e48b7cdf164d00363cc56b88,2,"3280,3285",0x0b012055f770ae7bb7a8303968a7fb6088a2296e,62514232,2026-08-07T00:16:08Z
0x3dd7e64653cee7d9e1654f6b0e0adb62480bfb60,2,"6761,6866",0x0b012055f770ae7bb7a8303968a7fb6088a2296e,62514232,2026-08-07T00:16:08Z
0x3d879e33191c181f42724366a5d4a80602b4f825,2,"7423,7437",0x0b012055f770ae7bb7a8303968a7fb6088a2296e,62514232,2026-08-07T00:16:08Z
0x3d247eaeb731fb3446f629d91fb1b4666c50b235,2,"3142,3170",0x0b012055f770ae7bb7a8303968a7fb6088a2296e,62514232,2026-08-07T00:16:08Z
0x3b9c66f9ae1d3f99ef155c7e8e78e8d9ff5def7f,2,"7902,7903",0x0b012055f770ae7bb7a8303968a7fb6088a2296e,62514232,2026-08-07T00:16:08Z
0x3b52de48a9457cd662485dc5e7971e02e9c2bee1,2,"6151,6172",0x0b012055f770ae7bb7a8303968a7fb6088a2296e,62514232,2026-08-07T00:16:08Z
0x3b259a4d129f4ddbeba62adddcdfd5fbc5ef4175,2,"1358,2453",0x0b012055f770ae7bb7a8303968a7fb6088a2296e,62514232,2026-08-07T00:16:08Z
0x39c751917f18a963a5d614919e4bddcbee4b2b9e,2,"2167,2174",0x0b012055f770ae7bb7a8303968a7fb6088a2296e,62514232,2026-08-07T00:16:08Z
0x399fd0801d664119ef7583e997add469566b3a98,2,"3286,3293",0x0b012055f770ae7bb7a8303968a7fb6088a2296e,62514232,2026-08-07T00:16:08Z
0x379c3edd73508ea1291f32e7fc7f27f279dc94f1,2,"1326,1562",0x0b012055f770ae7bb7a8303968a7fb6088a2296e,62514232,2026-08-07T00:16:08Z
0x3720929c1f208134abba1b7f9e6e0c920929d768,2,"3503,3527",0x0b012055f770ae7bb7a8303968a7fb6088a2296e,62514232,2026-08-07T00:16:08Z
0x371f6f95e790e591566dfbc28034147355e2b18a,2,"5075,5076",0x0b012055f770ae7bb7a8303968a7fb6088a2296e,62514232,2026-08-07T00:16:08Z
0x3708dacc7195375d20aa2ccbc2b6846c0c128a77,2,"3601,3603",0x0b012055f770ae7bb7a8303968a7fb6088a2296e,62514232,2026-08-07T00:16:08Z
0x368a923dcb3550513710563fc80bb45a6cdbff2e,2,"284,304",0x0b012055f770ae7bb7a8303968a7fb6088a2296e,62514232,2026-08-07T00:16:08Z
0x360a2fc42e705a51d37c90ca772a5840750aa76b,2,"982,1004",0x0b012055f770ae7bb7a8303968a7fb6088a2296e,62514232,2026-08-07T00:16:08Z
0x358a977754b0a8be90c5260df549b309db5bba58,2,"7714,8273",0x0b012055f770ae7bb7a8303968a7fb6088a2296e,62514232,2026-08-07T00:16:08Z
0x352855b093c3f9e0faa85f512058585c3101edbb,2,"2939,3274",0x0b012055f770ae7bb7a8303968a7fb6088a2296e,62514232,2026-08-07T00:16:08Z
0x3194770e03ec3b0ebeaa7eb93b01290a85acc905,2,"783,1126",0x0b012055f770ae7bb7a8303968a7fb6088a2296e,62514232,2026-08-07T00:16:08Z
0x3117a747fdefc095146ac4735d0a3e245022ee04,2,"462,995",0x0b012055f770ae7bb7a8303968a7fb6088a2296e,62514232,2026-08-07T00:16:08Z
0x310b7d1d1b38afd0bc37c96a997e8d1605c0f8dd,2,"1988,2050",0x0b012055f770ae7bb7a8303968a7fb6088a2296e,62514232,2026-08-07T00:16:08Z
0x308ff48fc1542469e8493237b8c5613c2a49f706,2,"8323,8358",0x0b012055f770ae7bb7a8303968a7fb6088a2296e,62514232,2026-08-07T00:16:08Z
0x300a799c0afd436d59e3ca279939aa793878cda8,2,"5991,6030",0x0b012055f770ae7bb7a8303968a7fb6088a2296e,62514232,2026-08-07T00:16:08Z
0x2fc0c4824f2d1b1a3b6ed481387f7ea8c7bcbb2c,2,"2905,3506",0x0b012055f770ae7bb7a8303968a7fb6088a2296e,62514232,2026-08-07T00:16:08Z
0x2ea36fd0332de428d31687b6ee76502d0594164e,2,"11,14",0x0b012055f770ae7bb7a8303968a7fb6088a2296e,62514232,2026-08-07T00:16:08Z
0x2e903d666b07e26dfb73382a068b5c7c9392132c,2,"517,721",0x0b012055f770ae7bb7a8303968a7fb6088a2296e,62514232,2026-08-07T00:16:08Z
0x2e4992d4c334104543925a47c21e9474df464932,2,"4258,4364",0x0b012055f770ae7bb7a8303968a7fb6088a2296e,62514232,2026-08-07T00:16:08Z
0x2c3311bbf93300a199eb7ae6777ab24fc651e946,2,"8670,8671",0x0b012055f770ae7bb7a8303968a7fb6088a2296e,62514232,2026-08-07T00:16:08Z
0x2bca1582ce551d17101314fb199162c15f951506,2,"5359,5377",0x0b012055f770ae7bb7a8303968a7fb6088a2296e,62514232,2026-08-07T00:16:08Z
0x2b1cc49b595a50002175a8467886369e326932b0,2,"8204,8266",0x0b012055f770ae7bb7a8303968a7fb6088a2296e,62514232,2026-08-07T00:16:08Z
0x2a28ea1f5be7e0f2374362c0f7ee4ecf7884c5a3,2,"2013,4020",0x0b012055f770ae7bb7a8303968a7fb6088a2296e,62514232,2026-08-07T00:16:08Z
0x2a06913d5b8748b222e1236768c24ca19198b374,2,"7883,7884",0x0b012055f770ae7bb7a8303968a7fb6088a2296e,62514232,2026-08-07T00:16:08Z
0x2975624d0fbe4e05e99bce42c5052dc883498cdd,2,"1920,1964",0x0b012055f770ae7bb7a8303968a7fb6088a2296e,62514232,2026-08-07T00:16:08Z
0x28db0edaccdcc6d750aff9b976e8c2bb0557cdc4,2,"4635,4889",0x0b012055f770ae7bb7a8303968a7fb6088a2296e,62514232,2026-08-07T00:16:08Z
0x28bcee44db549d78951b97f759eb86572e5ebcd4,2,"2291,2725",0x0b012055f770ae7bb7a8303968a7fb6088a2296e,62514232,2026-08-07T00:16:08Z
0x26a19a1954a7cdd3e05aad6759784921bf6d4237,2,"1143,1232",0x0b012055f770ae7bb7a8303968a7fb6088a2296e,62514232,2026-08-07T00:16:08Z
0x2524059d4c3c9aa29f98831963785e9020739256,2,"3263,3291",0x0b012055f770ae7bb7a8303968a7fb6088a2296e,62514232,2026-08-07T00:16:08Z
0x24df2c35de1197ab33437c372ea8bc2fbc50d9e7,2,"177,3697",0x0b012055f770ae7bb7a8303968a7fb6088a2296e,62514232,2026-08-07T00:16:08Z
0x231304b170c55c74e0a79bb6bf397adb3a9da373,2,"1504,8120",0x0b012055f770ae7bb7a8303968a7fb6088a2296e,62514232,2026-08-07T00:16:08Z
0x230e97d388a552094d560ac6e485f02c06dc5de9,2,"596,650",0x0b012055f770ae7bb7a8303968a7fb6088a2296e,62514232,2026-08-07T00:16:08Z
0x2279122cc80b30b77acfcf07ae304bfa8186c51f,2,"2181,2190",0x0b012055f770ae7bb7a8303968a7fb6088a2296e,62514232,2026-08-07T00:16:08Z
0x2155a09b2085a84a807629f14835cb909fc44c7a,2,"4185,4284",0x0b012055f770ae7bb7a8303968a7fb6088a2296e,62514232,2026-08-07T00:16:08Z
0x1f2218cfcd0702f6bfcdacece1972f97dc792656,2,"7850,8368",0x0b012055f770ae7bb7a8303968a7fb6088a2296e,62514232,2026-08-07T00:16:08Z
0x1f14b4c839fa46aee4d4b1f8dae69cb7c26ca53e,2,"1892,1922",0x0b012055f770ae7bb7a8303968a7fb6088a2296e,62514232,2026-08-07T00:16:08Z
0x1e3fc3c558f4db29d99d26b50c4263afd2a7815b,2,"2231,2233",0x0b012055f770ae7bb7a8303968a7fb6088a2296e,62514232,2026-08-07T00:16:08Z
0x1e0d047d9e2370792cb3b07d6f6cf359c5033a1c,2,"617,649",0x0b012055f770ae7bb7a8303968a7fb6088a2296e,62514232,2026-08-07T00:16:08Z
0x1b19265167d102a4245a45d2a02c91408e227c0a,2,"1035,2145",0x0b012055f770ae7bb7a8303968a7fb6088a2296e,62514232,2026-08-07T00:16:08Z
0x195bbdc4a43e808a0fd07e56832262e3b1dad861,2,"7710,7740",0x0b012055f770ae7bb7a8303968a7fb6088a2296e,62514232,2026-08-07T00:16:08Z
0x19251587f1860f07ac95cd56f7a884e084a483a9,2,"8522,8523",0x0b012055f770ae7bb7a8303968a7fb6088a2296e,62514232,2026-08-07T00:16:08Z
0x18aaa625d6442e5789fa8fb5501abd8b96253b27,2,"8645,8646",0x0b012055f770ae7bb7a8303968a7fb6088a2296e,62514232,2026-08-07T00:16:08Z
0x17f0e00647f2e5136ca21ee99cf36d9970e9373a,2,"2127,2367",0x0b012055f770ae7bb7a8303968a7fb6088a2296e,62514232,2026-08-07T00:16:08Z
0x178d10e5845f35967a9385819a6402006620aa6f,2,"2872,2897",0x0b012055f770ae7bb7a8303968a7fb6088a2296e,62514232,2026-08-07T00:16:08Z
0x1587c94817bfaa7172f6c82e03bb2ac3a5ad6102,2,"5216,5219",0x0b012055f770ae7bb7a8303968a7fb6088a2296e,62514232,2026-08-07T00:16:08Z
0x14f2c87257f229f0e2fe9cb8e38bd7eb00ac5f0c,2,"75,185",0x0b012055f770ae7bb7a8303968a7fb6088a2296e,62514232,2026-08-07T00:16:08Z
0x134de1f16078cc7b2bf1a6d965000b88d01fa9cc,2,"3086,3089",0x0b012055f770ae7bb7a8303968a7fb6088a2296e,62514232,2026-08-07T00:16:08Z
0x131755c1a8f5339282e843a2f359c38b394f2442,2,"115,139",0x0b012055f770ae7bb7a8303968a7fb6088a2296e,62514232,2026-08-07T00:16:08Z
0x12ac515fe67180855a8ded39ea9810e5132d7055,2,"450,736",0x0b012055f770ae7bb7a8303968a7fb6088a2296e,62514232,2026-08-07T00:16:08Z
0x1148ef7c502f2522944e04afb60e5935ed61c5f8,2,"338,770",0x0b012055f770ae7bb7a8303968a7fb6088a2296e,62514232,2026-08-07T00:16:08Z
0x10ff32b439c6e2cdf8ffb87e65119008ee346554,2,"3244,3245",0x0b012055f770ae7bb7a8303968a7fb6088a2296e,62514232,2026-08-07T00:16:08Z
0x10be62d6cf64c21a0d03fa340533ce8d800bab9f,2,"2785,2835",0x0b012055f770ae7bb7a8303968a7fb6088a2296e,62514232,2026-08-07T00:16:08Z
0x104d86705c46e9422b803af522b43809f1c8e4e9,2,"2168,2170",0x0b012055f770ae7bb7a8303968a7fb6088a2296e,62514232,2026-08-07T00:16:08Z
0x0dd9c632542bddceb43ac4d3334e3f93b342778b,2,"8630,8661",0x0b012055f770ae7bb7a8303968a7fb6088a2296e,62514232,2026-08-07T00:16:08Z
0x0dc971dde73dd89b9c983febc6bf307444d04ced,2,"3272,3890",0x0b012055f770ae7bb7a8303968a7fb6088a2296e,62514232,2026-08-07T00:16:08Z
0x0dbebbf31bf9012676d11356ded9e1a8496eefd9,2,"130,167",0x0b012055f770ae7bb7a8303968a7fb6088a2296e,62514232,2026-08-07T00:16:08Z
0x0c6f790c1ed03894ac29e40bdf06b8ef3511a19b,2,"3768,3769",0x0b012055f770ae7bb7a8303968a7fb6088a2296e,62514232,2026-08-07T00:16:08Z
0x0bfe2fc6f358088b6ab19946e62d5cd44abd542f,2,"5294,5307",0x0b012055f770ae7bb7a8303968a7fb6088a2296e,62514232,2026-08-07T00:16:08Z
0x0be5986ab5a6c82805da129d4387e90e1e449ab2,2,"8440,8643",0x0b012055f770ae7bb7a8303968a7fb6088a2296e,62514232,2026-08-07T00:16:08Z
0x0931523829376ca2fc73d9a5680cdea041607057,2,"2861,4563",0x0b012055f770ae7bb7a8303968a7fb6088a2296e,62514232,2026-08-07T00:16:08Z
0x08b99223d27e5895645491b25f87ad592af5e21f,2,"3055,4078",0x0b012055f770ae7bb7a8303968a7fb6088a2296e,62514232,2026-08-07T00:16:08Z
0x06fadcb3404ca188c6e17939032681df81f254a8,2,"3801,3802",0x0b012055f770ae7bb7a8303968a7fb6088a2296e,62514232,2026-08-07T00:16:08Z
0x06aeee2920e746bd99dd73a295212fda6d666666,2,"33,1528",0x0b012055f770ae7bb7a8303968a7fb6088a2296e,62514232,2026-08-07T00:16:08Z
0x05c83944ac74f85c260369b39331ee51cc041d8a,2,"3554,7680",0x0b012055f770ae7bb7a8303968a7fb6088a2296e,62514232,2026-08-07T00:16:08Z
0x053b5ac05c40a4bb348a6047da6979dd34f2822d,2,"903,1850",0x0b012055f770ae7bb7a8303968a7fb6088a2296e,62514232,2026-08-07T00:16:08Z
0x04749b0f492b314c4c99af6e410f0c562b639977,2,"98,170",0x0b012055f770ae7bb7a8303968a7fb6088a2296e,62514232,2026-08-07T00:16:08Z
0x01e976267e8a77e16eab116f10acddbd3ca685a1,2,"3499,3546",0x0b012055f770ae7bb7a8303968a7fb6088a2296e,62514232,2026-08-07T00:16:08Z
0x01466b1c522a22e3a1b0f7d383c6decb77101761,2,"3590,3862",0x0b012055f770ae7bb7a8303968a7fb6088a2296e,62514232,2026-08-07T00:16:08Z
0x0038ae2d295330413b5c7a893948ae1994757970,2,"3738,6955",0x0b012055f770ae7bb7a8303968a7fb6088a2296e,62514232,2026-08-07T00:16:08Z
0x0000907441ca7000c37da9f374902f9efd9c61c7,2,"931,1030",0x0b012055f770ae7bb7a8303968a7fb6088a2296e,62514232,2026-08-07T00:16:08Z
0xff07146a45692665fa8a1027f88d3550bb93d754,1,3198,0x0b012055f770ae7bb7a8303968a7fb6088a2296e,62514232,2026-08-07T00:16:08Z
0xfee2a72b1df6a3b3c56ff768d07851c161415630,1,1213,0x0b012055f770ae7bb7a8303968a7fb6088a2296e,62514232,2026-08-07T00:16:08Z
0xfeba5a82416a5aad1ce51c7f0f8a3a0368829f67,1,1829,0x0b012055f770ae7bb7a8303968a7fb6088a2296e,62514232,2026-08-07T00:16:08Z
0xfe69fb531698b534a2bc895940c5d37876b04db3,1,3427,0x0b012055f770ae7bb7a8303968a7fb6088a2296e,62514232,2026-08-07T00:16:08Z
0xfe5c7e0f6282ef213f334a7c4c8ec0bfa8c2884e,1,749,0x0b012055f770ae7bb7a8303968a7fb6088a2296e,62514232,2026-08-07T00:16:08Z
0xfe36aacbcf5677a4a04288764c16acb4220894b9,1,1529,0x0b012055f770ae7bb7a8303968a7fb6088a2296e,62514232,2026-08-07T00:16:08Z
0xfddd8e89dfb65fe2da8e907939a281135ef3802d,1,3998,0x0b012055f770ae7bb7a8303968a7fb6088a2296e,62514232,2026-08-07T00:16:08Z
0xfdd70e8b15e77ffea006df0ebe76238fa48ebe40,1,956,0x0b012055f770ae7bb7a8303968a7fb6088a2296e,62514232,2026-08-07T00:16:08Z
0xfd034eaa3c7b91184f5a4ac86d046cbf53f2cc41,1,6,0x0b012055f770ae7bb7a8303968a7fb6088a2296e,62514232,2026-08-07T00:16:08Z
0xfc8589d76fab66867fbf184a3e22e79431c24a3d,1,1722,0x0b012055f770ae7bb7a8303968a7fb6088a2296e,62514232,2026-08-07T00:16:08Z
0xfc6e8139c3a1000a94f8ee5457d817136e02c326,1,5175,0x0b012055f770ae7bb7a8303968a7fb6088a2296e,62514232,2026-08-07T00:16:08Z
0xfbe959cf6807d9146ebf4ef27bc5271b544750f4,1,1840,0x0b012055f770ae7bb7a8303968a7fb6088a2296e,62514232,2026-08-07T00:16:08Z
0xfb92f8092ef3e576d130be42c3d5784fa5be1a1c,1,1190,0x0b012055f770ae7bb7a8303968a7fb6088a2296e,62514232,2026-08-07T00:16:08Z
0xfaeaa0bb5993cd79bc7998b56e9e3641c9d7ed4e,1,2706,0x0b012055f770ae7bb7a8303968a7fb6088a2296e,62514232,2026-08-07T00:16:08Z
0xfa9da4604f75b614adbcd034db68705a2684c982,1,1061,0x0b012055f770ae7bb7a8303968a7fb6088a2296e,62514232,2026-08-07T00:16:08Z
0xfa374882bec0ff0f0ae01b4211f1124779c165e9,1,2269,0x0b012055f770ae7bb7a8303968a7fb6088a2296e,62514232,2026-08-07T00:16:08Z
0xfa12aa6c237c4434bdc40d83bdd495e02196ff6c,1,1846,0x0b012055f770ae7bb7a8303968a7fb6088a2296e,62514232,2026-08-07T00:16:08Z
0xfa0f2c6c4eb204f71caaa3dfcc99330a56f00d70,1,4272,0x0b012055f770ae7bb7a8303968a7fb6088a2296e,62514232,2026-08-07T00:16:08Z
0xf98a66eedbc920ac40445ad0a1ecf2c6c924e60a,1,1440,0x0b012055f770ae7bb7a8303968a7fb6088a2296e,62514232,2026-08-07T00:16:08Z
0xf970d99ede731785175448425e226f4635df9b03,1,696,0x0b012055f770ae7bb7a8303968a7fb6088a2296e,62514232,2026-08-07T00:16:08Z
0xf94a7a7a2ea97f28d7f04f8f2c991ce91b92b73e,1,2152,0x0b012055f770ae7bb7a8303968a7fb6088a2296e,62514232,2026-08-07T00:16:08Z
0xf93241a87065f8d050569caaec0c599a37dc4b33,1,1128,0x0b012055f770ae7bb7a8303968a7fb6088a2296e,62514232,2026-08-07T00:16:08Z
0xf8e9436e5179dae4e57ff72b61dcd50ba0e76871,1,6184,0x0b012055f770ae7bb7a8303968a7fb6088a2296e,62514232,2026-08-07T00:16:08Z
0xf8b0c34d19ee976c418c2b525deb8e3c9a1f19d3,1,3134,0x0b012055f770ae7bb7a8303968a7fb6088a2296e,62514232,2026-08-07T00:16:08Z
0xf7f3174fb854a1ba44e8432d2a5eff52d031e608,1,4726,0x0b012055f770ae7bb7a8303968a7fb6088a2296e,62514232,2026-08-07T00:16:08Z
0xf7837a0ccaaf7fd5e6989ba02246c45ba4ee29d3,1,3188,0x0b012055f770ae7bb7a8303968a7fb6088a2296e,62514232,2026-08-07T00:16:08Z
0xf75729dca43e96dc38f519d1dbefb950ae95a507,1,7442,0x0b012055f770ae7bb7a8303968a7fb6088a2296e,62514232,2026-08-07T00:16:08Z
0xf74cbab1b74ef62405971a33c4dab613c8157636,1,811,0x0b012055f770ae7bb7a8303968a7fb6088a2296e,62514232,2026-08-07T00:16:08Z
0xf7403965d920f9677b2e9f02d0ca8027130ff432,1,941,0x0b012055f770ae7bb7a8303968a7fb6088a2296e,62514232,2026-08-07T00:16:08Z
0xf72be757e6903b9cc0c97e731dedabb9af4536bc,1,1741,0x0b012055f770ae7bb7a8303968a7fb6088a2296e,62514232,2026-08-07T00:16:08Z
0xf6f2aa40477a158743af4078fc28a19b129512b8,1,3097,0x0b012055f770ae7bb7a8303968a7fb6088a2296e,62514232,2026-08-07T00:16:08Z
0xf6f2778d09efccd1f8e6423a22dbee8f9c75ddc5,1,1780,0x0b012055f770ae7bb7a8303968a7fb6088a2296e,62514232,2026-08-07T00:16:08Z
0xf6ccae3bcfc2202230dba17bf95bb62ffb1c7ee9,1,2890,0x0b012055f770ae7bb7a8303968a7fb6088a2296e,62514232,2026-08-07T00:16:08Z
0xf64db6d105c7dea5a40c22593631de99a837db1e,1,3854,0x0b012055f770ae7bb7a8303968a7fb6088a2296e,62514232,2026-08-07T00:16:08Z
0xf61de48ccc5543d83cbb9f704392d8d2bb9e652e,1,3211,0x0b012055f770ae7bb7a8303968a7fb6088a2296e,62514232,2026-08-07T00:16:08Z
0xf611ae235b17d1678bbe50210e1b2e4f6a695677,1,503,0x0b012055f770ae7bb7a8303968a7fb6088a2296e,62514232,2026-08-07T00:16:08Z
0xf5e824055fa707ed7254b73c07021290d6136f76,1,2722,0x0b012055f770ae7bb7a8303968a7fb6088a2296e,62514232,2026-08-07T00:16:08Z
0xf546acba4e1ce9e0d092c75887fb2b2e4c7c13cd,1,1669,0x0b012055f770ae7bb7a8303968a7fb6088a2296e,62514232,2026-08-07T00:16:08Z
0xf545d3eea09d4048a8fcdaab96427d3125e51d48,1,5465,0x0b012055f770ae7bb7a8303968a7fb6088a2296e,62514232,2026-08-07T00:16:08Z
0xf4e0770ec597c2f0ecb1d8821d92aa812b330a7f,1,1207,0x0b012055f770ae7bb7a8303968a7fb6088a2296e,62514232,2026-08-07T00:16:08Z
0xf47e0210609dc4d53e9f9c274f047527548250ee,1,1222,0x0b012055f770ae7bb7a8303968a7fb6088a2296e,62514232,2026-08-07T00:16:08Z
0xf455c9f1ba7c81645797ad1daedfda811e1cd64c,1,3062,0x0b012055f770ae7bb7a8303968a7fb6088a2296e,62514232,2026-08-07T00:16:08Z
0xf45417334288d97a557993d5740ea29ce0689fe5,1,1906,0x0b012055f770ae7bb7a8303968a7fb6088a2296e,62514232,2026-08-07T00:16:08Z
0xf42e16a262c41d5a39107b5958ed6377f2c1fefc,1,3311,0x0b012055f770ae7bb7a8303968a7fb6088a2296e,62514232,2026-08-07T00:16:08Z
0xf41c6035b51cf6c44aa3788a9e78ebb292dfc176,1,4457,0x0b012055f770ae7bb7a8303968a7fb6088a2296e,62514232,2026-08-07T00:16:08Z
0xf39eea9e12bb447fc6c18a9bf2c57112d376ec65,1,1916,0x0b012055f770ae7bb7a8303968a7fb6088a2296e,62514232,2026-08-07T00:16:08Z
0xf37f53121e1396c608342cb4b973a6d870bf5623,1,3341,0x0b012055f770ae7bb7a8303968a7fb6088a2296e,62514232,2026-08-07T00:16:08Z
0xf3486f2ac4eff4c5465a8c637c4a46e96cbb4427,1,8424,0x0b012055f770ae7bb7a8303968a7fb6088a2296e,62514232,2026-08-07T00:16:08Z
0xf343b70a968c016354b2e8eefb6782a71d4fde9d,1,4009,0x0b012055f770ae7bb7a8303968a7fb6088a2296e,62514232,2026-08-07T00:16:08Z
0xf336966f2cefa5d1655be7cd0c6873062ac4618f,1,2635,0x0b012055f770ae7bb7a8303968a7fb6088a2296e,62514232,2026-08-07T00:16:08Z
0xf2f2d7089e403f4297861238ffe9aca701db6cc3,1,8060,0x0b012055f770ae7bb7a8303968a7fb6088a2296e,62514232,2026-08-07T00:16:08Z
0xf25fd37bd6e9d426d753152740b9d22a66729b0d,1,24,0x0b012055f770ae7bb7a8303968a7fb6088a2296e,62514232,2026-08-07T00:16:08Z
0xf20e6206e3033b5ff0787badd9f789edca82ba4a,1,1498,0x0b012055f770ae7bb7a8303968a7fb6088a2296e,62514232,2026-08-07T00:16:08Z
0xf1f559d8f4e4f667562bac5ea2335c6bc45750df,1,7457,0x0b012055f770ae7bb7a8303968a7fb6088a2296e,62514232,2026-08-07T00:16:08Z
0xf1ac83a48a0ecb41aff4cba5fb4e485321fb3402,1,3455,0x0b012055f770ae7bb7a8303968a7fb6088a2296e,62514232,2026-08-07T00:16:08Z
0xf12787ee67e3b1b62bf7a46e7640e09e1192d7d4,1,145,0x0b012055f770ae7bb7a8303968a7fb6088a2296e,62514232,2026-08-07T00:16:08Z
0xf10c6c1a4868e9296efb8a76c8199c3345ec9c62,1,8016,0x0b012055f770ae7bb7a8303968a7fb6088a2296e,62514232,2026-08-07T00:16:08Z
0xf0e3526450ea33542124168349b8d6a677d5aba3,1,3556,0x0b012055f770ae7bb7a8303968a7fb6088a2296e,62514232,2026-08-07T00:16:08Z
0xf0b4fb521eee7561e746a2e01ef933c5a2225809,1,8384,0x0b012055f770ae7bb7a8303968a7fb6088a2296e,62514232,2026-08-07T00:16:08Z
0xef127091480f7365a2847eeebceef8b02ae8bd57,1,3393,0x0b012055f770ae7bb7a8303968a7fb6088a2296e,62514232,2026-08-07T00:16:08Z
0xeedd9e73ba4d940f2e1e23d857205c460726c838,1,1195,0x0b012055f770ae7bb7a8303968a7fb6088a2296e,62514232,2026-08-07T00:16:08Z
0xeea7c8bea05fd6f839e473a4695432b81b49eee9,1,2354,0x0b012055f770ae7bb7a8303968a7fb6088a2296e,62514232,2026-08-07T00:16:08Z
0xee6a2acd2f64d149e9c8df0e58f61236631075b9,1,2263,0x0b012055f770ae7bb7a8303968a7fb6088a2296e,62514232,2026-08-07T00:16:08Z
0xee0b6b7047fd4aaf23e66cffd5261f3a7fb4ab29,1,4640,0x0b012055f770ae7bb7a8303968a7fb6088a2296e,62514232,2026-08-07T00:16:08Z
0xedcfc9c84f0b871705a68240ef015809cf249221,1,4070,0x0b012055f770ae7bb7a8303968a7fb6088a2296e,62514232,2026-08-07T00:16:08Z
0xed20bc9f8be737572d7e40237023c7a8fea3449e,1,4564,0x0b012055f770ae7bb7a8303968a7fb6088a2296e,62514232,2026-08-07T00:16:08Z
0xed167fc11316fd142d23c7122a6b147f1ea293e5,1,3192,0x0b012055f770ae7bb7a8303968a7fb6088a2296e,62514232,2026-08-07T00:16:08Z
0xed106b727e5a2bad0a53131f8e7e036b552d0958,1,3059,0x0b012055f770ae7bb7a8303968a7fb6088a2296e,62514232,2026-08-07T00:16:08Z
0xed013aa96e422ad8baf3b853d1ee733ce3a43225,1,1077,0x0b012055f770ae7bb7a8303968a7fb6088a2296e,62514232,2026-08-07T00:16:08Z
0xecf3bc8f6d8946186d4f0c40ceb985a42add3e79,1,4520,0x0b012055f770ae7bb7a8303968a7fb6088a2296e,62514232,2026-08-07T00:16:08Z
0xec94a962e3b4f92d0bd9a1e7f668f74c87da25b6,1,7535,0x0b012055f770ae7bb7a8303968a7fb6088a2296e,62514232,2026-08-07T00:16:08Z
0xec23d24b2b3cc02004f71f55211eb580f1ec4d41,1,4423,0x0b012055f770ae7bb7a8303968a7fb6088a2296e,62514232,2026-08-07T00:16:08Z
0xeb5546da876fa04f433aa21a4593d230b8972450,1,353,0x0b012055f770ae7bb7a8303968a7fb6088a2296e,62514232,2026-08-07T00:16:08Z
0xeb28346b4301ce3015832d746a0be144a9df5847,1,7691,0x0b012055f770ae7bb7a8303968a7fb6088a2296e,62514232,2026-08-07T00:16:08Z
0xeaf6360c1bedc0b8247b00d4861e792f3ce41fc9,1,1835,0x0b012055f770ae7bb7a8303968a7fb6088a2296e,62514232,2026-08-07T00:16:08Z
0xeac961f621ac2a1a884ea9acfa10bcb30bda0393,1,134,0x0b012055f770ae7bb7a8303968a7fb6088a2296e,62514232,2026-08-07T00:16:08Z
0xeabbf8026cc7a2b6b7c20cd90ffc9ffb87619f2d,1,5761,0x0b012055f770ae7bb7a8303968a7fb6088a2296e,62514232,2026-08-07T00:16:08Z
0xe93aac244f98ad97e1d6be0ecda9c7292a0fd27e,1,3870,0x0b012055f770ae7bb7a8303968a7fb6088a2296e,62514232,2026-08-07T00:16:08Z
0xe8d082bbca462b918eb8a0fc28de8c649f08caf3,1,3588,0x0b012055f770ae7bb7a8303968a7fb6088a2296e,62514232,2026-08-07T00:16:08Z
0xe8cc995d08e91fce86ae28ff76d29e1d1475fff8,1,715,0x0b012055f770ae7bb7a8303968a7fb6088a2296e,62514232,2026-08-07T00:16:08Z
0xe875e0d84fa78d5f0610dba062a569f6f521f34f,1,4057,0x0b012055f770ae7bb7a8303968a7fb6088a2296e,62514232,2026-08-07T00:16:08Z
0xe84c01208c4868d5615fccf0b98f8c90f460d2b6,1,333,0x0b012055f770ae7bb7a8303968a7fb6088a2296e,62514232,2026-08-07T00:16:08Z
0xe7a6c9e0eeefc04f602081df477a5f82507fd85d,1,8095,0x0b012055f770ae7bb7a8303968a7fb6088a2296e,62514232,2026-08-07T00:16:08Z
0xe7420f4b26a565186ccdf5c3d356c62b127c81ef,1,3365,0x0b012055f770ae7bb7a8303968a7fb6088a2296e,62514232,2026-08-07T00:16:08Z
0xe72acfd64203b1980614d26d22e35349d60c36b9,1,893,0x0b012055f770ae7bb7a8303968a7fb6088a2296e,62514232,2026-08-07T00:16:08Z
0xe658cd453b6d54ba43f2a5b49284e2b82adbf560,1,366,0x0b012055f770ae7bb7a8303968a7fb6088a2296e,62514232,2026-08-07T00:16:08Z
0xe624f171b2803449023873be344389fd3051f97f,1,3298,0x0b012055f770ae7bb7a8303968a7fb6088a2296e,62514232,2026-08-07T00:16:08Z
0xe6079be670c0b649db8ef25b1949a078238f5b7a,1,3593,0x0b012055f770ae7bb7a8303968a7fb6088a2296e,62514232,2026-08-07T00:16:08Z
0xe5ae5aac9a19ec43abdd161e95640a1cc12ae348,1,4354,0x0b012055f770ae7bb7a8303968a7fb6088a2296e,62514232,2026-08-07T00:16:08Z
0xe599bcac87b3c776e5b6ea5be968e0826ee8d808,1,184,0x0b012055f770ae7bb7a8303968a7fb6088a2296e,62514232,2026-08-07T00:16:08Z
0xe4e3190c5b1495ceceaf214b1ecd13e3ef3fe3af,1,3229,0x0b012055f770ae7bb7a8303968a7fb6088a2296e,62514232,2026-08-07T00:16:08Z
0xe4b4641889a1f87a3e949da11052586bec318128,1,3006,0x0b012055f770ae7bb7a8303968a7fb6088a2296e,62514232,2026-08-07T00:16:08Z
0xe48ddd837b4f6491a1ab4e799c4fca451cc60b9e,1,239,0x0b012055f770ae7bb7a8303968a7fb6088a2296e,62514232,2026-08-07T00:16:08Z
0xe44d40c9fe0b995ed32179030bfd11f74dfc8a94,1,3736,0x0b012055f770ae7bb7a8303968a7fb6088a2296e,62514232,2026-08-07T00:16:08Z
0xe44ab4f93c6ec942d230a62ab272d55e9dd53633,1,718,0x0b012055f770ae7bb7a8303968a7fb6088a2296e,62514232,2026-08-07T00:16:08Z
0xe33280b7f19c8abb77ae89e1c64d6fbfc16e37f0,1,144,0x0b012055f770ae7bb7a8303968a7fb6088a2296e,62514232,2026-08-07T00:16:08Z
0xe32f2ca15aa291bbb187f9a5f48471dbcb668bfb,1,2610,0x0b012055f770ae7bb7a8303968a7fb6088a2296e,62514232,2026-08-07T00:16:08Z
0xe31d164ec7cf870332246c65a919f64479b27cdb,1,1531,0x0b012055f770ae7bb7a8303968a7fb6088a2296e,62514232,2026-08-07T00:16:08Z
0xe27bb7084529d9d12d2945b24b136b87fdab24c0,1,2958,0x0b012055f770ae7bb7a8303968a7fb6088a2296e,62514232,2026-08-07T00:16:08Z
0xe223f60db80e7801d7f1321b597aafdd8fa596af,1,78,0x0b012055f770ae7bb7a8303968a7fb6088a2296e,62514232,2026-08-07T00:16:08Z
0xe1b3e4ae085b6d788726aa5bfe2d850a7aacc338,1,1097,0x0b012055f770ae7bb7a8303968a7fb6088a2296e,62514232,2026-08-07T00:16:08Z
0xe18a05d4f56ab9de8650cd8a5e9533488c3ccb41,1,4,0x0b012055f770ae7bb7a8303968a7fb6088a2296e,62514232,2026-08-07T00:16:08Z
0xe12d731750e222ec53b001e00d978901b134cfc9,1,2927,0x0b012055f770ae7bb7a8303968a7fb6088a2296e,62514232,2026-08-07T00:16:08Z
0xe0b356be087390f26167861cfa45a65019b06c49,1,3625,0x0b012055f770ae7bb7a8303968a7fb6088a2296e,62514232,2026-08-07T00:16:08Z
0xdfecabd1547e9fc5d44a589fbbb576d08e84dca0,1,726,0x0b012055f770ae7bb7a8303968a7fb6088a2296e,62514232,2026-08-07T00:16:08Z
0xdfc2edb147a3b39cb1e6627bd118dfb58b8c99a7,1,128,0x0b012055f770ae7bb7a8303968a7fb6088a2296e,62514232,2026-08-07T00:16:08Z
0xdfb6696e707254cdfb633ce5b87ac1ae70883cff,1,1613,0x0b012055f770ae7bb7a8303968a7fb6088a2296e,62514232,2026-08-07T00:16:08Z
0xdf26030545ce0fd7ec273fcdcaa7a3507e820a04,1,22,0x0b012055f770ae7bb7a8303968a7fb6088a2296e,62514232,2026-08-07T00:16:08Z
0xddf8da887a1d5c07d05a948856b79dab091efc78,1,1044,0x0b012055f770ae7bb7a8303968a7fb6088a2296e,62514232,2026-08-07T00:16:08Z
0xddf310873f312b9e053b263b484b3aa518e0fe9f,1,119,0x0b012055f770ae7bb7a8303968a7fb6088a2296e,62514232,2026-08-07T00:16:08Z
0xdd3ea74baa3b4aa246f8e9e62d7d8bceebba9ced,1,8664,0x0b012055f770ae7bb7a8303968a7fb6088a2296e,62514232,2026-08-07T00:16:08Z
0xdbb311a1a4f1c02989593ca70ba6e75300f9f12d,1,873,0x0b012055f770ae7bb7a8303968a7fb6088a2296e,62514232,2026-08-07T00:16:08Z
0xdba56bc1102a05d1b3d9a0a6e8d694dbd3f67aa0,1,8024,0x0b012055f770ae7bb7a8303968a7fb6088a2296e,62514232,2026-08-07T00:16:08Z
0xdb7ea6d8050a12ea77d5874a75c1479feac1eb42,1,17,0x0b012055f770ae7bb7a8303968a7fb6088a2296e,62514232,2026-08-07T00:16:08Z
0xdb01db0928f50c8897444659d23162430646c672,1,7536,0x0b012055f770ae7bb7a8303968a7fb6088a2296e,62514232,2026-08-07T00:16:08Z
0xdaf977a090e4ec724d220977a21b79c4780817d9,1,2960,0x0b012055f770ae7bb7a8303968a7fb6088a2296e,62514232,2026-08-07T00:16:08Z
0xda696f19b0b649a1cea086cfb8fb31952e480023,1,398,0x0b012055f770ae7bb7a8303968a7fb6088a2296e,62514232,2026-08-07T00:16:08Z
0xda4e032efe5102c7dbdaf066cef668f21052adad,1,246,0x0b012055f770ae7bb7a8303968a7fb6088a2296e,62514232,2026-08-07T00:16:08Z
0xd9e3261304abb96ed1b9d664131a9046a110af7c,1,2180,0x0b012055f770ae7bb7a8303968a7fb6088a2296e,62514232,2026-08-07T00:16:08Z
0xd96ab0feec12d4912ba2fd3108a2c62fd5e228fd,1,1956,0x0b012055f770ae7bb7a8303968a7fb6088a2296e,62514232,2026-08-07T00:16:08Z
0xd8e8bf2fad7224f6d9e137acf7f90eb09534c96e,1,3277,0x0b012055f770ae7bb7a8303968a7fb6088a2296e,62514232,2026-08-07T00:16:08Z
0xd8c84eac995150662cc052e6ac76ec184fcf1122,1,5336,0x0b012055f770ae7bb7a8303968a7fb6088a2296e,62514232,2026-08-07T00:16:08Z
0xd887ffcd5cf0daa335298f3d5c8a117de60f1049,1,1392,0x0b012055f770ae7bb7a8303968a7fb6088a2296e,62514232,2026-08-07T00:16:08Z
0xd7f825d896d2f222227c4f8b2acbb91d6b5bab2b,1,812,0x0b012055f770ae7bb7a8303968a7fb6088a2296e,62514232,2026-08-07T00:16:08Z
0xd7edc4bbb5f75041785485e2b63cc80888936ae2,1,1219,0x0b012055f770ae7bb7a8303968a7fb6088a2296e,62514232,2026-08-07T00:16:08Z
0xd75ddc5f60eec8b3eb855c1e519e8a6c73864700,1,8573,0x0b012055f770ae7bb7a8303968a7fb6088a2296e,62514232,2026-08-07T00:16:08Z
0xd7454dc7b77145a8c6eacb630555d50651dcd8af,1,2833,0x0b012055f770ae7bb7a8303968a7fb6088a2296e,62514232,2026-08-07T00:16:08Z
0xd72bc8e7ac9eff65c0b1eb65576e47812fbc21dc,1,3139,0x0b012055f770ae7bb7a8303968a7fb6088a2296e,62514232,2026-08-07T00:16:08Z
0xd6d64b95faae711afd2274319ff254411c999bdd,1,2758,0x0b012055f770ae7bb7a8303968a7fb6088a2296e,62514232,2026-08-07T00:16:08Z
0xd6b2095e913695dd10c071cc2f20247e921efb8e,1,4355,0x0b012055f770ae7bb7a8303968a7fb6088a2296e,62514232,2026-08-07T00:16:08Z
0xd673dd4b1a55f13e1b8bf7ec344e240b460b488e,1,8306,0x0b012055f770ae7bb7a8303968a7fb6088a2296e,62514232,2026-08-07T00:16:08Z
0xd649946076d587af74cad517734935018a54cc2a,1,4075,0x0b012055f770ae7bb7a8303968a7fb6088a2296e,62514232,2026-08-07T00:16:08Z
0xd64724f4f02e4b5e838b3a7b3193d785a8d7c1f7,1,292,0x0b012055f770ae7bb7a8303968a7fb6088a2296e,62514232,2026-08-07T00:16:08Z
0xd6383491d40139fbc0ae7316a09e72b1c95367ef,1,3380,0x0b012055f770ae7bb7a8303968a7fb6088a2296e,62514232,2026-08-07T00:16:08Z
0xd606ceda126f749908fb5917367a681ed84b738f,1,4029,0x0b012055f770ae7bb7a8303968a7fb6088a2296e,62514232,2026-08-07T00:16:08Z
0xd55e07e48926bed4b3274748185c2ae1077d74b2,1,1311,0x0b012055f770ae7bb7a8303968a7fb6088a2296e,62514232,2026-08-07T00:16:08Z
0xd4d421e273ab1591ab5dd22892efd9bca68bb39c,1,402,0x0b012055f770ae7bb7a8303968a7fb6088a2296e,62514232,2026-08-07T00:16:08Z
0xd31e15811507f9e6308a0d9dbb3b0aaa60d69c4f,1,2281,0x0b012055f770ae7bb7a8303968a7fb6088a2296e,62514232,2026-08-07T00:16:08Z
0xd26672579911a9c09dedcb0223d16754e14a30d0,1,1959,0x0b012055f770ae7bb7a8303968a7fb6088a2296e,62514232,2026-08-07T00:16:08Z
0xd173cef632b2c3c8a719dea7fbb2fe4af96814be,1,8529,0x0b012055f770ae7bb7a8303968a7fb6088a2296e,62514232,2026-08-07T00:16:08Z
0xd1490e3836623eec3c5474e17fcd8d94113a93a5,1,499,0x0b012055f770ae7bb7a8303968a7fb6088a2296e,62514232,2026-08-07T00:16:08Z
0xd0fc1110b9eeda0aaccfc272aaab029be2cb6de2,1,247,0x0b012055f770ae7bb7a8303968a7fb6088a2296e,62514232,2026-08-07T00:16:08Z
0xd0f231e07b9e641fd937b5abd2d5eae690b646f0,1,8110,0x0b012055f770ae7bb7a8303968a7fb6088a2296e,62514232,2026-08-07T00:16:08Z
0xd0eaf74b8c5bf457c7a81c3fe277adb6ed32dcf4,1,3146,0x0b012055f770ae7bb7a8303968a7fb6088a2296e,62514232,2026-08-07T00:16:08Z
0xd07e20a52b71ce9c911385d04c79a2418bf04502,1,2889,0x0b012055f770ae7bb7a8303968a7fb6088a2296e,62514232,2026-08-07T00:16:08Z
0xd02c4f2fe67257f534cdfb5f645ca71b48edbd6e,1,5473,0x0b012055f770ae7bb7a8303968a7fb6088a2296e,62514232,2026-08-07T00:16:08Z
0xcfef5bf5e5778fe33ed52d3c2bb5c29c324f0fd9,1,601,0x0b012055f770ae7bb7a8303968a7fb6088a2296e,62514232,2026-08-07T00:16:08Z
0xcf6caedcd6ba7024c5b2c228437f97c2a216542a,1,289,0x0b012055f770ae7bb7a8303968a7fb6088a2296e,62514232,2026-08-07T00:16:08Z
0xceab5409699a46e9072b8e5ce8f04e1f6029f000,1,404,0x0b012055f770ae7bb7a8303968a7fb6088a2296e,62514232,2026-08-07T00:16:08Z
0xce45dbc50e99c5e17cb3c439ccb96fbac3fc270d,1,1967,0x0b012055f770ae7bb7a8303968a7fb6088a2296e,62514232,2026-08-07T00:16:08Z
0xce05589b828afafca7a9c8508ae492acfb4d6490,1,3493,0x0b012055f770ae7bb7a8303968a7fb6088a2296e,62514232,2026-08-07T00:16:08Z
0xcde31edc9537923838c510d01ef59e285218ac72,1,2259,0x0b012055f770ae7bb7a8303968a7fb6088a2296e,62514232,2026-08-07T00:16:08Z
0xcd497374cc72c57c632917d365eef8f74dbef891,1,1994,0x0b012055f770ae7bb7a8303968a7fb6088a2296e,62514232,2026-08-07T00:16:08Z
0xcd3a3263cfe5dd18ebb502e9efd06b63322f6009,1,3570,0x0b012055f770ae7bb7a8303968a7fb6088a2296e,62514232,2026-08-07T00:16:08Z
0xccf51d3e6881b156bd1c6c8c3451349d37d5275b,1,2243,0x0b012055f770ae7bb7a8303968a7fb6088a2296e,62514232,2026-08-07T00:16:08Z
0xccce58f64c1d9515628ec9606e5fbce1a7a1cd90,1,360,0x0b012055f770ae7bb7a8303968a7fb6088a2296e,62514232,2026-08-07T00:16:08Z
0xcca65ea3449566d7cc2f6589ba126adc0c151eb7,1,7524,0x0b012055f770ae7bb7a8303968a7fb6088a2296e,62514232,2026-08-07T00:16:08Z
0xcc43daeee7f138db22d2bfb501bee00f54ba18cc,1,1614,0x0b012055f770ae7bb7a8303968a7fb6088a2296e,62514232,2026-08-07T00:16:08Z
0xcbbb123936d627d91e9b41455b4ec9715b433333,1,1153,0x0b012055f770ae7bb7a8303968a7fb6088a2296e,62514232,2026-08-07T00:16:08Z
0xcbb4c6b998cc477b4f583f5345962b41d303cd92,1,6003,0x0b012055f770ae7bb7a8303968a7fb6088a2296e,62514232,2026-08-07T00:16:08Z
0xcb2d30df2f13b7f7604971237660e3146ec98601,1,537,0x0b012055f770ae7bb7a8303968a7fb6088a2296e,62514232,2026-08-07T00:16:08Z
0xc9bf44ca87b466d6631fad7c22bf774921b2c8a0,1,824,0x0b012055f770ae7bb7a8303968a7fb6088a2296e,62514232,2026-08-07T00:16:08Z
0xc93e665b98752f1ba2757b63c5e2422cb8ad60fa,1,624,0x0b012055f770ae7bb7a8303968a7fb6088a2296e,62514232,2026-08-07T00:16:08Z
0xc9043e76dd81194f663abe55d2762e363ff4ccc1,1,1411,0x0b012055f770ae7bb7a8303968a7fb6088a2296e,62514232,2026-08-07T00:16:08Z
0xc777ded67eccd7e20ef378039ea380babe7872b9,1,1131,0x0b012055f770ae7bb7a8303968a7fb6088a2296e,62514232,2026-08-07T00:16:08Z
0xc7716c81134d698c970e28e0328d653ae3c97ae7,1,675,0x0b012055f770ae7bb7a8303968a7fb6088a2296e,62514232,2026-08-07T00:16:08Z
0xc75e3548b16d4cb1968ed0c95577f76f9c1a8b9b,1,2555,0x0b012055f770ae7bb7a8303968a7fb6088a2296e,62514232,2026-08-07T00:16:08Z
0xc70ecd2ca31530fd31a02907f4a2023a77d25d1d,1,158,0x0b012055f770ae7bb7a8303968a7fb6088a2296e,62514232,2026-08-07T00:16:08Z
0xc6fe3eb9215d70ce6a6a6e712861426c959e42c3,1,3072,0x0b012055f770ae7bb7a8303968a7fb6088a2296e,62514232,2026-08-07T00:16:08Z
0xc6eadea9cc57cbeae295627a826a156405091e92,1,1673,0x0b012055f770ae7bb7a8303968a7fb6088a2296e,62514232,2026-08-07T00:16:08Z
0xc6e184846c8757516c9304e690eaf89a3287f45b,1,7310,0x0b012055f770ae7bb7a8303968a7fb6088a2296e,62514232,2026-08-07T00:16:08Z
0xc6e00dfe1fa2fffb84b6e3aa1fe7f874ef3eb870,1,661,0x0b012055f770ae7bb7a8303968a7fb6088a2296e,62514232,2026-08-07T00:16:08Z
0xc6d4c35cad36fcb6b62d78c7caa4a20180f95a59,1,1072,0x0b012055f770ae7bb7a8303968a7fb6088a2296e,62514232,2026-08-07T00:16:08Z
0xc6bae9037096af27e022a826f3c38689e21eabda,1,3257,0x0b012055f770ae7bb7a8303968a7fb6088a2296e,62514232,2026-08-07T00:16:08Z
0xc6a5df0a675bbcf30e672c498c7b7b6dbb4c693e,1,3942,0x0b012055f770ae7bb7a8303968a7fb6088a2296e,62514232,2026-08-07T00:16:08Z
0xc68ce303db64f4e7de7df01bedf8dc0dff9900ac,1,3416,0x0b012055f770ae7bb7a8303968a7fb6088a2296e,62514232,2026-08-07T00:16:08Z
0xc681630dacc10b0eccca1738ceaa4e87bff0f28e,1,3405,0x0b012055f770ae7bb7a8303968a7fb6088a2296e,62514232,2026-08-07T00:16:08Z
0xc65423a320916d7daf86341de6278d02c7e1d3b1,1,2947,0x0b012055f770ae7bb7a8303968a7fb6088a2296e,62514232,2026-08-07T00:16:08Z
0xc63452e502eb405668bdfbd6d944263cdffd73cd,1,2033,0x0b012055f770ae7bb7a8303968a7fb6088a2296e,62514232,2026-08-07T00:16:08Z
0xc630bbd74ad0391fba63395292b4823deb720f28,1,1519,0x0b012055f770ae7bb7a8303968a7fb6088a2296e,62514232,2026-08-07T00:16:08Z
0xc62c58c1aedc4715f75a423907953eb3029d7023,1,8265,0x0b012055f770ae7bb7a8303968a7fb6088a2296e,62514232,2026-08-07T00:16:08Z
0xc5908913cd7d04f7132f04491f745198bc832f50,1,6388,0x0b012055f770ae7bb7a8303968a7fb6088a2296e,62514232,2026-08-07T00:16:08Z
0xc57c6deae47749b8b1cc379dc51caad89241ed10,1,5419,0x0b012055f770ae7bb7a8303968a7fb6088a2296e,62514232,2026-08-07T00:16:08Z
0xc56eaa77b5eea884d73ba874a207951aa8abf1b4,1,4345,0x0b012055f770ae7bb7a8303968a7fb6088a2296e,62514232,2026-08-07T00:16:08Z
0xc5398e0c67610e8ed4ec95b76fa709bb6db7131a,1,8329,0x0b012055f770ae7bb7a8303968a7fb6088a2296e,62514232,2026-08-07T00:16:08Z
0xc4b8c76bd9eeb861bbc676fe4095b571f56efcf9,1,2410,0x0b012055f770ae7bb7a8303968a7fb6088a2296e,62514232,2026-08-07T00:16:08Z
0xc45f36adfccc437d90f3f283b49e285b1c97e829,1,300,0x0b012055f770ae7bb7a8303968a7fb6088a2296e,62514232,2026-08-07T00:16:08Z
0xc3f17fb37166f7e718961c3a40d8e34862ceece4,1,7794,0x0b012055f770ae7bb7a8303968a7fb6088a2296e,62514232,2026-08-07T00:16:08Z
0xc3d24436cf13323d5de12e5c3662cd2c300b5d2b,1,8159,0x0b012055f770ae7bb7a8303968a7fb6088a2296e,62514232,2026-08-07T00:16:08Z
0xc38da1eaf257a11ab8ba01aeba5a914d38540d99,1,106,0x0b012055f770ae7bb7a8303968a7fb6088a2296e,62514232,2026-08-07T00:16:08Z
0xc38cb5111fde09b19c246ec79eda728198c033ff,1,577,0x0b012055f770ae7bb7a8303968a7fb6088a2296e,62514232,2026-08-07T00:16:08Z
0xc33bac3c568039d5196f0b0faf9b98d9ea26a97f,1,257,0x0b012055f770ae7bb7a8303968a7fb6088a2296e,62514232,2026-08-07T00:16:08Z
0xc2ef1173a4b051bbcc4474c407bbb2ac7e02e363,1,3476,0x0b012055f770ae7bb7a8303968a7fb6088a2296e,62514232,2026-08-07T00:16:08Z
0xc2aa3359b78bd4223f3434bcf6b0f3b5f5d71c8f,1,1987,0x0b012055f770ae7bb7a8303968a7fb6088a2296e,62514232,2026-08-07T00:16:08Z
0xc238c961cf024525424042bfc50ddffedf69ad18,1,3968,0x0b012055f770ae7bb7a8303968a7fb6088a2296e,62514232,2026-08-07T00:16:08Z
0xc1dd50d0a0900bb43f2b471a7a3b81b44c20e7c5,1,43,0x0b012055f770ae7bb7a8303968a7fb6088a2296e,62514232,2026-08-07T00:16:08Z
0xc1c2ea9cbe87a5b09533795594054666431f479d,1,1235,0x0b012055f770ae7bb7a8303968a7fb6088a2296e,62514232,2026-08-07T00:16:08Z
0xc0d14075b1353e84b90410c2728c5bf7d5926a60,1,8264,0x0b012055f770ae7bb7a8303968a7fb6088a2296e,62514232,2026-08-07T00:16:08Z
0xc09bdcc7650dc80e0abe0f29f9efc110af1f750e,1,23,0x0b012055f770ae7bb7a8303968a7fb6088a2296e,62514232,2026-08-07T00:16:08Z
0xc009300bcfd76ced1e44ed76e2cac1a8bedd3d55,1,5781,0x0b012055f770ae7bb7a8303968a7fb6088a2296e,62514232,2026-08-07T00:16:08Z
0xbff4c7903d0df4db102689eb764c94e4bde650a1,1,7374,0x0b012055f770ae7bb7a8303968a7fb6088a2296e,62514232,2026-08-07T00:16:08Z
0xbfabc57f2a3e5ff63c7a617c6229c12c9ad49ef8,1,1398,0x0b012055f770ae7bb7a8303968a7fb6088a2296e,62514232,2026-08-07T00:16:08Z
0xbea9fa8d9dff796fa00e600330557054a83c11d0,1,8641,0x0b012055f770ae7bb7a8303968a7fb6088a2296e,62514232,2026-08-07T00:16:08Z
0xbe9a22fc5fd53cb038fe6ac7bdd27dd7bf00f6a7,1,792,0x0b012055f770ae7bb7a8303968a7fb6088a2296e,62514232,2026-08-07T00:16:08Z
0xbe8f6bc7421ada413efbee8e951d4685dec90af7,1,2236,0x0b012055f770ae7bb7a8303968a7fb6088a2296e,62514232,2026-08-07T00:16:08Z
0xbd66a57030a93d08ab250df8e3cbe9cc99a79311,1,1792,0x0b012055f770ae7bb7a8303968a7fb6088a2296e,62514232,2026-08-07T00:16:08Z
0xbc92e86ea4b332ae6a7aef4c31b3f470de7b7471,1,7993,0x0b012055f770ae7bb7a8303968a7fb6088a2296e,62514232,2026-08-07T00:16:08Z
0xbc8d3d4ee65f18b2759055252875d24f342d170e,1,2726,0x0b012055f770ae7bb7a8303968a7fb6088a2296e,62514232,2026-08-07T00:16:08Z
0xbc55ccd69b5b019542cded6f285ab077fd4c1766,1,66,0x0b012055f770ae7bb7a8303968a7fb6088a2296e,62514232,2026-08-07T00:16:08Z
0xbc31f2178b23a1de611d6d737ea4aa9f1b1f7b04,1,89,0x0b012055f770ae7bb7a8303968a7fb6088a2296e,62514232,2026-08-07T00:16:08Z
0xbc1159fcaa1ac43e9a12d3f9e3fbe32b9a676701,1,7515,0x0b012055f770ae7bb7a8303968a7fb6088a2296e,62514232,2026-08-07T00:16:08Z
0xbbf8b29a62e1f07e7b833300915c44ee25c7c56f,1,8251,0x0b012055f770ae7bb7a8303968a7fb6088a2296e,62514232,2026-08-07T00:16:08Z
0xbbacae47f9b00a5b29f2a3336d7b8ae421461ec8,1,575,0x0b012055f770ae7bb7a8303968a7fb6088a2296e,62514232,2026-08-07T00:16:08Z
0xbb1a8258463e2005f7e549529ae7d07fd98e0586,1,747,0x0b012055f770ae7bb7a8303968a7fb6088a2296e,62514232,2026-08-07T00:16:08Z
0xbae3b059236e7953d0d876f2b649d2187bf2d750,1,400,0x0b012055f770ae7bb7a8303968a7fb6088a2296e,62514232,2026-08-07T00:16:08Z
0xbaae3278a69a58fdebd8d7f9ea563c1da121530e,1,3136,0x0b012055f770ae7bb7a8303968a7fb6088a2296e,62514232,2026-08-07T00:16:08Z
0xb9716cc776d2f915454f2906643d6294271545df,1,7438,0x0b012055f770ae7bb7a8303968a7fb6088a2296e,62514232,2026-08-07T00:16:08Z
0xb93aeb0e49f3c9e1f8ddb96460e44d478ca1c505,1,2408,0x0b012055f770ae7bb7a8303968a7fb6088a2296e,62514232,2026-08-07T00:16:08Z
0xb93291dbee2ffac7006a4bfd9c97c7e880a317af,1,3058,0x0b012055f770ae7bb7a8303968a7fb6088a2296e,62514232,2026-08-07T00:16:08Z
0xb81d2e1ba815b2ac34c4152f7891d7c4cefeb919,1,2313,0x0b012055f770ae7bb7a8303968a7fb6088a2296e,62514232,2026-08-07T00:16:08Z
0xb8035d0cebc75619392496324c44a12fe83bb32d,1,701,0x0b012055f770ae7bb7a8303968a7fb6088a2296e,62514232,2026-08-07T00:16:08Z
0xb7fa7dd02fb32608abc4dc952fdded12081a02d1,1,1474,0x0b012055f770ae7bb7a8303968a7fb6088a2296e,62514232,2026-08-07T00:16:08Z
0xb7a64d3d666408bac20d92c1484035c2a06fc87e,1,7756,0x0b012055f770ae7bb7a8303968a7fb6088a2296e,62514232,2026-08-07T00:16:08Z
0xb76ac0804c2beac2081c66e77c89c0df5503c035,1,3052,0x0b012055f770ae7bb7a8303968a7fb6088a2296e,62514232,2026-08-07T00:16:08Z
0xb6dba156a8807fa299f9c085066026ae3fd0095c,1,5069,0x0b012055f770ae7bb7a8303968a7fb6088a2296e,62514232,2026-08-07T00:16:08Z
0xb6a5a7aae0e9e08471b39f4c290e5e89c6633da3,1,7851,0x0b012055f770ae7bb7a8303968a7fb6088a2296e,62514232,2026-08-07T00:16:08Z
0xb63ff683b0c7f0df5f52c39e7efe125dc5b43f6c,1,605,0x0b012055f770ae7bb7a8303968a7fb6088a2296e,62514232,2026-08-07T00:16:08Z
0xb5ffccf2ee06b42e942196abb6415f2763df039e,1,3412,0x0b012055f770ae7bb7a8303968a7fb6088a2296e,62514232,2026-08-07T00:16:08Z
0xb5dfe55ff3527061db7099a5d636b54f324f6d6d,1,5265,0x0b012055f770ae7bb7a8303968a7fb6088a2296e,62514232,2026-08-07T00:16:08Z
0xb5d561430b51231910d3bab6d60c3c7fd9344a91,1,7392,0x0b012055f770ae7bb7a8303968a7fb6088a2296e,62514232,2026-08-07T00:16:08Z
0xb5b8457b2e81eef591776f16117e12b3477a59c9,1,3252,0x0b012055f770ae7bb7a8303968a7fb6088a2296e,62514232,2026-08-07T00:16:08Z
0xb5186a913092e9684ec605f03b82ad38a1761053,1,2904,0x0b012055f770ae7bb7a8303968a7fb6088a2296e,62514232,2026-08-07T00:16:08Z
0xb43edf919ea51ae7eae0ab7c7a28e530aabb6d65,1,3004,0x0b012055f770ae7bb7a8303968a7fb6088a2296e,62514232,2026-08-07T00:16:08Z
0xb436dc5ddd25ab0dcfc7c2104b61299dbf680d4b,1,3550,0x0b012055f770ae7bb7a8303968a7fb6088a2296e,62514232,2026-08-07T00:16:08Z
0xb3de3b6ac5f8e7b41b834c1509fdd0e56887c9b0,1,8639,0x0b012055f770ae7bb7a8303968a7fb6088a2296e,62514232,2026-08-07T00:16:08Z
0xb3c6752cf000980494e7c8fa8f598f418f527d03,1,429,0x0b012055f770ae7bb7a8303968a7fb6088a2296e,62514232,2026-08-07T00:16:08Z
0xb3a6c05c1b795b08c9ed936478a244529eda20c0,1,3322,0x0b012055f770ae7bb7a8303968a7fb6088a2296e,62514232,2026-08-07T00:16:08Z
0xb32f3e7810b563bddbf021679309395342f35923,1,742,0x0b012055f770ae7bb7a8303968a7fb6088a2296e,62514232,2026-08-07T00:16:08Z
0xb2d9e2a22c27254987fe82cf2b2d804d4f1becf9,1,7362,0x0b012055f770ae7bb7a8303968a7fb6088a2296e,62514232,2026-08-07T00:16:08Z
0xb2d2da2f7829e26393a758b5d15a9a3f3d35bee8,1,8299,0x0b012055f770ae7bb7a8303968a7fb6088a2296e,62514232,2026-08-07T00:16:08Z
0xb2b3908de8fe85a783c56361122ef5b35a7343ee,1,702,0x0b012055f770ae7bb7a8303968a7fb6088a2296e,62514232,2026-08-07T00:16:08Z
0xb29fa9970efdbf0184714b6f8be5645b5b345f4a,1,1966,0x0b012055f770ae7bb7a8303968a7fb6088a2296e,62514232,2026-08-07T00:16:08Z
0xb20fc7063d5a1ea1534d496bea46169c9ddf6fe8,1,102,0x0b012055f770ae7bb7a8303968a7fb6088a2296e,62514232,2026-08-07T00:16:08Z
0xb047b0d536ee97f4a94d911defe9b41644d5ac2e,1,7656,0x0b012055f770ae7bb7a8303968a7fb6088a2296e,62514232,2026-08-07T00:16:08Z
0xb03a8ede596411a09fbbc288e856309eca344058,1,3824,0x0b012055f770ae7bb7a8303968a7fb6088a2296e,62514232,2026-08-07T00:16:08Z
0xafc3da29762914c8dcdc906221de6fb9d47c09e4,1,524,0x0b012055f770ae7bb7a8303968a7fb6088a2296e,62514232,2026-08-07T00:16:08Z
0xaf6edd06d30e18a9c587cf4af81c079b91ac498c,1,4524,0x0b012055f770ae7bb7a8303968a7fb6088a2296e,62514232,2026-08-07T00:16:08Z
0xae809af2d9c0fec8dc19e15b6570554bf1bb3691,1,3144,0x0b012055f770ae7bb7a8303968a7fb6088a2296e,62514232,2026-08-07T00:16:08Z
0xae79b37c1b6b6a9f6152bac65a9848509f69149c,1,3940,0x0b012055f770ae7bb7a8303968a7fb6088a2296e,62514232,2026-08-07T00:16:08Z
0xae6b6d6b701aee76220512b56d53db03c5106511,1,2999,0x0b012055f770ae7bb7a8303968a7fb6088a2296e,62514232,2026-08-07T00:16:08Z
0xae5e6a9998b031b3898535849baedb82225233e4,1,8534,0x0b012055f770ae7bb7a8303968a7fb6088a2296e,62514232,2026-08-07T00:16:08Z
0xadbb884cbe72c934bf54b29430d73c5e844ffcca,1,3477,0x0b012055f770ae7bb7a8303968a7fb6088a2296e,62514232,2026-08-07T00:16:08Z
0xad95a5fe898679b927c266eb2edfabc7fe268c27,1,3981,0x0b012055f770ae7bb7a8303968a7fb6088a2296e,62514232,2026-08-07T00:16:08Z
0xad7c728f0171debe72374f6b5b0d3cb9d7b681ac,1,2224,0x0b012055f770ae7bb7a8303968a7fb6088a2296e,62514232,2026-08-07T00:16:08Z
0xad6d815b74deae3a0b6de5d6d00a117ab9e2f7a7,1,8554,0x0b012055f770ae7bb7a8303968a7fb6088a2296e,62514232,2026-08-07T00:16:08Z
0xad630c8cd85f4f3978015dd24e750f870b0fd01b,1,426,0x0b012055f770ae7bb7a8303968a7fb6088a2296e,62514232,2026-08-07T00:16:08Z
0xad44617225fd2d6046ff435ba0eb87da15126773,1,974,0x0b012055f770ae7bb7a8303968a7fb6088a2296e,62514232,2026-08-07T00:16:08Z
0xac7605770e89ef96f68a081815b2fb8d59532896,1,1423,0x0b012055f770ae7bb7a8303968a7fb6088a2296e,62514232,2026-08-07T00:16:08Z
0xabb6a886078a599d543e571d2b7cfa3baa8f190b,1,8253,0x0b012055f770ae7bb7a8303968a7fb6088a2296e,62514232,2026-08-07T00:16:08Z
0xab31af4109ffbca760366c801c94daaa88888888,1,1486,0x0b012055f770ae7bb7a8303968a7fb6088a2296e,62514232,2026-08-07T00:16:08Z
0xaa36f7d1f21ece077b7fa134668786bf1ea64b37,1,171,0x0b012055f770ae7bb7a8303968a7fb6088a2296e,62514232,2026-08-07T00:16:08Z
0xaa337c03ccaee70bfec6ed5d7c31fab2091d6458,1,296,0x0b012055f770ae7bb7a8303968a7fb6088a2296e,62514232,2026-08-07T00:16:08Z
0xaa1b26653a9ea97cf58adac4bc46820fb714e734,1,1465,0x0b012055f770ae7bb7a8303968a7fb6088a2296e,62514232,2026-08-07T00:16:08Z
0xaa13c3291aab9b413ac762cec85ee0c5e639307a,1,3320,0x0b012055f770ae7bb7a8303968a7fb6088a2296e,62514232,2026-08-07T00:16:08Z
0xaa104df3bf99b8baf49e20dca4e9910ad23e1201,1,8674,0x0b012055f770ae7bb7a8303968a7fb6088a2296e,62514232,2026-08-07T00:16:08Z
0xa9ff6620e08cad5da5777cec08e0725ab39242c1,1,7792,0x0b012055f770ae7bb7a8303968a7fb6088a2296e,62514232,2026-08-07T00:16:08Z
0xa9fc70368e2b8fcef4b4b8d3c70b93d6333deffd,1,1281,0x0b012055f770ae7bb7a8303968a7fb6088a2296e,62514232,2026-08-07T00:16:08Z
0xa9b53ca223c2cd1a48543e9f19de40791cf91077,1,1364,0x0b012055f770ae7bb7a8303968a7fb6088a2296e,62514232,2026-08-07T00:16:08Z
0xa9904bb9215f8dcacce0ea8b428abb975b25c8bf,1,1028,0x0b012055f770ae7bb7a8303968a7fb6088a2296e,62514232,2026-08-07T00:16:08Z
0xa8f51589d91e8360253480ca9aba39f131947d6a,1,7496,0x0b012055f770ae7bb7a8303968a7fb6088a2296e,62514232,2026-08-07T00:16:08Z
0xa8bb16765d26a4020c0e8ed9c030807c8d115b11,1,591,0x0b012055f770ae7bb7a8303968a7fb6088a2296e,62514232,2026-08-07T00:16:08Z
0xa7ec56bd4195f026e7840200248ba28cddb4f8fe,1,962,0x0b012055f770ae7bb7a8303968a7fb6088a2296e,62514232,2026-08-07T00:16:08Z
0xa7e91faa83e0659f670466188f48e181fbfd669f,1,1361,0x0b012055f770ae7bb7a8303968a7fb6088a2296e,62514232,2026-08-07T00:16:08Z
0xa7994b527f5eb59486288edaac36845d41b7ff81,1,3614,0x0b012055f770ae7bb7a8303968a7fb6088a2296e,62514232,2026-08-07T00:16:08Z
0xa77c4cdd935cc30d0b7186c42611bdd255d440e9,1,7545,0x0b012055f770ae7bb7a8303968a7fb6088a2296e,62514232,2026-08-07T00:16:08Z
0xa6fee6df77687b44b3a859fb0ace933651373efa,1,340,0x0b012055f770ae7bb7a8303968a7fb6088a2296e,62514232,2026-08-07T00:16:08Z
0xa6b1f415a320b667d4a46e1d59e7712c346675d4,1,1070,0x0b012055f770ae7bb7a8303968a7fb6088a2296e,62514232,2026-08-07T00:16:08Z
0xa6708e277703659fda62aa12403f952fcbe739fe,1,1951,0x0b012055f770ae7bb7a8303968a7fb6088a2296e,62514232,2026-08-07T00:16:08Z
0xa5ce0e054cc4045814dd85e7a19bb55eb1e4d9e7,1,2056,0x0b012055f770ae7bb7a8303968a7fb6088a2296e,62514232,2026-08-07T00:16:08Z
0xa59084c83c347081e622a9aaa2540bfc6bca520c,1,422,0x0b012055f770ae7bb7a8303968a7fb6088a2296e,62514232,2026-08-07T00:16:08Z
0xa4f10ed18dbc6c2aff88a017e6c6cdcc341f7605,1,8667,0x0b012055f770ae7bb7a8303968a7fb6088a2296e,62514232,2026-08-07T00:16:08Z
0xa4c94e76bd0cbe08194ef4ab46b53c46d02674c6,1,1903,0x0b012055f770ae7bb7a8303968a7fb6088a2296e,62514232,2026-08-07T00:16:08Z
0xa49bfc7bf1946f0e2cdb516f517dcb1df97d1ff2,1,8676,0x0b012055f770ae7bb7a8303968a7fb6088a2296e,62514232,2026-08-07T00:16:08Z
0xa4733b73b55676232c36547c17c771710ce7d649,1,2989,0x0b012055f770ae7bb7a8303968a7fb6088a2296e,62514232,2026-08-07T00:16:08Z
0xa46057dac740a972d495e92c4d99159b67a2b2c9,1,3867,0x0b012055f770ae7bb7a8303968a7fb6088a2296e,62514232,2026-08-07T00:16:08Z
0xa3d9bf7da3a4917c8ec87cbd6b24e146430adc21,1,3408,0x0b012055f770ae7bb7a8303968a7fb6088a2296e,62514232,2026-08-07T00:16:08Z
0xa3a092fa2b3d20df8e8810d4bb56705fea499111,1,7490,0x0b012055f770ae7bb7a8303968a7fb6088a2296e,62514232,2026-08-07T00:16:08Z
0xa3347ebf96d49084519f510401e679fabf90931b,1,1204,0x0b012055f770ae7bb7a8303968a7fb6088a2296e,62514232,2026-08-07T00:16:08Z
0xa29c765eb99054ea2917324cfd387bdea507826c,1,2596,0x0b012055f770ae7bb7a8303968a7fb6088a2296e,62514232,2026-08-07T00:16:08Z
0xa22ae3ba608f81eb857a30c039fd490871da9019,1,3294,0x0b012055f770ae7bb7a8303968a7fb6088a2296e,62514232,2026-08-07T00:16:08Z
0xa22858bf76f9aad3ed6e2b55b227c32166666666,1,771,0x0b012055f770ae7bb7a8303968a7fb6088a2296e,62514232,2026-08-07T00:16:08Z
0xa1ff2560f07707a9eb57dc606b2ce44dcfe08b3c,1,5319,0x0b012055f770ae7bb7a8303968a7fb6088a2296e,62514232,2026-08-07T00:16:08Z
0xa1ce7bed292dda1538dcc3ef49e80639cf84dedd,1,124,0x0b012055f770ae7bb7a8303968a7fb6088a2296e,62514232,2026-08-07T00:16:08Z
0xa0c477bb91307616ec8b5504976a794aba89b25d,1,4762,0x0b012055f770ae7bb7a8303968a7fb6088a2296e,62514232,2026-08-07T00:16:08Z
0xa0bf017beb88e39354213f137a31991694caa3b3,1,8359,0x0b012055f770ae7bb7a8303968a7fb6088a2296e,62514232,2026-08-07T00:16:08Z
0xa08a6035ebe3942c900f5d684f8ebe5aea047a20,1,3617,0x0b012055f770ae7bb7a8303968a7fb6088a2296e,62514232,2026-08-07T00:16:08Z
0xa0816358c920eb384b493a68c3b74a5e8ad52a74,1,719,0x0b012055f770ae7bb7a8303968a7fb6088a2296e,62514232,2026-08-07T00:16:08Z
0xa027ab3bd783dfd02d7fa3beb4443858353e49ac,1,3548,0x0b012055f770ae7bb7a8303968a7fb6088a2296e,62514232,2026-08-07T00:16:08Z
0x9fe9922150ba499a0db94e53a0897a8f65bba289,1,8668,0x0b012055f770ae7bb7a8303968a7fb6088a2296e,62514232,2026-08-07T00:16:08Z
0x9fb7b6929dcabdac5f5676b74d2443627eb01baa,1,6191,0x0b012055f770ae7bb7a8303968a7fb6088a2296e,62514232,2026-08-07T00:16:08Z
0x9f1e7f58da5d6a0a95db6839e97fd1f1ec113e68,1,2019,0x0b012055f770ae7bb7a8303968a7fb6088a2296e,62514232,2026-08-07T00:16:08Z
0x9c08a92fd518e19ab93f4633f334d5110d467a70,1,1146,0x0b012055f770ae7bb7a8303968a7fb6088a2296e,62514232,2026-08-07T00:16:08Z
0x9bf3aebe6eb7cb0ab720ea7cd85d0ad2948b0037,1,3611,0x0b012055f770ae7bb7a8303968a7fb6088a2296e,62514232,2026-08-07T00:16:08Z
0x9b7437fd97b1eae0457c3e77b6d3dc03717056c4,1,3145,0x0b012055f770ae7bb7a8303968a7fb6088a2296e,62514232,2026-08-07T00:16:08Z
0x9b5dbe0400d0c44283e8c3367439eb53a167ab17,1,3911,0x0b012055f770ae7bb7a8303968a7fb6088a2296e,62514232,2026-08-07T00:16:08Z
0x9b4bffedec96466a89230b9b1c271c4a6c7c091e,1,8397,0x0b012055f770ae7bb7a8303968a7fb6088a2296e,62514232,2026-08-07T00:16:08Z
0x9b21af024b0b5580e0097055256468fe1fb4cf86,1,35,0x0b012055f770ae7bb7a8303968a7fb6088a2296e,62514232,2026-08-07T00:16:08Z
0x9aeecd83cbaa5514da0e28e9bec48a5adf6bac90,1,1949,0x0b012055f770ae7bb7a8303968a7fb6088a2296e,62514232,2026-08-07T00:16:08Z
0x9a4b41b575be267bfdf70d1bc82221214d61a318,1,3166,0x0b012055f770ae7bb7a8303968a7fb6088a2296e,62514232,2026-08-07T00:16:08Z
0x9a16c1c577cf5d52521d4c74105ce0e4f26c87b4,1,1715,0x0b012055f770ae7bb7a8303968a7fb6088a2296e,62514232,2026-08-07T00:16:08Z
0x99cdb33df8726f1952af7f60a02e70436241d499,1,672,0x0b012055f770ae7bb7a8303968a7fb6088a2296e,62514232,2026-08-07T00:16:08Z
0x999991e93b0b3f5e83fd2dd4c9a309f0e9f288dc,1,7,0x0b012055f770ae7bb7a8303968a7fb6088a2296e,62514232,2026-08-07T00:16:08Z
0x998fe3be92852de06c70381033f7cc94432fa0f5,1,7981,0x0b012055f770ae7bb7a8303968a7fb6088a2296e,62514232,2026-08-07T00:16:08Z
0x989c62ca9474b80f4435d1e991ffa05a4b0f6ad7,1,3063,0x0b012055f770ae7bb7a8303968a7fb6088a2296e,62514232,2026-08-07T00:16:08Z
0x985ab1b130c2b449bd5a65a87710a66dbc52bc66,1,3997,0x0b012055f770ae7bb7a8303968a7fb6088a2296e,62514232,2026-08-07T00:16:08Z
0x97e26e0201d7552bb5b123147c6e055af1e76012,1,7777,0x0b012055f770ae7bb7a8303968a7fb6088a2296e,62514232,2026-08-07T00:16:08Z
0x97de0c3819c1ed2f88954fa157dcf01dd006b2dc,1,1215,0x0b012055f770ae7bb7a8303968a7fb6088a2296e,62514232,2026-08-07T00:16:08Z
0x9789f775f3619d3a6f8f05141acdf4828951b61c,1,1559,0x0b012055f770ae7bb7a8303968a7fb6088a2296e,62514232,2026-08-07T00:16:08Z
0x96ed90292aeae742cf04b1a4cc45f6a8b1d4e17d,1,1861,0x0b012055f770ae7bb7a8303968a7fb6088a2296e,62514232,2026-08-07T00:16:08Z
0x967a4e8418de12ca89320313975be5e4f33a5c2d,1,8300,0x0b012055f770ae7bb7a8303968a7fb6088a2296e,62514232,2026-08-07T00:16:08Z
0x966a647244159a37c68bfaccf0d01289c1f5a07e,1,4028,0x0b012055f770ae7bb7a8303968a7fb6088a2296e,62514232,2026-08-07T00:16:08Z
0x9601f77a62495051c6a0919cd9a47f0543d13e43,1,8376,0x0b012055f770ae7bb7a8303968a7fb6088a2296e,62514232,2026-08-07T00:16:08Z
0x959c277194061d866b5ac71040a7ff614c675c58,1,7350,0x0b012055f770ae7bb7a8303968a7fb6088a2296e,62514232,2026-08-07T00:16:08Z
0x953faf0ab79575f0fd4bc8115b720045f8ec95a4,1,355,0x0b012055f770ae7bb7a8303968a7fb6088a2296e,62514232,2026-08-07T00:16:08Z
0x9452eb4042603c4553d243face7cbf5e2880fbe1,1,337,0x0b012055f770ae7bb7a8303968a7fb6088a2296e,62514232,2026-08-07T00:16:08Z
0x939de36956582165c71fd2b1646f94a7347f2895,1,307,0x0b012055f770ae7bb7a8303968a7fb6088a2296e,62514232,2026-08-07T00:16:08Z
0x9377755c8ced30345981e518a2373456afe1bd7e,1,938,0x0b012055f770ae7bb7a8303968a7fb6088a2296e,62514232,2026-08-07T00:16:08Z
0x9372fe6d14d57988b7ec923815cc9243b313d532,1,1321,0x0b012055f770ae7bb7a8303968a7fb6088a2296e,62514232,2026-08-07T00:16:08Z
0x934be79e98b590ca65c3dcd2ad628e8befe986be,1,3904,0x0b012055f770ae7bb7a8303968a7fb6088a2296e,62514232,2026-08-07T00:16:08Z
0x93312371bbffc54292357d8f26ac796b311b4cbb,1,7320,0x0b012055f770ae7bb7a8303968a7fb6088a2296e,62514232,2026-08-07T00:16:08Z
0x92f9c191ede193eaebc7c0d7c4985cd6565193b3,1,376,0x0b012055f770ae7bb7a8303968a7fb6088a2296e,62514232,2026-08-07T00:16:08Z
0x92f35419f204e2e92c3c8f31e4adf71b7526b5ed,1,5312,0x0b012055f770ae7bb7a8303968a7fb6088a2296e,62514232,2026-08-07T00:16:08Z
0x90f11bcf68f44a7edc142186fced2314da35655d,1,621,0x0b012055f770ae7bb7a8303968a7fb6088a2296e,62514232,2026-08-07T00:16:08Z
0x909f9a21ff74d747f8c051e288a97a9e62868aba,1,1463,0x0b012055f770ae7bb7a8303968a7fb6088a2296e,62514232,2026-08-07T00:16:08Z
0x90054c41a03325683199946e1fcd157ce98b6764,1,944,0x0b012055f770ae7bb7a8303968a7fb6088a2296e,62514232,2026-08-07T00:16:08Z
0x8f31c4b2ac641838d788f46ca896e3970e85a014,1,3762,0x0b012055f770ae7bb7a8303968a7fb6088a2296e,62514232,2026-08-07T00:16:08Z
0x8f0568899653dc5853954cc02b29c37862982148,1,1016,0x0b012055f770ae7bb7a8303968a7fb6088a2296e,62514232,2026-08-07T00:16:08Z
0x8eec80ed5acc636a18768489852a68e4d7adf672,1,496,0x0b012055f770ae7bb7a8303968a7fb6088a2296e,62514232,2026-08-07T00:16:08Z
0x8e2fc38597cd0030512991e78e2d2b99c3b6abba,1,286,0x0b012055f770ae7bb7a8303968a7fb6088a2296e,62514232,2026-08-07T00:16:08Z
0x8e235a52ff5738d73e7368d64a92d43aec3885a2,1,3289,0x0b012055f770ae7bb7a8303968a7fb6088a2296e,62514232,2026-08-07T00:16:08Z
0x8d8a668f39df525045cdeae09f87c9430d1c20e8,1,8155,0x0b012055f770ae7bb7a8303968a7fb6088a2296e,62514232,2026-08-07T00:16:08Z
0x8d6f070e5e3f73758426007da680324c10c2869c,1,1017,0x0b012055f770ae7bb7a8303968a7fb6088a2296e,62514232,2026-08-07T00:16:08Z
0x8d6272d4ca59cd9ea483f2a182d3a8e555591b67,1,6194,0x0b012055f770ae7bb7a8303968a7fb6088a2296e,62514232,2026-08-07T00:16:08Z
0x8d160063e641252f4b424a9af89e88b24e04e444,1,1308,0x0b012055f770ae7bb7a8303968a7fb6088a2296e,62514232,2026-08-07T00:16:08Z
0x8d002cc7ac3535271e421951c43518eb7efc1284,1,1210,0x0b012055f770ae7bb7a8303968a7fb6088a2296e,62514232,2026-08-07T00:16:08Z
0x8c2c50a53b1c32c761fff1e68210b7d53fbc8dbf,1,1793,0x0b012055f770ae7bb7a8303968a7fb6088a2296e,62514232,2026-08-07T00:16:08Z
0x8bdf4d540c91f21876129df3ea926d9c123dc72f,1,1467,0x0b012055f770ae7bb7a8303968a7fb6088a2296e,62514232,2026-08-07T00:16:08Z
0x8ba6fb982cb4b6a240065376b944100bce31b9d6,1,2660,0x0b012055f770ae7bb7a8303968a7fb6088a2296e,62514232,2026-08-07T00:16:08Z
0x8b15add1032234fb88abe3098d26d25363a72625,1,1149,0x0b012055f770ae7bb7a8303968a7fb6088a2296e,62514232,2026-08-07T00:16:08Z
0x8af7e426af2ffcb939b9bb164a807dba76adc40d,1,1356,0x0b012055f770ae7bb7a8303968a7fb6088a2296e,62514232,2026-08-07T00:16:08Z
0x8aeb03c429a239228f2be114d5132b2015e54890,1,2132,0x0b012055f770ae7bb7a8303968a7fb6088a2296e,62514232,2026-08-07T00:16:08Z
0x8aea61ee7c1996f1a6c41601c8a5f8dda6d46835,1,8506,0x0b012055f770ae7bb7a8303968a7fb6088a2296e,62514232,2026-08-07T00:16:08Z
0x8ab779c4aa9ea020f7456bf1b7ebb2fbe38cfef4,1,3797,0x0b012055f770ae7bb7a8303968a7fb6088a2296e,62514232,2026-08-07T00:16:08Z
0x8a85c2378dcee0f2ac3ad288f63bbaae47173a10,1,5347,0x0b012055f770ae7bb7a8303968a7fb6088a2296e,62514232,2026-08-07T00:16:08Z
0x8a7baf1c572306456e877ed2b9f7d6997058da49,1,8076,0x0b012055f770ae7bb7a8303968a7fb6088a2296e,62514232,2026-08-07T00:16:08Z
0x8a4ea3ca745941663d7f9dd93b952ab06eadbdc9,1,1433,0x0b012055f770ae7bb7a8303968a7fb6088a2296e,62514232,2026-08-07T00:16:08Z
0x89ab22c77da9ac14af816dcb2c2c36b91d6c4fcb,1,2633,0x0b012055f770ae7bb7a8303968a7fb6088a2296e,62514232,2026-08-07T00:16:08Z
0x8934ba9e7c3003a6e4d8f43e1643fa70bde99b30,1,5866,0x0b012055f770ae7bb7a8303968a7fb6088a2296e,62514232,2026-08-07T00:16:08Z
0x88b7c9a6620f248734f64ff726a0320661467d7a,1,1171,0x0b012055f770ae7bb7a8303968a7fb6088a2296e,62514232,2026-08-07T00:16:08Z
0x887938d4807188cd59e15bd362f3c57bac394788,1,3354,0x0b012055f770ae7bb7a8303968a7fb6088a2296e,62514232,2026-08-07T00:16:08Z
0x8844a6ed10e703c667c5bbed38715dbcd858f1e7,1,2315,0x0b012055f770ae7bb7a8303968a7fb6088a2296e,62514232,2026-08-07T00:16:08Z
0x88124d7d19fda0cf10830d9440a49ab5410d4873,1,157,0x0b012055f770ae7bb7a8303968a7fb6088a2296e,62514232,2026-08-07T00:16:08Z
0x87ee8b4ecac00b42a9fc2c4148c74013b218d58b,1,2349,0x0b012055f770ae7bb7a8303968a7fb6088a2296e,62514232,2026-08-07T00:16:08Z
0x87d4e8e4b8632590e8e409423d79354aaac88640,1,2385,0x0b012055f770ae7bb7a8303968a7fb6088a2296e,62514232,2026-08-07T00:16:08Z
0x87a798bba50b142bc2b7c2720783701d36a335af,1,1785,0x0b012055f770ae7bb7a8303968a7fb6088a2296e,62514232,2026-08-07T00:16:08Z
0x86e03a19652da1ebf7be3de4ac2b63770535fea9,1,3627,0x0b012055f770ae7bb7a8303968a7fb6088a2296e,62514232,2026-08-07T00:16:08Z
0x86c16f44bc75851a9e2e16e28366add78169fea9,1,8335,0x0b012055f770ae7bb7a8303968a7fb6088a2296e,62514232,2026-08-07T00:16:08Z
0x86a41524cb61edd8b115a72ad9735f8068996688,1,2020,0x0b012055f770ae7bb7a8303968a7fb6088a2296e,62514232,2026-08-07T00:16:08Z
0x864e0c0020846cdec115a74449e08dfa3aacba6b,1,4276,0x0b012055f770ae7bb7a8303968a7fb6088a2296e,62514232,2026-08-07T00:16:08Z
0x85b8927cea8649e20f64a8c0192d0ce460605b94,1,2836,0x0b012055f770ae7bb7a8303968a7fb6088a2296e,62514232,2026-08-07T00:16:08Z
0x8593a34c56fd0d532b8d9355207d61a07f99936f,1,7934,0x0b012055f770ae7bb7a8303968a7fb6088a2296e,62514232,2026-08-07T00:16:08Z
0x857d7594327bb4ec4f13d7191c74af217dd95c96,1,41,0x0b012055f770ae7bb7a8303968a7fb6088a2296e,62514232,2026-08-07T00:16:08Z
0x8563ca04f94ab4c396fae1010fe84c5d3fc9f767,1,3225,0x0b012055f770ae7bb7a8303968a7fb6088a2296e,62514232,2026-08-07T00:16:08Z
0x84f35ca31bcb81b6e2239c790e4ea79707501861,1,1953,0x0b012055f770ae7bb7a8303968a7fb6088a2296e,62514232,2026-08-07T00:16:08Z
0x84aa2d250776df0ffee42fff4bb52d5a93467a40,1,511,0x0b012055f770ae7bb7a8303968a7fb6088a2296e,62514232,2026-08-07T00:16:08Z
0x846976adde6f17afd4590312781dca81455c21d8,1,104,0x0b012055f770ae7bb7a8303968a7fb6088a2296e,62514232,2026-08-07T00:16:08Z
0x83aa76079f542809de7a862c7ec1d405ca6e0da2,1,7309,0x0b012055f770ae7bb7a8303968a7fb6088a2296e,62514232,2026-08-07T00:16:08Z
0x82d53cde9d5f286762ac33e9203a278d030feffc,1,5338,0x0b012055f770ae7bb7a8303968a7fb6088a2296e,62514232,2026-08-07T00:16:08Z
0x82794da0d1e3d01e190cc59537ac36ba6bfa1415,1,7387,0x0b012055f770ae7bb7a8303968a7fb6088a2296e,62514232,2026-08-07T00:16:08Z
0x81fbb124d51a30116f8401b5c5e5c7297c94ebab,1,5461,0x0b012055f770ae7bb7a8303968a7fb6088a2296e,62514232,2026-08-07T00:16:08Z
0x81c3fdb2270d4f3619c4c4fd18f16c1d5d319020,1,534,0x0b012055f770ae7bb7a8303968a7fb6088a2296e,62514232,2026-08-07T00:16:08Z
0x8167d75bac061d8e6d51205feafbd61e2490a61b,1,2711,0x0b012055f770ae7bb7a8303968a7fb6088a2296e,62514232,2026-08-07T00:16:08Z
0x8158689525f0f042319bfb19ac1c7d2e5e6f95ef,1,3357,0x0b012055f770ae7bb7a8303968a7fb6088a2296e,62514232,2026-08-07T00:16:08Z
0x81547a364bc223adfdfc953cc2cf5950c64e0649,1,418,0x0b012055f770ae7bb7a8303968a7fb6088a2296e,62514232,2026-08-07T00:16:08Z
0x80c930f5636ae4c3ef0c5b3db6a6d904065a161c,1,117,0x0b012055f770ae7bb7a8303968a7fb6088a2296e,62514232,2026-08-07T00:16:08Z
0x806095ed9de7006aaa712746f8576f627aaed81b,1,535,0x0b012055f770ae7bb7a8303968a7fb6088a2296e,62514232,2026-08-07T00:16:08Z
0x8039b1d1e9e3ddba8ff9c7814ec9dbc55df57279,1,1409,0x0b012055f770ae7bb7a8303968a7fb6088a2296e,62514232,2026-08-07T00:16:08Z
0x80327002b6c35657b8367290b22c2dc69a399b84,1,7371,0x0b012055f770ae7bb7a8303968a7fb6088a2296e,62514232,2026-08-07T00:16:08Z
0x7f36a317ea8da45693ed087e64baf0d321aaece3,1,3360,0x0b012055f770ae7bb7a8303968a7fb6088a2296e,62514232,2026-08-07T00:16:08Z
0x7e9409980f13c6511fff53e7b0135b462881359a,1,4720,0x0b012055f770ae7bb7a8303968a7fb6088a2296e,62514232,2026-08-07T00:16:08Z
0x7e86a8060189bc6953baa72bcc9b43e6676ca15d,1,3148,0x0b012055f770ae7bb7a8303968a7fb6088a2296e,62514232,2026-08-07T00:16:08Z
0x7dd2a4fcefd8f52a02e654fa07f974b7aceb38e1,1,7939,0x0b012055f770ae7bb7a8303968a7fb6088a2296e,62514232,2026-08-07T00:16:08Z
0x7db6bb068fd59721e856e32166d2f417b4c8543a,1,733,0x0b012055f770ae7bb7a8303968a7fb6088a2296e,62514232,2026-08-07T00:16:08Z
0x7da9266e76894523e9aca8088d15a084b6ef440a,1,3820,0x0b012055f770ae7bb7a8303968a7fb6088a2296e,62514232,2026-08-07T00:16:08Z
0x7d9907f35d4d77661571c7bef5244e4e2aa460d8,1,2267,0x0b012055f770ae7bb7a8303968a7fb6088a2296e,62514232,2026-08-07T00:16:08Z
0x7d9694830c9baf6601d569682c26ad3af61d1302,1,805,0x0b012055f770ae7bb7a8303968a7fb6088a2296e,62514232,2026-08-07T00:16:08Z
0x7d4f74820132a10cec69ebfe5b43be4a92d6d99d,1,3249,0x0b012055f770ae7bb7a8303968a7fb6088a2296e,62514232,2026-08-07T00:16:08Z
0x7cd7971b1a35491a78d05970c533adaed00272b1,1,724,0x0b012055f770ae7bb7a8303968a7fb6088a2296e,62514232,2026-08-07T00:16:08Z
0x7c84e769d02b649e5c3301f26b893ae6df12a70e,1,4490,0x0b012055f770ae7bb7a8303968a7fb6088a2296e,62514232,2026-08-07T00:16:08Z
0x7c471df43d88ffbc53876983b5a18839f64e6200,1,374,0x0b012055f770ae7bb7a8303968a7fb6088a2296e,62514232,2026-08-07T00:16:08Z
0x7ad29b71a4d9cb9f1850f3f7d3e31e1310ef700a,1,3602,0x0b012055f770ae7bb7a8303968a7fb6088a2296e,62514232,2026-08-07T00:16:08Z
0x7a21a792bd165fa616fbacd4b0e5d288d094d7d4,1,3484,0x0b012055f770ae7bb7a8303968a7fb6088a2296e,62514232,2026-08-07T00:16:08Z
0x79f2c2c3565f1f5ea43b671a0e8bd73ba09060e8,1,6650,0x0b012055f770ae7bb7a8303968a7fb6088a2296e,62514232,2026-08-07T00:16:08Z
0x7992590f76d8fd012cfc2472b5fb0147549074cc,1,233,0x0b012055f770ae7bb7a8303968a7fb6088a2296e,62514232,2026-08-07T00:16:08Z
0x796c85135b28d778dabb786aa8a4f6b59554a0cd,1,4244,0x0b012055f770ae7bb7a8303968a7fb6088a2296e,62514232,2026-08-07T00:16:08Z
0x7940584fc34a0f6a2536c0dfded48572c63af92d,1,4750,0x0b012055f770ae7bb7a8303968a7fb6088a2296e,62514232,2026-08-07T00:16:08Z
0x7912b3f5f358f5761377c041168332b63084a888,1,2585,0x0b012055f770ae7bb7a8303968a7fb6088a2296e,62514232,2026-08-07T00:16:08Z
0x78d892c0b021d813e72100922ce93be93de63ae5,1,1737,0x0b012055f770ae7bb7a8303968a7fb6088a2296e,62514232,2026-08-07T00:16:08Z
0x78cec12bfa361b665f943dd9c6f6c2686745113b,1,7669,0x0b012055f770ae7bb7a8303968a7fb6088a2296e,62514232,2026-08-07T00:16:08Z
0x78c4f5cef16333804394fe736fc5868351968fd7,1,8318,0x0b012055f770ae7bb7a8303968a7fb6088a2296e,62514232,2026-08-07T00:16:08Z
0x77e7e0bbe09e920669abeacdc537d1528c7cbb53,1,5051,0x0b012055f770ae7bb7a8303968a7fb6088a2296e,62514232,2026-08-07T00:16:08Z
0x77e798779865d30b1a80f5a5bf27ec74e7636718,1,3719,0x0b012055f770ae7bb7a8303968a7fb6088a2296e,62514232,2026-08-07T00:16:08Z
0x7798ba9512b5a684c12e31518923ea4221a41fb9,1,7687,0x0b012055f770ae7bb7a8303968a7fb6088a2296e,62514232,2026-08-07T00:16:08Z
0x7759b88d115a829f07d2b84c6fc9db9d897c41a4,1,1739,0x0b012055f770ae7bb7a8303968a7fb6088a2296e,62514232,2026-08-07T00:16:08Z
0x7672e9ede5d323d34d9675a1b0636fe8e91355ff,1,3609,0x0b012055f770ae7bb7a8303968a7fb6088a2296e,62514232,2026-08-07T00:16:08Z
0x75d306b1105286665867001ca121c74686b81126,1,7416,0x0b012055f770ae7bb7a8303968a7fb6088a2296e,62514232,2026-08-07T00:16:08Z
0x75a6c5f40d210b0ea96d7b2efabc8b8a3d845d4e,1,5182,0x0b012055f770ae7bb7a8303968a7fb6088a2296e,62514232,2026-08-07T00:16:08Z
0x75a49cc7d1e39f2c743dcbbd462189f4d15f9cab,1,1396,0x0b012055f770ae7bb7a8303968a7fb6088a2296e,62514232,2026-08-07T00:16:08Z
0x755264909d6c1ff3448c3e5903caa3b8b884b3a5,1,8146,0x0b012055f770ae7bb7a8303968a7fb6088a2296e,62514232,2026-08-07T00:16:08Z
0x74befd05358fefa5e2a2a8893bc0245698666d5a,1,1108,0x0b012055f770ae7bb7a8303968a7fb6088a2296e,62514232,2026-08-07T00:16:08Z
0x743ed4a84ed36bad118379c8ee8afd2638043b92,1,6022,0x0b012055f770ae7bb7a8303968a7fb6088a2296e,62514232,2026-08-07T00:16:08Z
0x741bebece723666c5ac16d20c3851a0450ac2799,1,8653,0x0b012055f770ae7bb7a8303968a7fb6088a2296e,62514232,2026-08-07T00:16:08Z
0x7385f8b5ab1303c8e476d371973db768f1a43bb4,1,969,0x0b012055f770ae7bb7a8303968a7fb6088a2296e,62514232,2026-08-07T00:16:08Z
0x723d93df6881fba4a8ebeb1368132c4b210d6723,1,2669,0x0b012055f770ae7bb7a8303968a7fb6088a2296e,62514232,2026-08-07T00:16:08Z
0x71ae2f25f3b8be836d3703bbaecf6ebe6acdb86d,1,7297,0x0b012055f770ae7bb7a8303968a7fb6088a2296e,62514232,2026-08-07T00:16:08Z
0x713bffacb54b3ad99177f597494c8d6c71b8f52b,1,1451,0x0b012055f770ae7bb7a8303968a7fb6088a2296e,62514232,2026-08-07T00:16:08Z
0x70f7b70cdfb0bb4e9472e08b4a690e647fd4db9e,1,364,0x0b012055f770ae7bb7a8303968a7fb6088a2296e,62514232,2026-08-07T00:16:08Z
0x707a29e6593406e6444c4a465f535ad44962cef6,1,1111,0x0b012055f770ae7bb7a8303968a7fb6088a2296e,62514232,2026-08-07T00:16:08Z
0x6e519808c59fbd5fa3d4dd5bce25b572424d0070,1,7648,0x0b012055f770ae7bb7a8303968a7fb6088a2296e,62514232,2026-08-07T00:16:08Z
0x6dff939e418d8011fd21647e9e1e83e83283e8f5,1,8654,0x0b012055f770ae7bb7a8303968a7fb6088a2296e,62514232,2026-08-07T00:16:08Z
0x6de6a10e9a2cb0d4b11de40b7b42b117791bf91e,1,3195,0x0b012055f770ae7bb7a8303968a7fb6088a2296e,62514232,2026-08-07T00:16:08Z
0x6dac996e32cebca0afa8fc701c5ef65088a90947,1,3314,0x0b012055f770ae7bb7a8303968a7fb6088a2296e,62514232,2026-08-07T00:16:08Z
0x6d52f3f11e804d518c0c483f4865c2581c5ca7f9,1,662,0x0b012055f770ae7bb7a8303968a7fb6088a2296e,62514232,2026-08-07T00:16:08Z
0x6ceb52098a5c4b5b9f82720c4c17f5755bcb94dd,1,7330,0x0b012055f770ae7bb7a8303968a7fb6088a2296e,62514232,2026-08-07T00:16:08Z
0x6b6aab005fcf7b4a799a8f62b52c7351e2fc975b,1,2846,0x0b012055f770ae7bb7a8303968a7fb6088a2296e,62514232,2026-08-07T00:16:08Z
0x6b401b4b53219fb4e5ea71d4a98cd3c75095ee77,1,3621,0x0b012055f770ae7bb7a8303968a7fb6088a2296e,62514232,2026-08-07T00:16:08Z
0x6b238d58bd9238a65e3a1b59e52722866f026663,1,2397,0x0b012055f770ae7bb7a8303968a7fb6088a2296e,62514232,2026-08-07T00:16:08Z
0x6af772b6b81fc3c42ec59fe88e1135c350213589,1,1886,0x0b012055f770ae7bb7a8303968a7fb6088a2296e,62514232,2026-08-07T00:16:08Z
0x6ac29214d20f17a451dd122257ae743d0bdf31b9,1,2124,0x0b012055f770ae7bb7a8303968a7fb6088a2296e,62514232,2026-08-07T00:16:08Z
0x6a27325a7c4a69d52cdbe9aceaa568aa93820203,1,3507,0x0b012055f770ae7bb7a8303968a7fb6088a2296e,62514232,2026-08-07T00:16:08Z
0x68de784c498757c2ce18670454271b963dc846ea,1,96,0x0b012055f770ae7bb7a8303968a7fb6088a2296e,62514232,2026-08-07T00:16:08Z
0x68a57af44503da4223bb6f494de012410fda1ae0,1,4829,0x0b012055f770ae7bb7a8303968a7fb6088a2296e,62514232,2026-08-07T00:16:08Z
0x688f0c8e1b34bcdc5ca066a9c379d1a299699999,1,3847,0x0b012055f770ae7bb7a8303968a7fb6088a2296e,62514232,2026-08-07T00:16:08Z
0x6780594a78b3c418c12b0fc038a10202c375a15a,1,883,0x0b012055f770ae7bb7a8303968a7fb6088a2296e,62514232,2026-08-07T00:16:08Z
0x67575d7df3d10488b38f1a77d239c277e34a6efe,1,1763,0x0b012055f770ae7bb7a8303968a7fb6088a2296e,62514232,2026-08-07T00:16:08Z
0x6666a932d1cf6047434d36802e4a6b8bf1c30789,1,1905,0x0b012055f770ae7bb7a8303968a7fb6088a2296e,62514232,2026-08-07T00:16:08Z
0x6639ee4f3fc6886f81ab81badf6898bdd4004890,1,8672,0x0b012055f770ae7bb7a8303968a7fb6088a2296e,62514232,2026-08-07T00:16:08Z
0x65e6d3233e798b0887ef04a9e56ef845eff162db,1,97,0x0b012055f770ae7bb7a8303968a7fb6088a2296e,62514232,2026-08-07T00:16:08Z
0x657337fe58c248edf101d07d5410e0b6e578ee82,1,1857,0x0b012055f770ae7bb7a8303968a7fb6088a2296e,62514232,2026-08-07T00:16:08Z
0x654f2b3453d33c1348c7d9bc89fe975b439f86de,1,4200,0x0b012055f770ae7bb7a8303968a7fb6088a2296e,62514232,2026-08-07T00:16:08Z
0x64e83712885daeccad35b630a3708cbdb93ada62,1,7662,0x0b012055f770ae7bb7a8303968a7fb6088a2296e,62514232,2026-08-07T00:16:08Z
0x6439f5d99c85a66a3de6d2cee73ccc4e2b011aee,1,6286,0x0b012055f770ae7bb7a8303968a7fb6088a2296e,62514232,2026-08-07T00:16:08Z
0x63c0a620718aa2d1d2dbb192b35037e5977ca307,1,3057,0x0b012055f770ae7bb7a8303968a7fb6088a2296e,62514232,2026-08-07T00:16:08Z
0x63976c1d97e672573354c51100ab7b52e56be7d9,1,454,0x0b012055f770ae7bb7a8303968a7fb6088a2296e,62514232,2026-08-07T00:16:08Z
0x62ed73a1bd57665f5537c2a2622e75679066771f,1,3330,0x0b012055f770ae7bb7a8303968a7fb6088a2296e,62514232,2026-08-07T00:16:08Z
0x62b3db036f91c87d0e923a3f303567e7f928ba6c,1,3714,0x0b012055f770ae7bb7a8303968a7fb6088a2296e,62514232,2026-08-07T00:16:08Z
0x6236914182a40d9515de1f83a2fff6afd91ce608,1,2018,0x0b012055f770ae7bb7a8303968a7fb6088a2296e,62514232,2026-08-07T00:16:08Z
0x620970b29c71cb538552136ad2522ff671539511,1,253,0x0b012055f770ae7bb7a8303968a7fb6088a2296e,62514232,2026-08-07T00:16:08Z
0x61f8ad898520c987717055a11db3d49db090778d,1,301,0x0b012055f770ae7bb7a8303968a7fb6088a2296e,62514232,2026-08-07T00:16:08Z
0x61beab4f9c23a64140a74c95f55ebc8c71590184,1,1415,0x0b012055f770ae7bb7a8303968a7fb6088a2296e,62514232,2026-08-07T00:16:08Z
0x61b92b76abc8c6fcfbfba4a6d0496a399fe73da7,1,1551,0x0b012055f770ae7bb7a8303968a7fb6088a2296e,62514232,2026-08-07T00:16:08Z
0x6127fb7f43853d925cebf6bbdb58d71f8a2fb8ea,1,16,0x0b012055f770ae7bb7a8303968a7fb6088a2296e,62514232,2026-08-07T00:16:08Z
0x60a3d8d250596ed758c25542094ca4b408616f63,1,7377,0x0b012055f770ae7bb7a8303968a7fb6088a2296e,62514232,2026-08-07T00:16:08Z
0x608d20185a763f518ebb488a194c37d973e9c1f8,1,2294,0x0b012055f770ae7bb7a8303968a7fb6088a2296e,62514232,2026-08-07T00:16:08Z
0x6032baf40944755443d6285bad4a67fdf32c392c,1,2375,0x0b012055f770ae7bb7a8303968a7fb6088a2296e,62514232,2026-08-07T00:16:08Z
0x5f76838e7d1fd7cfbbeaf743d78883c075b94753,1,1214,0x0b012055f770ae7bb7a8303968a7fb6088a2296e,62514232,2026-08-07T00:16:08Z
0x5f26cc1c4fd6f9b0db0722f4e6737bc547352c46,1,6870,0x0b012055f770ae7bb7a8303968a7fb6088a2296e,62514232,2026-08-07T00:16:08Z
0x5eece526d4729d4c682274073564350b33d0a809,1,3463,0x0b012055f770ae7bb7a8303968a7fb6088a2296e,62514232,2026-08-07T00:16:08Z
0x5e592858aea2cdaefc23da210c03e27cd9d89b1c,1,3578,0x0b012055f770ae7bb7a8303968a7fb6088a2296e,62514232,2026-08-07T00:16:08Z
0x5e4483096ae37974e5ac7d60cc8a856db5e68fe8,1,1087,0x0b012055f770ae7bb7a8303968a7fb6088a2296e,62514232,2026-08-07T00:16:08Z
0x5dec261ce18d2aadc909b18c2948d8ccc3da017c,1,2230,0x0b012055f770ae7bb7a8303968a7fb6088a2296e,62514232,2026-08-07T00:16:08Z
0x5d94a7b776177aa500970cdd5b13c6c05478b8bc,1,121,0x0b012055f770ae7bb7a8303968a7fb6088a2296e,62514232,2026-08-07T00:16:08Z
0x5d4ed040f2b5be06aaabcfdc73d5fe1aed940b57,1,793,0x0b012055f770ae7bb7a8303968a7fb6088a2296e,62514232,2026-08-07T00:16:08Z
0x5d1124fb77c539ec92e3ef853053bbce1e98271b,1,6008,0x0b012055f770ae7bb7a8303968a7fb6088a2296e,62514232,2026-08-07T00:16:08Z
0x5ce8b8125329502e6735d2258454c5bfa7a69f82,1,5898,0x0b012055f770ae7bb7a8303968a7fb6088a2296e,62514232,2026-08-07T00:16:08Z
0x5c3cbced3810b650ba4d00dbaa6a077c75272093,1,2058,0x0b012055f770ae7bb7a8303968a7fb6088a2296e,62514232,2026-08-07T00:16:08Z
0x5c2a99f65c226663c786d4b293acdf99421a1dc9,1,4052,0x0b012055f770ae7bb7a8303968a7fb6088a2296e,62514232,2026-08-07T00:16:08Z
0x5c282faf872029b77463b1869d62237621566e78,1,159,0x0b012055f770ae7bb7a8303968a7fb6088a2296e,62514232,2026-08-07T00:16:08Z
0x5b781bc29110cf3d36be0105e1134c2c7d48d91c,1,551,0x0b012055f770ae7bb7a8303968a7fb6088a2296e,62514232,2026-08-07T00:16:08Z
0x5add0b586fe431ec1f65190511cfacdb0efcfda6,1,34,0x0b012055f770ae7bb7a8303968a7fb6088a2296e,62514232,2026-08-07T00:16:08Z
0x5aab562be055217e4ed872dde5eb51480be1a170,1,546,0x0b012055f770ae7bb7a8303968a7fb6088a2296e,62514232,2026-08-07T00:16:08Z
0x5a335d0d63abef364386c5ad4b2c2e38abd30c29,1,1532,0x0b012055f770ae7bb7a8303968a7fb6088a2296e,62514232,2026-08-07T00:16:08Z
0x59f7d84add99db0869a241b0bfec84d24e185853,1,2650,0x0b012055f770ae7bb7a8303968a7fb6088a2296e,62514232,2026-08-07T00:16:08Z
0x58aeab37e85ff2504ea22051b473d46300edf030,1,1064,0x0b012055f770ae7bb7a8303968a7fb6088a2296e,62514232,2026-08-07T00:16:08Z
0x5869f0b2af83e162bdba4f1eb5e8376d6c113570,1,7765,0x0b012055f770ae7bb7a8303968a7fb6088a2296e,62514232,2026-08-07T00:16:08Z
0x5848682ce34a9b7fbadbbb25c5fda9f028c8a28d,1,2081,0x0b012055f770ae7bb7a8303968a7fb6088a2296e,62514232,2026-08-07T00:16:08Z
0x57df829b8364e0d5ea05850cace80c637ea05026,1,114,0x0b012055f770ae7bb7a8303968a7fb6088a2296e,62514232,2026-08-07T00:16:08Z
0x57d825d0c914c58bf571726bf9c4179e99af8744,1,6728,0x0b012055f770ae7bb7a8303968a7fb6088a2296e,62514232,2026-08-07T00:16:08Z
0x579af2e3dc185a2d1b6ac167d534dfb2c84aed0d,1,1152,0x0b012055f770ae7bb7a8303968a7fb6088a2296e,62514232,2026-08-07T00:16:08Z
0x578af94fe28b1c91d7f339f274d5908189dbaa5d,1,1393,0x0b012055f770ae7bb7a8303968a7fb6088a2296e,62514232,2026-08-07T00:16:08Z
0x5646889144dbb12fcdff5d644b5b44e7e5a89acc,1,1170,0x0b012055f770ae7bb7a8303968a7fb6088a2296e,62514232,2026-08-07T00:16:08Z
0x563877b0509424182cb75d1250c062ccef36b425,1,561,0x0b012055f770ae7bb7a8303968a7fb6088a2296e,62514232,2026-08-07T00:16:08Z
0x55c6fc4af2d4aad911bcd2fab58cdc158047906c,1,196,0x0b012055f770ae7bb7a8303968a7fb6088a2296e,62514232,2026-08-07T00:16:08Z
0x55a1438b4b666c4359909ac902c41be09c3b821a,1,1526,0x0b012055f770ae7bb7a8303968a7fb6088a2296e,62514232,2026-08-07T00:16:08Z
0x55986cc9eb57e29875a80a7f70b9abcef063cfaf,1,4781,0x0b012055f770ae7bb7a8303968a7fb6088a2296e,62514232,2026-08-07T00:16:08Z
0x54ba0b75a13bc4253e28a2c9c90972b5afb1a81d,1,5405,0x0b012055f770ae7bb7a8303968a7fb6088a2296e,62514232,2026-08-07T00:16:08Z
0x542a22f25cc0173f5edcb0f6543e8cc0a8051aa5,1,2959,0x0b012055f770ae7bb7a8303968a7fb6088a2296e,62514232,2026-08-07T00:16:08Z
0x5400375ed5632b59d871525fa63b0d01ddbe035e,1,3894,0x0b012055f770ae7bb7a8303968a7fb6088a2296e,62514232,2026-08-07T00:16:08Z
0x53f8951aa354a3a874799b386ffd0e3d2667de27,1,1428,0x0b012055f770ae7bb7a8303968a7fb6088a2296e,62514232,2026-08-07T00:16:08Z
0x53df3b35f2808b8fc75d028e032be6890be9eb84,1,8669,0x0b012055f770ae7bb7a8303968a7fb6088a2296e,62514232,2026-08-07T00:16:08Z
0x5394e3a23cbad5ce74bd04d1126374e65c7f7b60,1,1484,0x0b012055f770ae7bb7a8303968a7fb6088a2296e,62514232,2026-08-07T00:16:08Z
0x530dd8fd385720829c3bf6e1a9e4c3d029b24f1e,1,1262,0x0b012055f770ae7bb7a8303968a7fb6088a2296e,62514232,2026-08-07T00:16:08Z
0x52909543c4c7141cb8e0cf1de6bc4936037cf8c6,1,7872,0x0b012055f770ae7bb7a8303968a7fb6088a2296e,62514232,2026-08-07T00:16:08Z
0x526b7a7ca4077237511fe4419908f4d09f8673ff,1,2980,0x0b012055f770ae7bb7a8303968a7fb6088a2296e,62514232,2026-08-07T00:16:08Z
0x524ffc273240722273eb9bbf27873074629b63a7,1,7630,0x0b012055f770ae7bb7a8303968a7fb6088a2296e,62514232,2026-08-07T00:16:08Z
0x523a16dcf25698a9992327bd0c1d9832c82b8a4d,1,1010,0x0b012055f770ae7bb7a8303968a7fb6088a2296e,62514232,2026-08-07T00:16:08Z
0x51d7ad5db9f3a67c4ac97fac2d6b91b8f95781b7,1,7699,0x0b012055f770ae7bb7a8303968a7fb6088a2296e,62514232,2026-08-07T00:16:08Z
0x518d447076b049afb9ec378145556a92ae44cbb3,1,1211,0x0b012055f770ae7bb7a8303968a7fb6088a2296e,62514232,2026-08-07T00:16:08Z
0x5176856f5c45215689aae28cc23c90186670be6c,1,313,0x0b012055f770ae7bb7a8303968a7fb6088a2296e,62514232,2026-08-07T00:16:08Z
0x507bb483a134d2b9b3f4a184b9ca32268036760c,1,1462,0x0b012055f770ae7bb7a8303968a7fb6088a2296e,62514232,2026-08-07T00:16:08Z
0x5040a4d949d10e6abcca26f15b2b1000db0e8b76,1,7405,0x0b012055f770ae7bb7a8303968a7fb6088a2296e,62514232,2026-08-07T00:16:08Z
0x4f9f480e312a903a46c6b5fe336e17e195e1779f,1,3030,0x0b012055f770ae7bb7a8303968a7fb6088a2296e,62514232,2026-08-07T00:16:08Z
0x4ef18aa6e1d7a818c3c30380be463dfdb2a27572,1,1180,0x0b012055f770ae7bb7a8303968a7fb6088a2296e,62514232,2026-08-07T00:16:08Z
0x4eead15ad7230cb9c4b01f509facf61f5a9e3748,1,627,0x0b012055f770ae7bb7a8303968a7fb6088a2296e,62514232,2026-08-07T00:16:08Z
0x4ed162351438d03f05db9cc068e24c631ef40cc1,1,392,0x0b012055f770ae7bb7a8303968a7fb6088a2296e,62514232,2026-08-07T00:16:08Z
0x4eb71d22af87ecf228a856075c80c143890256e4,1,6370,0x0b012055f770ae7bb7a8303968a7fb6088a2296e,62514232,2026-08-07T00:16:08Z
0x4e9e6360cf5d24c903eb69b43809d3fd00b3da80,1,8575,0x0b012055f770ae7bb7a8303968a7fb6088a2296e,62514232,2026-08-07T00:16:08Z
0x4e4201dee89da4e24fb7ce4d20287dbe068b4cd3,1,19,0x0b012055f770ae7bb7a8303968a7fb6088a2296e,62514232,2026-08-07T00:16:08Z
0x4e25e7938626e7c9b01732c1e627f0836262a4f8,1,1438,0x0b012055f770ae7bb7a8303968a7fb6088a2296e,62514232,2026-08-07T00:16:08Z
0x4e0dc745a65f3c24d3c91c57b273f66032ec42c5,1,8226,0x0b012055f770ae7bb7a8303968a7fb6088a2296e,62514232,2026-08-07T00:16:08Z
0x4da38a538ad5f9856e225314b6544dea08a9a96b,1,1051,0x0b012055f770ae7bb7a8303968a7fb6088a2296e,62514232,2026-08-07T00:16:08Z
0x4d7599644ba181f8c8d9f1a441b89707654e5cc3,1,6309,0x0b012055f770ae7bb7a8303968a7fb6088a2296e,62514232,2026-08-07T00:16:08Z
0x4d5ce4e2e970844bee8573180097bbab27d91a29,1,1686,0x0b012055f770ae7bb7a8303968a7fb6088a2296e,62514232,2026-08-07T00:16:08Z
0x4cf07aa5af11b71c3ff4ff0f7e9b99598792fd08,1,1137,0x0b012055f770ae7bb7a8303968a7fb6088a2296e,62514232,2026-08-07T00:16:08Z
0x4cb89410402684c939d0e5bc368c1a324558306c,1,2108,0x0b012055f770ae7bb7a8303968a7fb6088a2296e,62514232,2026-08-07T00:16:08Z
0x4c6cd3ed22ef70ba6f10f10a716fb99aaee73c65,1,3739,0x0b012055f770ae7bb7a8303968a7fb6088a2296e,62514232,2026-08-07T00:16:08Z
0x4c410620d8ba9122b201ada460a630ad6f863295,1,1154,0x0b012055f770ae7bb7a8303968a7fb6088a2296e,62514232,2026-08-07T00:16:08Z
0x4bb896aa9b8ba49a278729cbf4deef44b2b03ca1,1,8678,0x0b012055f770ae7bb7a8303968a7fb6088a2296e,62514232,2026-08-07T00:16:08Z
0x4b5b63d09d3fa8b5ee56125ee0992897b27c98fe,1,209,0x0b012055f770ae7bb7a8303968a7fb6088a2296e,62514232,2026-08-07T00:16:08Z
0x4b4232caa1c27a1d160c432230703df7c4de0ea1,1,1556,0x0b012055f770ae7bb7a8303968a7fb6088a2296e,62514232,2026-08-07T00:16:08Z
0x4b13966b762ffe2970509d773feb42740efac763,1,3424,0x0b012055f770ae7bb7a8303968a7fb6088a2296e,62514232,2026-08-07T00:16:08Z
0x4b07109559f80c4e2ddf5d3bf38eabfddfcdeb6b,1,7368,0x0b012055f770ae7bb7a8303968a7fb6088a2296e,62514232,2026-08-07T00:16:08Z
0x4ac5188c72c3a705d7daad03bdeaf8721a1fd30a,1,4110,0x0b012055f770ae7bb7a8303968a7fb6088a2296e,62514232,2026-08-07T00:16:08Z
0x4a20df15db1c46f4513b4d5ee9c7eff4bafe558f,1,2302,0x0b012055f770ae7bb7a8303968a7fb6088a2296e,62514232,2026-08-07T00:16:08Z
0x49bcb1ab5ad637c5ac00d8d0f8dd4bc463b8adb2,1,3430,0x0b012055f770ae7bb7a8303968a7fb6088a2296e,62514232,2026-08-07T00:16:08Z
0x47d16c8fa5eaf3696b55d28c62cbfb56e4df5389,1,1011,0x0b012055f770ae7bb7a8303968a7fb6088a2296e,62514232,2026-08-07T00:16:08Z
0x47c5aa82fda7a79c7965beb6d7c6a265fe59921b,1,3110,0x0b012055f770ae7bb7a8303968a7fb6088a2296e,62514232,2026-08-07T00:16:08Z
0x46db5c0b084bc78819ff7b82b41ac36e8f0c0b01,1,2022,0x0b012055f770ae7bb7a8303968a7fb6088a2296e,62514232,2026-08-07T00:16:08Z
0x46cb6ffb8f18cd1430979d6e0dbb97f9c478b213,1,818,0x0b012055f770ae7bb7a8303968a7fb6088a2296e,62514232,2026-08-07T00:16:08Z
0x469adaf766fb35f1a3c2569fe8c57a50f4b39131,1,2128,0x0b012055f770ae7bb7a8303968a7fb6088a2296e,62514232,2026-08-07T00:16:08Z
0x4585ddfc78da3e50c109463d5a5660340eb0523b,1,7462,0x0b012055f770ae7bb7a8303968a7fb6088a2296e,62514232,2026-08-07T00:16:08Z
0x4574874cfade3714df59756545877183ba2e43bc,1,86,0x0b012055f770ae7bb7a8303968a7fb6088a2296e,62514232,2026-08-07T00:16:08Z
0x44634ace2227de6a6179e40937607cdf5a6dbc68,1,3060,0x0b012055f770ae7bb7a8303968a7fb6088a2296e,62514232,2026-08-07T00:16:08Z
0x43f36dfd92d3981da2793121cb2d82ed0c2ed48b,1,1140,0x0b012055f770ae7bb7a8303968a7fb6088a2296e,62514232,2026-08-07T00:16:08Z
0x43f08aaac525b75263982b1171ef32495efa2ec0,1,1479,0x0b012055f770ae7bb7a8303968a7fb6088a2296e,62514232,2026-08-07T00:16:08Z
0x42ceae6542503ba5c90ad22e0c865ef584df0f3b,1,322,0x0b012055f770ae7bb7a8303968a7fb6088a2296e,62514232,2026-08-07T00:16:08Z
0x418487fa634f6bc38a1876abd91d94c011931801,1,5023,0x0b012055f770ae7bb7a8303968a7fb6088a2296e,62514232,2026-08-07T00:16:08Z
0x417b93667ecc62183d7481b4b0d98b5bfbd891a2,1,1825,0x0b012055f770ae7bb7a8303968a7fb6088a2296e,62514232,2026-08-07T00:16:08Z
0x3f3c5e7114a142a02aa3f15c8f3baf38de5258bb,1,3054,0x0b012055f770ae7bb7a8303968a7fb6088a2296e,62514232,2026-08-07T00:16:08Z
0x3e8c91472fc50a8528e448ff501af9bf8c00cceb,1,5772,0x0b012055f770ae7bb7a8303968a7fb6088a2296e,62514232,2026-08-07T00:16:08Z
0x3dca07e16b2becd3eb76a9f9ce240b525451f887,1,74,0x0b012055f770ae7bb7a8303968a7fb6088a2296e,62514232,2026-08-07T00:16:08Z
0x3d75b3f53903b8e528b95e0b21deddb31df37305,1,1234,0x0b012055f770ae7bb7a8303968a7fb6088a2296e,62514232,2026-08-07T00:16:08Z
0x3d38f6195d066766010dcf0e68246d2e4db1d85b,1,1055,0x0b012055f770ae7bb7a8303968a7fb6088a2296e,62514232,2026-08-07T00:16:08Z
0x3c540976861c0851362b0eea52a700146556fb4c,1,330,0x0b012055f770ae7bb7a8303968a7fb6088a2296e,62514232,2026-08-07T00:16:08Z
0x3bf7ebec09a70df0fa82aefbaa372acda92f7534,1,393,0x0b012055f770ae7bb7a8303968a7fb6088a2296e,62514232,2026-08-07T00:16:08Z
0x3b8cd65cf825477fa595a3237289df2ef5d8311d,1,2653,0x0b012055f770ae7bb7a8303968a7fb6088a2296e,62514232,2026-08-07T00:16:08Z
0x3af0f49ae5accceec4289ad7df477409b248b529,1,1968,0x0b012055f770ae7bb7a8303968a7fb6088a2296e,62514232,2026-08-07T00:16:08Z
0x3ac50e2210c06c41eac6e150377a5a968c73b3dd,1,4782,0x0b012055f770ae7bb7a8303968a7fb6088a2296e,62514232,2026-08-07T00:16:08Z
0x3aa2fa2d97afc28e5b4b1cda6c657f09e1570480,1,1429,0x0b012055f770ae7bb7a8303968a7fb6088a2296e,62514232,2026-08-07T00:16:08Z
0x3a8f1e81867149e66bebfd41c359215f2767a4d9,1,2609,0x0b012055f770ae7bb7a8303968a7fb6088a2296e,62514232,2026-08-07T00:16:08Z
0x3a587b3ba9d34dfd8143446f9f08a4aa7f7b4397,1,3324,0x0b012055f770ae7bb7a8303968a7fb6088a2296e,62514232,2026-08-07T00:16:08Z
0x3a3c0026bd6ffd42b2012ca21d215c2133f68070,1,1135,0x0b012055f770ae7bb7a8303968a7fb6088a2296e,62514232,2026-08-07T00:16:08Z
0x3a264b13abef7c813803b1b5870c858888888888,1,60,0x0b012055f770ae7bb7a8303968a7fb6088a2296e,62514232,2026-08-07T00:16:08Z
0x39fabac6c1d5ff6851f8e7c34e85a81709e538af,1,1942,0x0b012055f770ae7bb7a8303968a7fb6088a2296e,62514232,2026-08-07T00:16:08Z
0x38ccc1e9cbbe1ce54091ea0f51fe8ade8486eab0,1,1548,0x0b012055f770ae7bb7a8303968a7fb6088a2296e,62514232,2026-08-07T00:16:08Z
0x37d2f39447de81e8917130a1e20950830d08edff,1,1426,0x0b012055f770ae7bb7a8303968a7fb6088a2296e,62514232,2026-08-07T00:16:08Z
0x37c82c71a61476449f54ed2ca499cb568b8b2d04,1,3877,0x0b012055f770ae7bb7a8303968a7fb6088a2296e,62514232,2026-08-07T00:16:08Z
0x372ced7af27e31828db5ad1d1b09417c14430fb2,1,1036,0x0b012055f770ae7bb7a8303968a7fb6088a2296e,62514232,2026-08-07T00:16:08Z
0x371f1c6b17e845c805fc49769cb42f65a998baa0,1,8531,0x0b012055f770ae7bb7a8303968a7fb6088a2296e,62514232,2026-08-07T00:16:08Z
0x36bee5eed6f213e287ddf13e2999bd407d146182,1,1815,0x0b012055f770ae7bb7a8303968a7fb6088a2296e,62514232,2026-08-07T00:16:08Z
0x3672dbd3773182adafe10f7115aa5d04cdebf6c2,1,2903,0x0b012055f770ae7bb7a8303968a7fb6088a2296e,62514232,2026-08-07T00:16:08Z
0x362a04ba0138ea4c4b56bdf3c2639283f275ee63,1,1066,0x0b012055f770ae7bb7a8303968a7fb6088a2296e,62514232,2026-08-07T00:16:08Z
0x34f901cb46d226066ef5c76c61ed15a13c295e35,1,3233,0x0b012055f770ae7bb7a8303968a7fb6088a2296e,62514232,2026-08-07T00:16:08Z
0x349e7c22cd2a12d42073443c633d2478a419b578,1,2964,0x0b012055f770ae7bb7a8303968a7fb6088a2296e,62514232,2026-08-07T00:16:08Z
0x34679bf8cf5614f0847c3152d37a6ad34346ba1a,1,2887,0x0b012055f770ae7bb7a8303968a7fb6088a2296e,62514232,2026-08-07T00:16:08Z
0x34677f4c29ebd855412664e30491cb171a0fbd72,1,474,0x0b012055f770ae7bb7a8303968a7fb6088a2296e,62514232,2026-08-07T00:16:08Z
0x3466acc8d2d7064367b837cf6eefac9659d3ad2a,1,3374,0x0b012055f770ae7bb7a8303968a7fb6088a2296e,62514232,2026-08-07T00:16:08Z
0x344ea7dc04c81021dbaefedf0190fc590a89549b,1,1136,0x0b012055f770ae7bb7a8303968a7fb6088a2296e,62514232,2026-08-07T00:16:08Z
0x340157bc7338f8a728016165bd4645886f758699,1,8578,0x0b012055f770ae7bb7a8303968a7fb6088a2296e,62514232,2026-08-07T00:16:08Z
0x33e21d13dea5ad58b37b2b048da89f010c5c464e,1,18,0x0b012055f770ae7bb7a8303968a7fb6088a2296e,62514232,2026-08-07T00:16:08Z
0x33d34b302a571be3d8cc9740ed8fbb660a9fa4d3,1,1307,0x0b012055f770ae7bb7a8303968a7fb6088a2296e,62514232,2026-08-07T00:16:08Z
0x33798a2374c514dbdd5641ece8edb38f9f3ff6a0,1,3959,0x0b012055f770ae7bb7a8303968a7fb6088a2296e,62514232,2026-08-07T00:16:08Z
0x337510d5523ccebe4aba761614da23569308b3c5,1,3328,0x0b012055f770ae7bb7a8303968a7fb6088a2296e,62514232,2026-08-07T00:16:08Z
0x3309cc354d6f7daa5d13be1b0fdee8c423e5c8c1,1,4803,0x0b012055f770ae7bb7a8303968a7fb6088a2296e,62514232,2026-08-07T00:16:08Z
0x32b81e39dd9397970c250f634fd53418780c8a44,1,4198,0x0b012055f770ae7bb7a8303968a7fb6088a2296e,62514232,2026-08-07T00:16:08Z
0x329cb0df959b534dac889c61ab154b605bad345c,1,3889,0x0b012055f770ae7bb7a8303968a7fb6088a2296e,62514232,2026-08-07T00:16:08Z
0x32844556b2a15623ebf63e191404509c327b382d,1,85,0x0b012055f770ae7bb7a8303968a7fb6088a2296e,62514232,2026-08-07T00:16:08Z
0x3236632d5a48dbf9f2f09c3cee3cb00e9545931a,1,1774,0x0b012055f770ae7bb7a8303968a7fb6088a2296e,62514232,2026-08-07T00:16:08Z
0x31e56620b20493d4d76f007f5815c872ae2fbf7d,1,273,0x0b012055f770ae7bb7a8303968a7fb6088a2296e,62514232,2026-08-07T00:16:08Z
0x31b3cff3717b97f3b2c3dca87a9e6ae2b4cd67d3,1,1298,0x0b012055f770ae7bb7a8303968a7fb6088a2296e,62514232,2026-08-07T00:16:08Z
0x316cd96f37882990f8e610f7a7ec7342f6a64437,1,468,0x0b012055f770ae7bb7a8303968a7fb6088a2296e,62514232,2026-08-07T00:16:08Z
0x3104cfc120fc03aeeae88380c03e1801d434753c,1,342,0x0b012055f770ae7bb7a8303968a7fb6088a2296e,62514232,2026-08-07T00:16:08Z
0x309a9f86bcf2940dd66dca83f3bc741a16a365b0,1,72,0x0b012055f770ae7bb7a8303968a7fb6088a2296e,62514232,2026-08-07T00:16:08Z
0x3057991f7867bc58a8f9ff4310a5a33b0a0555c7,1,8194,0x0b012055f770ae7bb7a8303968a7fb6088a2296e,62514232,2026-08-07T00:16:08Z
0x300ef369708d850446dfde4c1c14d70e358d31cc,1,3488,0x0b012055f770ae7bb7a8303968a7fb6088a2296e,62514232,2026-08-07T00:16:08Z
0x2fe707c20daa2891b9c4d77190e89b31472c31c9,1,3839,0x0b012055f770ae7bb7a8303968a7fb6088a2296e,62514232,2026-08-07T00:16:08Z
0x2fd798a8fcc64ba1bc62bf363a6a28f63e93d5b8,1,788,0x0b012055f770ae7bb7a8303968a7fb6088a2296e,62514232,2026-08-07T00:16:08Z
0x2faf55a544c5f73666438bc185aecc9d685e6e3c,1,3184,0x0b012055f770ae7bb7a8303968a7fb6088a2296e,62514232,2026-08-07T00:16:08Z
0x2f86a14380d727f6eb76eaa92fcb6c9a603395de,1,1093,0x0b012055f770ae7bb7a8303968a7fb6088a2296e,62514232,2026-08-07T00:16:08Z
0x2f5a3592b968333280a64171a4608cd1f3088eea,1,2869,0x0b012055f770ae7bb7a8303968a7fb6088a2296e,62514232,2026-08-07T00:16:08Z
0x2f2d1a7b1839f305be6cac21383296f8589bf63d,1,268,0x0b012055f770ae7bb7a8303968a7fb6088a2296e,62514232,2026-08-07T00:16:08Z
0x2f27f70f902e923a6ee8b43ee69430f825f008e9,1,201,0x0b012055f770ae7bb7a8303968a7fb6088a2296e,62514232,2026-08-07T00:16:08Z
0x2e72e35747ca888d167590d4e3905d9ceba83678,1,2984,0x0b012055f770ae7bb7a8303968a7fb6088a2296e,62514232,2026-08-07T00:16:08Z
0x2e00d3286a1ee68c486f77a89392af7bc851fd0a,1,4744,0x0b012055f770ae7bb7a8303968a7fb6088a2296e,62514232,2026-08-07T00:16:08Z
0x2c50c6d7c0d5c60f4829aeaf01b622be18db8c46,1,1119,0x0b012055f770ae7bb7a8303968a7fb6088a2296e,62514232,2026-08-07T00:16:08Z
0x2c3ef9c716221a8d03aa39604410cb05c9ee82ba,1,1029,0x0b012055f770ae7bb7a8303968a7fb6088a2296e,62514232,2026-08-07T00:16:08Z
0x2c1f214bad9b8e0b12c73dbf57a170b4da6b3682,1,550,0x0b012055f770ae7bb7a8303968a7fb6088a2296e,62514232,2026-08-07T00:16:08Z
0x2b21770f3178ef282a9d4e6b8d6f4bcd54dcc6e5,1,1982,0x0b012055f770ae7bb7a8303968a7fb6088a2296e,62514232,2026-08-07T00:16:08Z
0x2ae4afa2dd52c7a9d34e75dd8900bd44e5315a03,1,3775,0x0b012055f770ae7bb7a8303968a7fb6088a2296e,62514232,2026-08-07T00:16:08Z
0x2ab90da5df57daf2d64626d56cd6fd19296dcd15,1,1735,0x0b012055f770ae7bb7a8303968a7fb6088a2296e,62514232,2026-08-07T00:16:08Z
0x2a5adb96c199a3b5859cbf4090fbdd67d0cd2a9a,1,1080,0x0b012055f770ae7bb7a8303968a7fb6088a2296e,62514232,2026-08-07T00:16:08Z
0x2a18d7543d8af274e7c10f1e307696ae07779ad0,1,1480,0x0b012055f770ae7bb7a8303968a7fb6088a2296e,62514232,2026-08-07T00:16:08Z
0x29adc5668677b952b4885016b83fb82b513dcf10,1,8448,0x0b012055f770ae7bb7a8303968a7fb6088a2296e,62514232,2026-08-07T00:16:08Z
0x297a5d2d2afd7fa67600b505b3966ed5dceb6dff,1,1458,0x0b012055f770ae7bb7a8303968a7fb6088a2296e,62514232,2026-08-07T00:16:08Z
0x285e6e07ce1bcd84cc9b6f2ef661de222899eb23,1,8660,0x0b012055f770ae7bb7a8303968a7fb6088a2296e,62514232,2026-08-07T00:16:08Z
0x28165971e4d592ca6c45a3786786ec2f6b4b8d23,1,1439,0x0b012055f770ae7bb7a8303968a7fb6088a2296e,62514232,2026-08-07T00:16:08Z
0x27ecdf0f8e6e42d0cd8eedf7547591a07fd3be49,1,2001,0x0b012055f770ae7bb7a8303968a7fb6088a2296e,62514232,2026-08-07T00:16:08Z
0x27e28438bb59509fc865b80d87f909e9bc6747bb,1,378,0x0b012055f770ae7bb7a8303968a7fb6088a2296e,62514232,2026-08-07T00:16:08Z
0x2678045c880c42da56b917f2e38ef1445890d666,1,5752,0x0b012055f770ae7bb7a8303968a7fb6088a2296e,62514232,2026-08-07T00:16:08Z
0x2662764bbf54cfdeeae60088913bff36b0abdd69,1,8003,0x0b012055f770ae7bb7a8303968a7fb6088a2296e,62514232,2026-08-07T00:16:08Z
0x25f0a60d95fb530435f733c8e480c8c4c1619d1e,1,4154,0x0b012055f770ae7bb7a8303968a7fb6088a2296e,62514232,2026-08-07T00:16:08Z
0x25c8ac47ec150a9ad3d54467f0f46db02ad6d69e,1,276,0x0b012055f770ae7bb7a8303968a7fb6088a2296e,62514232,2026-08-07T00:16:08Z
0x25861324570efdee64425dc6cb7f391bdcaa0754,1,970,0x0b012055f770ae7bb7a8303968a7fb6088a2296e,62514232,2026-08-07T00:16:08Z
0x257aedf255b9779c750eb4497e52f0f551506617,1,1754,0x0b012055f770ae7bb7a8303968a7fb6088a2296e,62514232,2026-08-07T00:16:08Z
0x25198c10e4821a64a0458590180ec4e14bad503b,1,2743,0x0b012055f770ae7bb7a8303968a7fb6088a2296e,62514232,2026-08-07T00:16:08Z
0x2502f5413cfcf8ea8be2328bb26dfb906467247c,1,1275,0x0b012055f770ae7bb7a8303968a7fb6088a2296e,62514232,2026-08-07T00:16:08Z
0x23c6c1525e8dcf02ddcca761621f8407883790cc,1,7879,0x0b012055f770ae7bb7a8303968a7fb6088a2296e,62514232,2026-08-07T00:16:08Z
0x23b4ac45b0916e7116f3cc5ab5d792dbebbd2d27,1,4141,0x0b012055f770ae7bb7a8303968a7fb6088a2296e,62514232,2026-08-07T00:16:08Z
0x232e03cc440ad5158bd38636607f0e0ad62a01c2,1,888,0x0b012055f770ae7bb7a8303968a7fb6088a2296e,62514232,2026-08-07T00:16:08Z
0x22f6edb55790b0fe841c5ba9aa30792ebcb55863,1,1962,0x0b012055f770ae7bb7a8303968a7fb6088a2296e,62514232,2026-08-07T00:16:08Z
0x223d4d3f14251071e73465d4e983987742fc6d87,1,3922,0x0b012055f770ae7bb7a8303968a7fb6088a2296e,62514232,2026-08-07T00:16:08Z
0x21c8dc59f2e9a11c4c1a0c310641968132c6b1be,1,4254,0x0b012055f770ae7bb7a8303968a7fb6088a2296e,62514232,2026-08-07T00:16:08Z
0x219779eb8ec71331f6a1eed5c5f7e289e924726b,1,1188,0x0b012055f770ae7bb7a8303968a7fb6088a2296e,62514232,2026-08-07T00:16:08Z
0x2169dcacf924f2a05a2166939098872b1274976a,1,3561,0x0b012055f770ae7bb7a8303968a7fb6088a2296e,62514232,2026-08-07T00:16:08Z
0x21558bdc06d7d603d2ff70dce307cfcebcd3cf85,1,2009,0x0b012055f770ae7bb7a8303968a7fb6088a2296e,62514232,2026-08-07T00:16:08Z
0x21202511994b9bd3a797fe08aea96d23d06f1f3a,1,972,0x0b012055f770ae7bb7a8303968a7fb6088a2296e,62514232,2026-08-07T00:16:08Z
0x20a440aecf78c73d484b652c46d582b4d70906a8,1,8140,0x0b012055f770ae7bb7a8303968a7fb6088a2296e,62514232,2026-08-07T00:16:08Z
0x208aeaca313446812d8e652e1f936c9d656afd94,1,665,0x0b012055f770ae7bb7a8303968a7fb6088a2296e,62514232,2026-08-07T00:16:08Z
0x205d5432a5a73a48fcfa61e253e9ac252435f104,1,919,0x0b012055f770ae7bb7a8303968a7fb6088a2296e,62514232,2026-08-07T00:16:08Z
0x205a3f58da3ef3d12bc3b544254e37e39d3b5bd7,1,659,0x0b012055f770ae7bb7a8303968a7fb6088a2296e,62514232,2026-08-07T00:16:08Z
0x204a6703dcf804bf836e24fb2efc098f651eac3f,1,3905,0x0b012055f770ae7bb7a8303968a7fb6088a2296e,62514232,2026-08-07T00:16:08Z
0x1fc1e266758d5a51b301a1bc0b8615aaa979efdf,1,59,0x0b012055f770ae7bb7a8303968a7fb6088a2296e,62514232,2026-08-07T00:16:08Z
0x1fa26cbb26a254b728e81007e39ffe9a9a93df14,1,7711,0x0b012055f770ae7bb7a8303968a7fb6088a2296e,62514232,2026-08-07T00:16:08Z
0x1f6dd93dea88cff6d61abbc8f618a6f1e4602942,1,4834,0x0b012055f770ae7bb7a8303968a7fb6088a2296e,62514232,2026-08-07T00:16:08Z
0x1f513ece75dc76728fd6e143d7a06466ad5dffa2,1,593,0x0b012055f770ae7bb7a8303968a7fb6088a2296e,62514232,2026-08-07T00:16:08Z
0x1dce9b20d83d532724e2bf87683dab137e0b67a6,1,670,0x0b012055f770ae7bb7a8303968a7fb6088a2296e,62514232,2026-08-07T00:16:08Z
0x1db8c87636d7c583814c3c0a07dccc8daa2e22f6,1,2878,0x0b012055f770ae7bb7a8303968a7fb6088a2296e,62514232,2026-08-07T00:16:08Z
0x1d2a72dad0fa5d1aab44768752f60822a3e18c47,1,756,0x0b012055f770ae7bb7a8303968a7fb6088a2296e,62514232,2026-08-07T00:16:08Z
0x1d22682e82d5e79d18f2ec756d6e7e91733025c2,1,3888,0x0b012055f770ae7bb7a8303968a7fb6088a2296e,62514232,2026-08-07T00:16:08Z
0x1c87a9e4211573845005d0b087e321644ed198c2,1,1052,0x0b012055f770ae7bb7a8303968a7fb6088a2296e,62514232,2026-08-07T00:16:08Z
0x1c7644fa21b082ff1fc70630c01f5894f3d4ab12,1,8642,0x0b012055f770ae7bb7a8303968a7fb6088a2296e,62514232,2026-08-07T00:16:08Z
0x1b52ae6662bd445aa77ccc61596b7b6fe3d9be1b,1,5047,0x0b012055f770ae7bb7a8303968a7fb6088a2296e,62514232,2026-08-07T00:16:08Z
0x1b221d05d019432bc33a82a0d626bc59184e5824,1,5727,0x0b012055f770ae7bb7a8303968a7fb6088a2296e,62514232,2026-08-07T00:16:08Z
0x1ad06acfff27af0ae68da305d17c8773fff0ba4a,1,3605,0x0b012055f770ae7bb7a8303968a7fb6088a2296e,62514232,2026-08-07T00:16:08Z
0x1acc06c35d937613187c7c50af5cf79e690ee547,1,2902,0x0b012055f770ae7bb7a8303968a7fb6088a2296e,62514232,2026-08-07T00:16:08Z
0x1a440de89507d6e2f50eed12e2306fe7635f6b32,1,1758,0x0b012055f770ae7bb7a8303968a7fb6088a2296e,62514232,2026-08-07T00:16:08Z
0x1a4290be784dda8e825360ef495bf67c19070e83,1,4993,0x0b012055f770ae7bb7a8303968a7fb6088a2296e,62514232,2026-08-07T00:16:08Z
0x19cca826c45dfceb50398647e40806a1128fe3a7,1,132,0x0b012055f770ae7bb7a8303968a7fb6088a2296e,62514232,2026-08-07T00:16:08Z
0x19b3e86d70a99d24c748ecbc473818c0d50dc7ba,1,7816,0x0b012055f770ae7bb7a8303968a7fb6088a2296e,62514232,2026-08-07T00:16:08Z
0x17ee630d8aa0e9f44fba41af50c6b2966349ff17,1,3079,0x0b012055f770ae7bb7a8303968a7fb6088a2296e,62514232,2026-08-07T00:16:08Z
0x174e760b7df81c474c37042156fa1aa60e9d32f6,1,5432,0x0b012055f770ae7bb7a8303968a7fb6088a2296e,62514232,2026-08-07T00:16:08Z
0x170dd16d9f4a9072a722903fc9cd8525986a858d,1,1241,0x0b012055f770ae7bb7a8303968a7fb6088a2296e,62514232,2026-08-07T00:16:08Z
0x16d64edb745344c9b1bc0b37b1dc0c212331f55f,1,7744,0x0b012055f770ae7bb7a8303968a7fb6088a2296e,62514232,2026-08-07T00:16:08Z
0x151383f4ce74c2e9c9e0afe3077dad3c8a937c59,1,1354,0x0b012055f770ae7bb7a8303968a7fb6088a2296e,62514232,2026-08-07T00:16:08Z
0x149a89f333feafdb3dff5781cd679122123c01da,1,1158,0x0b012055f770ae7bb7a8303968a7fb6088a2296e,62514232,2026-08-07T00:16:08Z
0x147fff064529012b70427d944a4a19c90398a64d,1,3053,0x0b012055f770ae7bb7a8303968a7fb6088a2296e,62514232,2026-08-07T00:16:08Z
0x133e25cf816308ac4617af6d65c63183080a4d2e,1,1782,0x0b012055f770ae7bb7a8303968a7fb6088a2296e,62514232,2026-08-07T00:16:08Z
0x12edc2e616fd394b8f1b684270c98fef8e969488,1,1049,0x0b012055f770ae7bb7a8303968a7fb6088a2296e,62514232,2026-08-07T00:16:08Z
0x12d843f7a26b1b7153abdf8dbbc3dbaf793697b5,1,138,0x0b012055f770ae7bb7a8303968a7fb6088a2296e,62514232,2026-08-07T00:16:08Z
0x12860667dc8f7d845608918e94c58bec77af88d4,1,1767,0x0b012055f770ae7bb7a8303968a7fb6088a2296e,62514232,2026-08-07T00:16:08Z
0x12843b1dba1683a02cf48cd5264d42ab3646d658,1,8277,0x0b012055f770ae7bb7a8303968a7fb6088a2296e,62514232,2026-08-07T00:16:08Z
0x117bf89d32d3080f84881ce57e7cf7b761e38af2,1,1418,0x0b012055f770ae7bb7a8303968a7fb6088a2296e,62514232,2026-08-07T00:16:08Z
0x110caf031e9e0eddd80ccb85509203902d0027ca,1,859,0x0b012055f770ae7bb7a8303968a7fb6088a2296e,62514232,2026-08-07T00:16:08Z
0x106f2ce415c63af4960425e18f875525ca6fcee6,1,7528,0x0b012055f770ae7bb7a8303968a7fb6088a2296e,62514232,2026-08-07T00:16:08Z
0x103986fe3218d8e6cc8241ea6389dffe07621b40,1,540,0x0b012055f770ae7bb7a8303968a7fb6088a2296e,62514232,2026-08-07T00:16:08Z
0x10031558cb5bc59aed271978f92099da87900395,1,1383,0x0b012055f770ae7bb7a8303968a7fb6088a2296e,62514232,2026-08-07T00:16:08Z
0x0f0976a27657b56b5db3d1a43aba01967474ee62,1,8460,0x0b012055f770ae7bb7a8303968a7fb6088a2296e,62514232,2026-08-07T00:16:08Z
0x0edc2c64d952e75241590ac5fb10077395f93df6,1,5333,0x0b012055f770ae7bb7a8303968a7fb6088a2296e,62514232,2026-08-07T00:16:08Z
0x0ed092bb2bdc4980940a3c61bd851467137151a9,1,5111,0x0b012055f770ae7bb7a8303968a7fb6088a2296e,62514232,2026-08-07T00:16:08Z
0x0deabda10f6aa947ab79b70ee2271272c9cabf7a,1,6208,0x0b012055f770ae7bb7a8303968a7fb6088a2296e,62514232,2026-08-07T00:16:08Z
0x0d82324f57d09f7ec6302308a49c796f4b450845,1,71,0x0b012055f770ae7bb7a8303968a7fb6088a2296e,62514232,2026-08-07T00:16:08Z
0x0cd8bd1d8e758da94c2e1c096ad8285474c3bb34,1,932,0x0b012055f770ae7bb7a8303968a7fb6088a2296e,62514232,2026-08-07T00:16:08Z
0x0c1bb6646f84a50390ee2544b8737f352b9ed466,1,6939,0x0b012055f770ae7bb7a8303968a7fb6088a2296e,62514232,2026-08-07T00:16:08Z
0x0bbcd7f3f0b3c8dca7924a353e5f110a07392797,1,3958,0x0b012055f770ae7bb7a8303968a7fb6088a2296e,62514232,2026-08-07T00:16:08Z
0x0b7abcd0a947ee625a898642ebe24bcdb3a1848a,1,1369,0x0b012055f770ae7bb7a8303968a7fb6088a2296e,62514232,2026-08-07T00:16:08Z
0x0b761dca880d2aca09acca9a51ad0b931ee4a688,1,1482,0x0b012055f770ae7bb7a8303968a7fb6088a2296e,62514232,2026-08-07T00:16:08Z
0x0b5939e11c765e4d3d9ce7e2ec8bd397337f9701,1,2048,0x0b012055f770ae7bb7a8303968a7fb6088a2296e,62514232,2026-08-07T00:16:08Z
0x0b516edc029ec08075b7d4e0267f6d5015e2c342,1,27,0x0b012055f770ae7bb7a8303968a7fb6088a2296e,62514232,2026-08-07T00:16:08Z
0x0ae1e4c1f2da93fa0fa6f2de67794fd007871932,1,973,0x0b012055f770ae7bb7a8303968a7fb6088a2296e,62514232,2026-08-07T00:16:08Z
0x0acb56b6707cfab28bf335b2f13876525e937f9b,1,1450,0x0b012055f770ae7bb7a8303968a7fb6088a2296e,62514232,2026-08-07T00:16:08Z
0x0a1e5031cb018072f7f777503d7abd87a8d7eea8,1,8502,0x0b012055f770ae7bb7a8303968a7fb6088a2296e,62514232,2026-08-07T00:16:08Z
0x0a1a6e9506ffbbf9b85e0a9958e2b44cf1a6e098,1,372,0x0b012055f770ae7bb7a8303968a7fb6088a2296e,62514232,2026-08-07T00:16:08Z
0x08df612dddbb66bfd5fad48feb225763065cd2d6,1,4146,0x0b012055f770ae7bb7a8303968a7fb6088a2296e,62514232,2026-08-07T00:16:08Z
0x084f5daf529a1f9184814691a64e5f81cc9f765b,1,4229,0x0b012055f770ae7bb7a8303968a7fb6088a2296e,62514232,2026-08-07T00:16:08Z
0x0783abc1e6f1eb93b80024a056492e314d949986,1,2021,0x0b012055f770ae7bb7a8303968a7fb6088a2296e,62514232,2026-08-07T00:16:08Z
0x07699d605728df0f6d4094c4ae5856804a0b3fe0,1,2658,0x0b012055f770ae7bb7a8303968a7fb6088a2296e,62514232,2026-08-07T00:16:08Z
0x06dd52564b68dde77b4e9d4e0e5d325f9a86746d,1,7518,0x0b012055f770ae7bb7a8303968a7fb6088a2296e,62514232,2026-08-07T00:16:08Z
0x065dac082569032fb8aa7f9fda080770684cdcdc,1,188,0x0b012055f770ae7bb7a8303968a7fb6088a2296e,62514232,2026-08-07T00:16:08Z
0x0595167526d29db77030b75ff968e7aec776018e,1,3039,0x0b012055f770ae7bb7a8303968a7fb6088a2296e,62514232,2026-08-07T00:16:08Z
0x057a7ed686ac2ce1a9a4155eba517f8142e6914d,1,3373,0x0b012055f770ae7bb7a8303968a7fb6088a2296e,62514232,2026-08-07T00:16:08Z
0x04b57d40934abe413b3da7c387fc8c1732ebe269,1,8132,0x0b012055f770ae7bb7a8303968a7fb6088a2296e,62514232,2026-08-07T00:16:08Z
0x04b022c4d6ce64428af20a8ea5ac98e4ba730842,1,8274,0x0b012055f770ae7bb7a8303968a7fb6088a2296e,62514232,2026-08-07T00:16:08Z
0x04a131530157a1a48e56dbfb6e41055b066e13f5,1,3382,0x0b012055f770ae7bb7a8303968a7fb6088a2296e,62514232,2026-08-07T00:16:08Z
0x02df23b3b3db014c66f180de223765a654f15aa6,1,3125,0x0b012055f770ae7bb7a8303968a7fb6088a2296e,62514232,2026-08-07T00:16:08Z
0x02aed4223dbe4101f6fa38efbd3f46259698545c,1,7683,0x0b012055f770ae7bb7a8303968a7fb6088a2296e,62514232,2026-08-07T00:16:08Z
0x0260e8d94a8cd92bfd548b0891ed74314175c0d1,1,1972,0x0b012055f770ae7bb7a8303968a7fb6088a2296e,62514232,2026-08-07T00:16:08Z
0x016dcdc8c6f3a9ac60b7b56e37dd497058098e8a,1,2854,0x0b012055f770ae7bb7a8303968a7fb6088a2296e,62514232,2026-08-07T00:16:08Z
0x0146276f02864a8e5780a1dcdadb065b951f7771,1,7474,0x0b012055f770ae7bb7a8303968a7fb6088a2296e,62514232,2026-08-07T00:16:08Z
0x0144d10b6b9d90fef7d139e9693eac9f55e344ed,1,480,0x0b012055f770ae7bb7a8303968a7fb6088a2296e,62514232,2026-08-07T00:16:08Z
0x0130f57d2a266836f225026a16fe8ab7bbdf8b9e,1,872,0x0b012055f770ae7bb7a8303968a7fb6088a2296e,62514232,2026-08-07T00:16:08Z
0x00cf93410f9ddfbcb14bdbdf960fc62877bac4b5,1,3563,0x0b012055f770ae7bb7a8303968a7fb6088a2296e,62514232,2026-08-07T00:16:08Z
0x0000e2ae8334376f88b92f364a6c65d67b7c6389,1,1511,0x0b012055f770ae7bb7a8303968a7fb6088a2296e,62514232,2026-08-07T00:16:08Z
0x00000b436af98057895055b72ff62cc313b86989,1,2570,0x0b012055f770ae7bb7a8303968a7fb6088a2296e,62514232,2026-08-07T00:16:08Z
0x00000000a03396f6f864b496713f2623b6756be2,1,948,0x0b012055f770ae7bb7a8303968a7fb6088a2296e,62514232,2026-08-07T00:16:08Z
