wallet,nft_count,token_ids,contract,snapshot_block,snapshot_time
0x57b6bd6fc6f3a0451f68b55daed50cdc3fda33ac,500,"52,73,87,146,153,162,165,182,247,324,507,764,802,803,823,824,825,826,827,828,829,831,832,833,834,1043,1046,1047,1048,1051,1054,1055,1056,1057,1058,1059,1060,1061,1062,1065,1067,1068,1148,1170,1171,1172,1173,1254,1255,1256,1257,1258,1259,1260,1261,1271,1272,1273,1274,1275,1276,1277,1278,1279,1280,1336,1337,1361,1385,1398,1402,1404,1406,1408,1410,1412,1414,1415,1417,1562,1563,1565,1576,1577,1578,1579,1580,1581,1582,1583,1584,1585,1586,1612,1613,1614,1615,1616,1617,1618,1619,1620,1621,1785,1786,1787,1788,1789,1790,1794,1795,1796,1799,1800,1801,1802,1803,1804,1876,1909,1910,1911,1912,1913,1914,1915,1916,1917,1918,1919,1920,1921,1927,1928,1929,1930,1931,1932,1933,1934,1935,1936,1937,1938,1939,1940,1941,2024,2064,2071,2072,2073,2074,2075,2076,2077,2087,2088,2089,2090,2091,2092,2093,2094,2095,2096,2166,2167,2168,2169,2170,2171,2172,2228,2229,2230,2283,2284,2288,2401,2402,2403,2405,2406,2407,2408,2411,2418,2419,2420,2422,2423,2489,2490,2491,2495,2496,2497,2498,2505,2592,2593,2607,2608,2609,2610,2614,2680,2682,2683,2684,2685,2688,2754,2755,2756,2757,2760,2761,2762,2763,2764,2771,2772,2773,2774,2775,2776,2777,2791,2792,2793,2797,2798,2799,2800,2820,2821,2822,2823,2824,2825,2826,2827,2828,2829,2830,2832,2833,2842,2843,2844,2845,2862,2863,2864,2865,2867,2868,2869,2870,2908,2909,2910,2911,2913,2914,2916,2917,2918,2919,2920,2922,2923,2924,2946,3048,3049,3050,3051,3082,3083,3084,3085,3086,3087,3088,3089,3091,3093,3094,3096,3099,3100,3101,3102,3103,3104,3105,3106,3107,3108,3109,3110,3111,3112,3140,3143,3250,3251,3253,3255,3256,3257,3522,3523,3524,3525,3526,3527,3528,3529,3530,3531,3538,3539,3540,3541,3542,3543,3544,3545,3546,3547,3549,3550,3551,3552,3553,3554,3555,3556,3557,3558,3559,3560,3561,3612,3615,3617,3619,3620,3621,3622,3726,3727,3728,3729,3730,3756,3757,3758,3759,3760,3761,3762,3763,3764,3765,3766,3767,3768,3769,3770,3771,3772,3773,3774,3775,3778,3779,3780,3781,3782,3783,3784,3785,4051,4052,4053,4054,4055,4056,4057,4058,4059,4060,4061,4062,4063,4064,4065,4066,4067,4068,4069,4070,4071,4072,4088,4089,4090,4091,4092,4093,4115,4708,4715,7614,7615,7616,7617,7618,7619,7620,7621,7622,7623,7624,7625,7626,7627,7628,7629,7630,7889,7890,7894,7895,7896,7897,7898,7899,7900,7901,7902,7903,7904,7905,7906,7907,7908,7909,7910,7911,7912,7913,7914,7915,7916,7917,7918,7919,7920,7921,7922,7923,7924,7925,7926,7927,7928,7929,7930,7931,7932,7933,7934,7935,7936,7937,7938,7939,7940,7941,7942,7943,7944,7945,7946,7947,7948,7949,7950,7951,7952,7953,7954,7955,7956",0xb6e6b0167ce72057f6ac28cb5fd836896b4d084e,62514232,2026-08-07T00:16:08Z
0xf27b9704a15ffe47818fd48660d952235e9c39af,500,"41,157,184,304,391,424,425,426,427,428,430,431,433,434,436,438,524,525,526,527,528,529,530,531,532,533,534,535,536,537,538,539,540,541,615,616,617,618,619,620,621,622,623,624,625,626,664,665,669,670,676,686,700,720,721,722,723,725,726,727,728,729,730,731,732,733,878,890,892,893,912,957,964,967,1041,1179,1182,1217,1239,1369,1377,1395,1403,1482,1487,1710,1737,1744,1746,1747,1990,1992,2007,2010,2011,2012,2029,2031,2033,2036,2037,2038,2039,2040,2069,2204,2214,2236,2237,2238,2239,2240,2241,2242,2243,2244,2245,2246,2247,2248,2249,2250,2280,2301,2302,2306,2309,2315,2316,2318,2348,2386,2387,2388,2389,2390,2391,2392,2393,2394,2395,2396,2397,2398,2399,2400,2437,2449,2453,2506,2507,2508,2509,2510,2511,2512,2513,2514,2515,2551,2583,2673,2695,2696,2731,2819,2961,2988,2989,3000,3014,3035,3037,3062,3193,3291,3297,3344,3345,3346,3347,3348,3349,3350,3351,3352,3353,3354,3356,3357,3358,3359,3378,3383,3384,3386,3387,3388,3389,3391,3392,3394,3466,3509,3510,3511,3512,3514,3515,3517,3520,3610,3643,3644,3645,3646,3647,3648,3649,3650,3651,3652,3693,3737,3743,3745,3749,3841,3843,3846,3917,3934,3937,3940,3941,3942,3975,3979,3987,3994,4035,4119,4126,4127,4128,4129,4130,4131,4132,4142,4204,4206,4270,4288,4410,4471,4474,4499,4500,4642,4650,4814,4889,4912,4913,4916,4936,4974,4975,5030,5031,5032,5033,5034,5036,5037,5038,5039,5041,5043,5044,5045,5047,5124,5125,5126,5127,5129,5130,5131,5132,5133,5134,5135,5152,5153,5154,5155,5156,5157,5158,5159,5160,5162,5163,5164,5170,5171,5173,5312,5330,5350,5352,5370,5374,5389,5394,5418,5447,5551,5597,5666,5782,5783,5825,5886,5887,5889,5890,5891,5892,5958,5959,5960,5961,5962,5963,5964,5966,5967,5968,5969,5970,5971,5972,6072,6073,6074,6075,6076,6077,6078,6079,6080,6081,6082,6083,6084,6085,6086,6087,6190,6316,6390,6391,6507,6508,6509,6511,7019,7023,7048,7049,7050,7052,7073,7075,7077,7078,7079,7080,7081,7141,7142,7146,7159,7253,7256,7608,7695,7696,7698,7771,7835,7977,7978,8093,8105,8251,8252,8253,8254,8255,8256,8257,8258,8259,8260,8261,8262,8263,8264,8265,8293,8295,8398,8428,8467,8499,8503,8517,8519,8551,8576,8578,8610,8698,8724,8725,8770,8827,8892,8893,9041,9067,9068,9069,9070,9071,9073,9084,9094,9120,9127,9189,9269,9272,9274,9275,9288,9300,9326,9335,9339,9349,9350,9355,9356,9382,9383,9400,9413,9440,9512,9514,9515,9516,9517,9518,9533,9547,9554,9778,9896,9898,9899,9900,9901,9903,9905,9906,9908,9909,9910,9911,9912,9913,9914,9946,9956,9958,9970,9991,9993,9994,9995,9996,9997,9998,10000",0xb6e6b0167ce72057f6ac28cb5fd836896b4d084e,62514232,2026-08-07T00:16:08Z
0x712fc6e43bfd2e9a1292343c96a63a5d7862a350,479,"240,244,245,708,1706,2310,2421,2450,2742,2874,4020,4310,4325,4900,4901,4902,4903,4904,4905,4906,4907,4908,4909,4910,4911,4914,4915,4917,4918,4919,4920,4921,4922,4923,4924,4925,4926,4927,4928,4929,4930,4931,4932,4933,4934,4935,4937,4938,4939,4940,4941,4942,4943,4944,4945,4946,4947,4948,4949,4950,4951,4952,4953,4954,4955,4956,4957,4958,4959,4960,4961,4962,4963,4964,4965,4966,4968,4969,4970,4971,4972,4973,4976,4977,4978,4979,4980,4981,4982,4983,4984,4985,4986,4987,4988,4989,4990,4991,4992,4993,4994,4995,4996,4997,4998,4999,5000,5001,5002,5003,5004,5005,5006,5007,5008,5009,5010,5011,5012,5013,5014,5015,5016,5017,5018,5019,5020,5021,5022,5023,5024,5025,5026,5027,5028,5035,5040,5042,5046,5048,5049,5050,5051,5052,5053,5054,5055,5056,5057,5058,5059,5060,5061,5062,5063,5064,5065,5066,5067,5068,5069,5070,5071,5072,5073,5074,5075,5076,5077,5078,5079,5086,5087,5088,5089,5090,5091,5092,5093,5094,5095,5096,5097,5098,5099,5100,5101,5102,5103,5104,5105,5106,5107,5108,5109,5110,5111,5112,5113,5114,5115,5116,5117,5118,5119,5120,5121,5122,5123,5128,5161,5165,5166,5167,5168,5169,5172,5174,5175,5176,5177,5178,5179,5180,5181,5301,5302,5303,5519,5520,5522,5721,5722,5723,5724,5725,5726,5727,5728,5729,5730,5826,5827,5828,5883,5884,5885,5896,5897,6197,6198,6199,6200,6201,6202,7152,7153,7154,7155,7156,7157,7158,7160,7161,7604,7605,7606,7607,7697,7699,7700,7814,7815,7816,7817,7818,7819,7820,7821,7822,7823,7824,7825,7826,7827,7828,7829,7830,7831,7832,7833,7834,7957,7958,7959,7961,7962,7963,7964,7965,7966,8091,8094,8391,8392,8393,8394,8395,8396,8397,8399,8400,8401,8402,8403,8404,8405,8406,8407,8408,8409,8410,8411,8412,8413,8414,8415,8416,8417,8418,8419,8420,8421,8521,8693,8694,8695,8696,8697,8700,8701,8702,8703,8704,8705,8706,8707,8708,8709,8710,8711,8712,8713,8714,8715,8716,8717,8718,8719,8720,8721,8723,8726,8727,8728,8729,8730,8731,8732,8733,8734,8735,8737,8738,8739,8740,8741,8742,8743,8744,8745,8809,8811,8822,8836,8842,8890,8891,8894,8895,8896,8897,8898,8899,9043,9044,9045,9046,9047,9048,9049,9050,9051,9052,9053,9054,9055,9056,9057,9058,9059,9100,9101,9102,9103,9104,9105,9106,9107,9108,9109,9110,9111,9112,9113,9114,9115,9116,9117,9118,9119,9121,9122,9123,9124,9125,9126,9220,9221,9286,9336,9337,9338,9340,9341,9342,9343,9344,9345,9346,9347,9348,9351,9352,9353,9354,9357,9358,9359,9376,9377,9378,9379,9380,9381,9519,9520,9521,9522,9523,9524,9525,9526,9527,9528,9529,9530,9531,9532",0xb6e6b0167ce72057f6ac28cb5fd836896b4d084e,62514232,2026-08-07T00:16:08Z
0xb7130b42b8c62e14fd614e91ab9c6c194040d9ab,434,"2,13,164,167,285,432,522,575,687,815,848,860,861,862,863,865,866,868,882,883,884,885,887,888,896,897,951,954,955,968,970,972,988,990,991,992,995,996,997,998,999,1000,1032,1033,1036,1037,1038,1039,1189,1190,1222,1223,1224,1225,1228,1229,1238,1240,1242,1243,1244,1262,1263,1264,1265,1270,1286,1359,1372,1393,1424,1425,1426,1427,1428,1429,1430,1431,1432,1433,1435,1436,1437,1438,1439,1440,1441,1443,1445,1446,1447,1448,1499,1500,1501,1502,1503,1504,1505,1506,1507,1508,1509,1510,1511,1512,1513,1514,1515,1517,1518,1524,1525,1526,1527,1528,1529,1530,1532,1533,1535,1536,1537,1538,1539,1540,1541,1542,1543,1544,1545,1547,1548,1549,1550,1551,1553,1554,1566,1567,1568,1569,1570,1853,1854,1855,1856,1857,1859,1860,1861,1862,1863,1864,1865,1866,1867,1868,1869,1870,1874,1875,1877,1988,2027,2056,2184,2185,2186,2187,2188,2189,2190,2192,2209,2454,2570,2690,2729,2748,2749,2933,2935,2936,2939,2972,3288,3355,3497,3777,3839,3842,3996,4011,4133,4207,4248,4252,4254,4273,4276,4336,4409,4630,4837,4869,4870,5219,5234,5275,5342,5349,5369,5371,5403,5703,5943,6023,6024,6185,6948,7143,7425,7631,7714,7715,7717,7770,7780,7781,7783,7960,7975,8124,8126,8216,8220,8221,8222,8223,8224,8225,8226,8227,8228,8229,8230,8231,8232,8233,8234,8235,8236,8238,8239,8240,8241,8242,8244,8245,8246,8278,8279,8280,8281,8282,8284,8285,8286,8434,8448,8449,8450,8452,8458,8538,8560,8609,8618,8665,8667,8669,8670,8671,8672,8673,8674,8675,8678,8679,8680,8681,8682,8683,8684,8685,8688,8810,8813,8814,8816,8818,8820,8821,8823,8826,8830,8831,8840,8846,8850,8853,8854,8858,8859,8860,8862,8863,8864,8867,8868,8869,8943,8944,8945,9011,9174,9175,9176,9177,9179,9181,9182,9183,9184,9222,9223,9224,9225,9226,9229,9230,9231,9232,9233,9234,9235,9237,9241,9243,9244,9246,9247,9248,9249,9250,9253,9254,9255,9256,9257,9259,9260,9261,9262,9263,9264,9267,9281,9290,9291,9293,9296,9297,9298,9302,9303,9304,9305,9306,9307,9308,9309,9310,9311,9312,9313,9314,9315,9316,9317,9318,9319,9321,9324,9325,9327,9328,9329,9331,9332,9334,9389,9391,9403,9405,9406,9407,9409,9437,9482,9484,9486,9487,9488,9489,9490,9492,9493,9787,9791,9803,9804,9805,9810,9816,9830,9847,9853,9856,9865,9870,9950,9957",0xb6e6b0167ce72057f6ac28cb5fd836896b4d084e,62514232,2026-08-07T00:16:08Z
0x6fa6fab1df183a1305e6f0b0d5e925a1bf1f9bd5,431,"1378,1717,4135,4137,4138,4139,4141,4143,4144,4145,4146,4147,4148,4149,4150,4151,4152,4153,4154,4155,4156,4157,4159,4160,4161,5252,5521,5672,5674,5734,5777,5778,5779,5780,5781,5829,5830,5831,5832,5833,5834,5835,5836,5837,5838,5839,5840,5841,5842,5843,5844,5845,5846,5847,5848,5849,5851,5852,5853,5854,5855,5856,5857,5858,5859,5860,5864,5865,5866,5867,5868,5869,5870,5871,5872,5873,5949,5951,5984,5985,5986,5987,5988,5989,5990,5991,5992,5993,5994,5995,5996,5997,5998,5999,6000,6001,6002,6003,6004,6005,6006,6007,6008,6009,6010,6011,6012,6013,6014,6015,6016,6017,6018,6019,6040,6041,6042,6204,6205,6206,6207,6208,6209,6210,6211,6212,6213,6214,6215,6216,6217,6218,6219,6220,6221,6222,6223,6224,6225,6226,6227,6228,6229,6230,6231,6232,6233,6234,6235,6236,6237,6238,6240,6241,6242,6243,6244,6245,6246,6247,6248,6249,6250,6251,6252,6253,6254,6255,6256,6257,6258,6259,6260,6261,6262,6263,6264,6265,6266,6267,6268,6269,6270,6271,6272,6273,6274,6275,6276,6277,6278,6279,6280,6281,6282,6283,6284,6285,6286,6287,6288,6289,6290,6291,6292,6293,6676,6677,6678,6679,6680,6681,6682,6683,6684,6685,6686,6687,6688,6689,6690,6691,6692,6693,6694,6695,6696,6697,6698,6699,6700,6730,6731,6732,6733,6734,6735,6736,6737,6738,6739,6740,6741,6742,6743,6744,6745,6746,6747,6748,6749,6750,6751,6752,6753,6754,6755,6756,6757,6758,6759,6760,6761,6762,6763,6764,6765,6766,6767,6768,6769,6770,6771,6772,6773,6774,6775,6776,6777,6778,6779,6830,6831,6832,6833,6834,6835,6836,6837,6838,6839,6840,6841,6842,6843,6844,6845,6846,6847,6848,6849,6850,6851,6852,6853,6854,6855,6856,6857,6858,6859,6860,6861,6862,6863,6864,6865,6866,6867,6868,6869,6870,6871,6872,6873,6874,6875,6876,6877,6878,6879,6880,6881,6882,6883,6884,6885,6886,6887,6888,6889,6890,6891,6892,6893,6894,6895,6896,6897,6898,6899,6900,6901,6902,6903,6904,6905,6906,6907,6908,6909,6910,6911,6912,6913,6914,6915,6916,6917,6918,6919,6920,6921,6922,6923,6924,6925,6926,6927,6928,6929,7260,7261,7262,7263,7264,7265,7266,7267,7268,7269,7270,7271,7272,7273,7274,7275,7276,7277,7278,7279,7280,7281,7282,7283,7284,7285,7286,7287,7288,7289,7290,7291,7292,7293,7869,7870,7871,7872,7873,7874,7875,7876,8347,8348,8349,8350,8351,8352,8353,8354",0xb6e6b0167ce72057f6ac28cb5fd836896b4d084e,62514232,2026-08-07T00:16:08Z
0x912afbb246391440b3b82fa907e44d3125a2a9cb,321,"37,119,145,168,181,216,220,221,343,662,671,672,835,838,840,843,844,845,920,1309,1313,1318,1362,1365,1407,1419,1451,1453,1463,1464,1468,1472,1473,1476,1481,1484,1485,1486,1488,1489,1490,1491,1492,1493,1496,1497,1498,1520,1523,1686,1692,1728,1731,1924,2026,2035,2055,2057,2060,2061,2548,2691,2692,2693,2802,2813,2997,2998,3001,3063,3436,3458,3493,3594,3974,3977,3980,3981,3984,3991,4084,4202,4250,4255,4264,4269,4305,4593,4595,4627,4629,4632,4635,4636,4644,4647,4656,4680,4685,4697,4761,4762,4765,4766,4779,4828,5201,5221,5335,5383,5393,5464,5465,5466,5467,5469,5528,5530,5564,5604,5611,5731,5732,5763,5764,5767,5787,5814,5880,8020,8022,8027,8198,8200,8202,8213,8217,8291,8292,8422,8423,8424,8425,8426,8435,8436,8437,8439,8440,8441,8444,8456,8459,8460,8464,8466,8470,8472,8473,8475,8477,8479,8480,8481,8484,8485,8489,8490,8491,8494,8495,8497,8501,8511,8522,8528,8529,8531,8532,8533,8534,8536,8537,8539,8540,8544,8546,8552,8553,8554,8556,8557,8558,8563,8565,8566,8568,8571,8572,8573,8574,8689,8843,8849,8955,8956,8957,8958,8959,8960,8961,8963,8965,8967,8970,8971,8974,8975,8976,8978,8979,8980,8981,8982,8983,8984,8985,8986,8988,8989,8990,8992,8995,8997,8998,8999,9000,9001,9003,9004,9005,9007,9017,9018,9028,9032,9033,9036,9038,9040,9082,9083,9088,9128,9129,9131,9133,9150,9157,9160,9161,9165,9170,9186,9188,9191,9192,9194,9196,9199,9201,9206,9209,9210,9215,9216,9227,9388,9394,9408,9513,9534,9777,9779,9781,9790,9794,9796,9812,9813,9814,9826,9828,9831,9834,9836,9855,9859,9860,9872,9877,9884,9885,9886,9888,9889,9890,9891,9892,9893,9921,9926,9928,9929,9930,9931,9936,9939,9944,9947,9952",0xb6e6b0167ce72057f6ac28cb5fd836896b4d084e,62514232,2026-08-07T00:16:08Z
0x02a2a4c17fcaceeb2cfbdc855b8614d652dffa17,286,"6392,6393,6394,6395,6396,6397,6398,6399,6400,6401,6402,6403,6404,6405,6406,6407,6408,6409,6410,6411,6412,6413,6414,6415,6416,6417,6418,6419,6420,6421,6422,6423,6424,6425,6426,6427,6428,6429,6430,6431,6432,6433,6434,6435,6436,6437,6438,6439,6440,6441,6442,6443,6444,6445,6446,6447,6448,6449,6450,6451,6452,6453,6454,6455,6456,6457,6458,6459,6460,6461,6462,6463,6464,6465,6466,6467,6468,6469,6470,6471,6472,6473,6474,6475,6476,6477,6478,6479,6480,6481,6482,6483,6484,6485,6486,6487,6488,6489,6490,6491,6492,6493,6494,6495,6496,6497,6498,6499,6500,6501,6502,6503,6504,6505,6506,6537,6538,6539,6540,6541,6542,6543,6544,6545,6546,6547,6548,6549,6550,6551,6552,6553,6554,6555,6556,6557,6558,6559,6560,6561,6562,6563,6564,6565,6566,6567,6568,6569,6570,6571,6572,6573,6574,6575,6576,6577,6578,6579,6580,6581,6582,6583,6584,6585,6586,6587,6588,6589,6590,6591,6592,6593,6594,6595,6596,6597,6598,6599,6600,6601,6602,6603,6604,6605,6606,6607,6608,6609,6610,6611,6628,6629,6630,6631,6632,6633,6634,6635,6636,6637,6638,6639,6640,6641,6642,6643,6644,6645,6646,6647,6648,6649,6650,6651,6652,6653,6654,6655,6656,6657,6658,6659,6660,6661,6662,6663,6664,6665,6666,6667,6668,6669,6670,6671,6672,6673,6674,6675,6701,6702,6703,6704,6705,6706,6707,6708,6709,6710,6711,6712,6713,6714,6715,6716,6717,6718,6719,6720,6721,6722,6723,6724,6780,6781,6782,6783,6784,6785,6786,6787,6788,6789,6790,6791,6792,6793,6794,6795,6796,6797,6798,6799,6800,6801,6802,6803",0xb6e6b0167ce72057f6ac28cb5fd836896b4d084e,62514232,2026-08-07T00:16:08Z
0x8a755f40c448666e5a8651adac598d13897a8a88,279,"346,512,907,924,925,926,928,929,930,931,932,933,934,935,936,937,938,939,940,941,942,943,944,945,946,947,948,949,950,973,974,975,976,977,978,979,980,981,982,983,984,985,986,987,1001,1002,1003,1004,1005,1072,1073,1074,1075,1076,1077,1078,1079,1080,1081,1082,1083,1084,1085,1086,1087,1088,1089,1090,1091,1101,1102,1103,1104,1105,1106,1107,1108,1109,1110,1111,1112,1113,1114,1115,1116,1117,1118,1119,1120,1121,1122,1123,1124,1125,1184,1185,1186,1187,1188,1281,1282,1283,1284,1285,1289,1290,1291,1292,1293,1605,1606,1607,1608,1609,2097,2098,2099,2100,2101,2102,2103,2104,2105,2106,2107,2108,2109,2110,2111,2112,2113,2114,2115,2116,2117,2118,2119,2120,2121,2251,2255,2256,2257,2258,2259,2260,2261,2262,2263,2264,2265,2266,2267,2369,2370,2371,2372,2373,2374,2375,2382,2383,2586,2587,2588,2589,2590,2591,2605,2606,2681,2699,2700,2701,2702,2703,2704,2705,2706,2707,2708,2709,2710,2711,2712,2713,2714,2715,2716,2717,2718,2719,2720,2740,2778,2779,2780,2781,2782,2783,2784,2785,2786,2787,2788,2789,2790,2801,2852,3004,3006,3007,3008,3009,3011,3157,3158,3159,3160,3161,3162,3163,3164,3165,3166,3167,3168,3169,3170,3171,3172,3173,3174,3175,3265,3266,3267,3268,3269,3270,3271,3272,3273,3274,3275,3276,3277,3278,3279,3280,3281,3282,3283,3284,3334,3335,3336,3337,3338,3421,3422,3423,3424,3425,3426,3427,3428,3429,3430,3431,3432,3433,3434,3435,3655,3656,3657,3658,3659",0xb6e6b0167ce72057f6ac28cb5fd836896b4d084e,62514232,2026-08-07T00:16:08Z
0x087de6970b314485f05583317e335fdca117aef8,250,"4040,4826,6935,6936,6937,6939,6940,6941,6943,6944,6946,6949,6950,6952,6953,6955,6956,6957,6958,6959,6960,6961,6962,6963,6964,6966,6968,6969,6970,6971,6972,6973,6974,6975,6976,6977,6978,6979,6980,6981,6982,6983,6984,6985,6986,6987,6988,6989,6990,6991,6992,6993,6994,6995,6996,6997,6998,6999,7000,7001,7002,7003,7004,7005,7006,7007,7008,7009,7010,7011,7012,7013,7015,7016,7017,7018,7055,7056,7057,7058,7059,7086,7379,7380,7381,7383,7384,7385,7386,7387,7388,7389,7390,7391,7392,7393,7394,7395,7396,7397,7398,7399,7400,7401,7402,7403,7429,7430,7431,7432,7433,7434,7435,7436,7437,7438,7439,7440,7441,7442,7443,7445,7446,7447,7448,7449,7450,7451,7452,7453,7479,7480,7481,7482,7483,7484,7485,7486,7487,7488,7489,7490,7491,7492,7493,7494,7495,7496,7497,7498,7499,7500,7501,7502,7503,7529,7530,7531,7532,7533,7534,7535,7536,7537,7538,7539,7540,7541,7542,7543,7544,7545,7546,7547,7548,7549,7550,7551,7552,7553,7579,7580,7581,7582,7583,7584,7585,7586,7587,7588,7589,7590,7591,7592,7593,7594,7595,7596,7597,7598,7599,7600,7601,7602,7603,7650,7651,7652,7653,7654,7665,7666,7667,7668,7669,7670,7671,7672,7673,7674,7675,7676,7677,7678,7679,7680,7681,7682,7683,7684,7867,7868,8302,8303,8304,8305,8306,8307,8308,8309,9495,9496,9497,9498,9499,9500,9501,9502,9503,9504",0xb6e6b0167ce72057f6ac28cb5fd836896b4d084e,62514232,2026-08-07T00:16:08Z
0xf5b47799f9c47d7e717664df85825032dabed9ec,221,"129,130,131,132,133,134,135,136,137,138,249,251,262,263,331,472,473,474,475,476,477,478,479,480,481,482,483,484,485,486,487,488,489,490,491,492,493,494,495,496,497,498,499,500,778,779,780,1298,1312,1810,1811,1812,1818,1819,1820,1821,1823,1824,1825,1826,2271,2272,2273,2620,2621,2622,2623,2624,2625,2626,2628,2629,2630,2632,2634,3095,4327,4328,4485,4486,4487,4488,4489,4490,4491,4492,4493,4494,4495,4496,4497,4498,4501,4502,4503,4504,4505,4506,4507,4508,4509,4510,4511,4512,4513,4514,4515,4516,4517,4518,4519,4520,4521,4522,4523,4524,4525,4526,4527,4528,4529,4530,4531,4532,4533,4534,4535,4536,4537,4538,4539,4540,4541,4542,4543,4544,4545,4546,4547,4548,4549,4550,4551,4552,4553,4554,4555,4556,4557,4558,4559,4560,4561,4562,4563,4564,4565,4566,4567,4568,4569,4570,4571,4572,4573,4574,4575,4576,4577,5146,5147,5148,5149,5150,5151,5544,5593,5594,5595,5773,5881,5882,6140,6141,6142,6143,6144,6145,6146,6147,6239,7132,7134,7136,7137,7138,7139,7140,7147,7148,7149,7150,7151,7162,7163,7164,7165,7166,7167,7173,7174,7175,7176,7177,7178,7179,7180,7181,7182,7183,9027",0xb6e6b0167ce72057f6ac28cb5fd836896b4d084e,62514232,2026-08-07T00:16:08Z
0x92e148fd89519030397f839948a6af6e22dbf4a3,218,"49,151,218,264,282,306,307,308,309,310,311,312,313,353,548,583,593,599,602,604,606,608,609,611,636,637,638,639,642,643,644,645,646,751,927,1066,1191,1193,1194,1195,1196,1197,1198,1199,1200,1201,1202,1203,1204,1205,1206,1207,1208,1209,1210,1211,1212,1213,1214,1215,1216,1246,1343,1409,1450,1597,1622,1623,1624,1625,1626,1647,1648,1649,1650,1651,1652,1653,1654,1655,1656,1684,1722,1735,1805,1806,1807,1808,1809,1813,1814,1815,1816,1817,1923,2530,2627,2940,2941,2942,2943,2944,2950,2951,2952,2953,2954,2955,2956,2964,2967,2968,2969,2970,2971,2973,2974,3287,3290,3293,3296,3298,3299,3472,3478,4005,4006,4007,4009,4010,4017,4018,4019,4023,4024,4026,4027,4028,4029,4031,4032,4033,4034,4036,4037,4038,4122,4260,4263,4266,4271,4277,4278,4722,4868,4884,5351,5353,5372,5373,5716,5717,5719,6021,6022,6025,8129,8320,8769,8844,8916,8918,8919,8921,8996,9147,9213,9214,9228,9386,9393,9410,9479,9480,9535,9536,9537,9538,9539,9540,9541,9542,9543,9544,9566,9569,9766,9769,9773,9784,9785,9788,9799,9800,9801,9802,9820,9821,9823,9824,9825,9827,9841,9844,9846,9849,9852,9867",0xb6e6b0167ce72057f6ac28cb5fd836896b4d084e,62514232,2026-08-07T00:16:08Z
0x3392a36f514f0963c6ef59a03dc75fff4e956a27,216,"6294,6295,6296,6298,6300,6301,6302,6303,6304,6305,6306,6307,6308,6309,6310,6311,6312,6315,6317,6319,6320,6321,6322,6323,6324,6325,6326,6327,6329,6330,6331,6332,6333,6334,6335,6336,6337,6338,6339,6340,6341,6342,6343,6344,6345,6346,6347,6348,6350,6351,6352,6353,6354,6356,6357,6358,6359,6360,6361,6362,6363,6364,6365,6366,6367,6368,6369,6370,6371,6372,6373,6374,6375,6376,6377,6378,6379,6380,6381,6382,6383,6384,6385,6386,6387,6388,6389,6512,6513,6514,6515,6516,6517,6518,6519,6520,6521,6522,6523,6524,6525,6526,6527,6528,6529,6530,6531,6532,6533,6534,6535,6536,6612,6613,6614,6615,6616,6617,6618,6619,6620,6621,6622,6623,6624,6625,6626,6627,6932,6933,7354,7355,7356,7357,7358,7359,7360,7361,7362,7363,7364,7365,7366,7367,7368,7369,7370,7371,7372,7373,7374,7375,7376,7377,7378,7504,7505,7506,7507,7508,7509,7510,7511,7512,7513,7514,7515,7516,7517,7518,7519,7520,7521,7522,7523,7524,7525,7526,7527,7528,7554,7555,7556,7557,7558,7559,7560,7561,7562,7563,7564,7565,7566,7567,7568,7569,7570,7571,7572,7573,7574,7575,7576,7577,7578,8357,8358,8359,8360,8361,8362,8363,8364,9373,9374,9375",0xb6e6b0167ce72057f6ac28cb5fd836896b4d084e,62514232,2026-08-07T00:16:08Z
0x001572011e65a7b08dd0f3c36a07bc235937cabc,187,"9570,9575,9576,9578,9579,9580,9581,9582,9583,9584,9587,9588,9589,9590,9591,9592,9593,9594,9595,9596,9597,9598,9599,9600,9601,9602,9603,9604,9605,9606,9607,9608,9609,9610,9611,9612,9613,9614,9615,9616,9618,9619,9620,9621,9622,9623,9625,9626,9627,9628,9629,9630,9631,9634,9638,9640,9641,9642,9644,9645,9646,9647,9648,9649,9650,9651,9652,9653,9655,9657,9658,9659,9660,9661,9662,9663,9664,9665,9666,9667,9668,9669,9670,9671,9672,9673,9674,9675,9676,9677,9678,9679,9680,9681,9682,9683,9684,9685,9686,9687,9688,9689,9690,9691,9692,9693,9694,9695,9696,9697,9698,9699,9700,9701,9702,9703,9704,9705,9706,9707,9708,9709,9710,9711,9712,9713,9714,9716,9717,9718,9719,9720,9721,9722,9723,9724,9725,9726,9727,9728,9729,9730,9731,9732,9733,9734,9735,9737,9738,9739,9740,9741,9742,9743,9744,9745,9746,9747,9748,9749,9750,9751,9752,9753,9754,9755,9756,9757,9758,9760,9767,9768,9770,9771,9772,9774,9776,9960,9961,9962,9963,9964,9965,9966,9967,9968,9969",0xb6e6b0167ce72057f6ac28cb5fd836896b4d084e,62514232,2026-08-07T00:16:08Z
0xef44d53e5738798a5fc678d848085c8f7430c642,174,"326,327,328,335,336,338,339,560,561,562,563,564,565,566,568,569,853,1326,1341,1392,1697,1761,1774,2415,2441,2442,2443,2444,2445,2516,2517,2518,2519,2520,2521,2522,2523,2524,2525,3227,3228,3229,3230,3231,3232,3233,3234,3235,3236,3237,3238,3239,3240,3241,3242,3243,3244,3245,3246,3446,3461,4097,4626,5385,5758,5759,5760,5761,5762,5898,5899,5900,5901,5902,5903,5904,5905,5906,5907,5908,5909,5930,5931,5932,5933,5934,5935,5936,5937,5938,5939,5940,5941,5942,6051,6052,6055,6182,7025,7026,7027,7028,7029,7030,7031,7032,7033,7034,7035,7036,7037,7038,7039,7040,7041,7042,7043,7044,7045,7046,7047,7609,7610,7611,7612,7613,7690,7691,7692,7693,7694,7967,7968,7969,7970,7971,8036,8037,8038,8039,8040,8041,8070,8267,8268,8269,8270,8271,8272,8273,8274,8275,8276,8277,8760,8761,8762,8763,8764,8765,8766,8767,8768,8923,9555,9556,9557,9558,9559,9560,9561,9562,9563,9564",0xb6e6b0167ce72057f6ac28cb5fd836896b4d084e,62514232,2026-08-07T00:16:08Z
0x3cfe25c739d6bc7f34b39918173579e08cf8017d,173,"140,2615,2662,3491,3492,3596,3597,3598,3599,3600,3601,3602,3603,3604,3607,3608,3653,3654,3827,3828,3829,3830,3831,3832,3833,3834,3851,3852,3853,3854,3855,3856,3857,3858,3859,3860,3861,3862,3863,3864,3865,3866,3867,3868,3869,3912,3923,3928,4076,4077,4079,4080,4162,4163,4164,4165,4166,4167,4168,4169,4170,4171,4172,4173,4174,4175,4176,4284,4285,4286,4287,4291,4293,4295,4296,4297,4298,4299,4300,4426,4469,4470,4472,4473,4475,4476,4477,4478,4479,4480,4481,4482,4483,4484,4608,4609,4610,4611,4612,4613,4614,4615,4616,4617,4618,4619,4620,4621,4622,4623,4624,4625,4801,4802,4803,4804,4805,4806,4807,4808,4809,4810,4811,4812,4813,4815,4816,4817,4818,4819,4820,4821,4822,4823,4824,4825,4873,4887,4888,4894,5711,5712,5713,5714,5715,5794,5795,6938,9012,9013,9014,9015,9016,9021,9022,9023,9060,9061,9062,9063,9064,9065,9066,9072,9074,9075,9076,9077,9078,9079,9507,9508,9509",0xb6e6b0167ce72057f6ac28cb5fd836896b4d084e,62514232,2026-08-07T00:16:08Z
0x04153706cb266b8bf393f24346e84bc7b6a426ef,167,"82,83,143,239,243,266,281,288,323,325,329,330,340,508,546,718,806,819,852,919,1031,1305,1334,1356,1727,1822,1832,1833,1834,1835,1836,1837,1897,1898,1899,1900,2122,2195,2319,2436,2611,2612,2613,2616,2861,2912,3012,3013,3016,3017,3018,3019,3020,3021,3022,3023,3024,3025,3026,3027,3028,3029,3030,3031,3032,3033,3067,3068,3069,3070,3071,3126,3127,3128,3129,3130,3339,3340,3341,3342,3343,3660,3840,3925,4895,4896,4897,4898,4899,5245,5288,5319,5320,5321,5322,5323,5324,5325,5326,5327,5328,5376,5377,5378,5379,5380,5382,5483,5484,5485,5486,5487,5488,5490,5491,5492,5493,5494,5495,5496,5497,5505,5506,5507,5508,5509,5510,5511,5512,5513,5514,5524,5556,5683,5684,5685,5686,5687,5688,6056,6057,6058,6059,6060,6061,6062,6063,6064,6065,6066,6067,6068,6069,6070,6071,8748,8749,8750,8751,8752,8753,8754,8755,8756,8757,8758,9285",0xb6e6b0167ce72057f6ac28cb5fd836896b4d084e,62514232,2026-08-07T00:16:08Z
0xb8445ca92b6effc2495f14a543e4ba52e0b38aed,163,"523,830,3285,4306,4594,4596,4633,4638,4639,4640,4641,4645,4651,4684,4686,4698,4699,4700,4701,4703,4704,4709,4710,4711,4718,4719,4721,4723,4724,4725,4726,4727,4736,4737,4890,5080,5082,5083,5084,5085,5258,5287,5450,5452,5453,5454,5455,5456,5457,5458,5459,5460,5461,5475,5477,5478,5479,5480,5481,5532,5533,5534,5667,5668,6053,7323,7324,7325,7326,7327,7329,7330,7332,7340,7341,7342,7343,7347,7348,7349,7350,7351,7352,7353,7689,7744,7745,7746,7747,7748,7749,7750,7751,7752,7753,7754,7757,7758,7759,7760,7761,7765,7877,7878,7879,7880,7980,7981,7983,7984,7985,7987,7988,7989,7995,7997,7999,8109,8110,8111,8112,8113,8114,8115,8116,8117,8118,8141,8142,8143,8144,8145,8146,8147,8148,8150,8151,8152,8153,8154,8155,8310,8311,8312,8313,8314,8315,8316,8317,8318,8319,8322,8323,8326,8603,8605,8606,9080,9081,9085,9271,9438,9439",0xb6e6b0167ce72057f6ac28cb5fd836896b4d084e,62514232,2026-08-07T00:16:08Z
0xa8422fa95e06aba4ad79c78e57801736c7080587,132,"30,31,271,286,305,542,703,762,765,766,899,1167,1180,1375,1376,1379,1380,1401,1416,1596,1681,1685,1743,2977,2996,3467,3755,4121,4123,4208,4309,4637,4658,4885,5230,5231,5233,5235,5236,5237,5238,5239,5276,5277,5278,5279,5280,5281,5282,5283,5284,5294,5295,5296,5297,5298,5299,5300,5304,5356,5358,5360,5361,5362,5364,5365,5433,5529,5603,5627,5629,5630,5631,5632,5633,5718,5733,5784,5824,7189,7422,7633,7716,7718,8123,8125,8294,8474,8486,8507,8535,8582,8583,8584,8588,8589,8590,8591,8736,8900,8901,8902,8903,8904,8905,8906,8907,8908,8911,8912,8948,8950,8952,8953,9008,9091,9096,9134,9169,9265,9491,9545,9546,9548,9549,9550,9551,9552,9553,9904,9916,9940",0xb6e6b0167ce72057f6ac28cb5fd836896b4d084e,62514232,2026-08-07T00:16:08Z
0x1b6ced2c1be7e3c1f188f8843a7b4b538fdae26a,121,"36,158,222,455,466,647,683,777,956,1231,1461,2225,2312,2313,2314,2448,2571,2646,3682,3754,3919,3982,3983,3985,3986,3995,4000,4002,4086,4198,4199,4200,4249,4262,4265,4301,4302,4303,4304,4413,4592,4747,4748,4750,4751,4752,4753,4754,4755,4756,4757,4758,4760,4793,5336,5359,5540,5598,5599,5602,5605,5608,5609,5610,5612,5613,5614,5616,5618,5619,5620,5621,5791,6510,7135,7775,8201,8206,8208,8209,8210,8463,8502,8504,8506,8514,8516,8523,8530,8542,8545,8550,8555,8559,8561,8570,8575,8577,8579,8812,8922,9037,9093,9095,9130,9145,9168,9172,9198,9202,9207,9301,9398,9411,9789,9851,9854,9857,9880,9919,9920",0xb6e6b0167ce72057f6ac28cb5fd836896b4d084e,62514232,2026-08-07T00:16:08Z
0x3e79c89f479824bc24b9ead73eb8c55f322fe963,118,"376,377,393,872,873,875,876,889,923,1027,1136,1363,1368,1370,1413,1604,2203,2338,2814,2817,3197,3294,3401,3519,3640,4078,4081,4107,4108,4316,4343,4363,4364,4365,4366,4367,4368,4369,4370,4371,4372,4373,4374,4375,4376,4377,4378,4379,4380,4381,4382,4383,4384,4385,4386,4387,4388,4389,4390,4391,4392,4393,4394,4395,4396,4397,4398,4400,4401,4402,4403,4405,4406,4411,4443,4444,4449,4450,4452,4457,4458,4460,4696,5309,5498,5499,5500,5501,5502,5503,5504,6193,6203,7024,7053,8003,8012,8015,8051,8098,8099,8991,9019,9020,9211,9565,9585,9617,9624,9632,9633,9635,9636,9637,9639,9643,9654,9656",0xb6e6b0167ce72057f6ac28cb5fd836896b4d084e,62514232,2026-08-07T00:16:08Z
0xc6a79af5b74654aaf44526675b0fe7d50098bf98,108,"2810,3662,3663,3664,3665,3666,3667,3669,3670,3673,3674,3675,3676,3677,3679,3681,3683,3684,3686,3687,3689,3691,3692,3694,3695,3697,3698,3699,3700,3702,3705,3707,3708,3709,3722,3723,3724,3725,3870,3871,3875,3876,3878,3879,3881,3882,3883,3884,3885,3886,3887,3888,3890,3891,3892,3893,3894,3895,3896,3898,3899,3900,3901,3902,3903,3904,3905,3906,3907,3911,3913,3914,3921,3929,3930,3931,3932,3933,3944,3945,3946,3947,3948,3949,3950,3951,3952,3953,3954,3955,3956,3957,3959,3960,3961,3962,3963,3964,3965,3966,3967,3968,3969,3970,3971,3972,3973,8341",0xb6e6b0167ce72057f6ac28cb5fd836896b4d084e,62514232,2026-08-07T00:16:08Z
0x3640ab91b175f72a83516ff083daa35dc0925166,94,"3360,3361,3362,3363,3364,3365,3366,3367,3368,3369,3370,3371,3372,3373,3374,3396,3397,3398,3399,3400,3402,3403,3404,3405,3623,3624,3625,3626,3627,3628,3629,3630,3631,3632,3633,3634,3635,3636,3637,3638,3639,3641,3642,4109,4110,4111,4112,4113,4134,5182,5183,5184,5185,5186,5187,5188,5189,5190,5191,5192,5193,5194,5195,5196,5197,5634,5635,5636,5637,5638,5639,5640,5641,5642,5643,5644,5645,5646,5647,5648,5649,5650,5651,5652,5653,5654,5655,5656,5657,5658,6138,6139,6168,6169",0xb6e6b0167ce72057f6ac28cb5fd836896b4d084e,62514232,2026-08-07T00:16:08Z
0x2af06574c7a44d0744823ee66427408f73c65b69,94,"1691,2576,3302,3303,3304,3305,3306,3307,3308,3309,3310,3311,3312,3313,3314,3315,3316,3317,3318,3319,3320,3321,3322,3323,3324,3325,3326,3327,3328,3329,3330,3331,3332,3333,3474,3479,3482,3485,4830,5468,5471,6725,6726,6727,6728,6729,7294,7295,7296,7297,7298,7299,7300,7301,7302,7303,7304,7305,7306,7307,7308,7309,7310,7311,7312,7313,7314,7315,7316,7317,7318,8042,8043,8044,8045,8046,8047,8068,8069,8075,8164,8165,8166,8167,8168,8169,8170,8171,8172,8173,8174,8175,8747,8946",0xb6e6b0167ce72057f6ac28cb5fd836896b4d084e,62514232,2026-08-07T00:16:08Z
0xb61e7f7ea47ad6f2370f206480d224a843ca05c0,92,"2619,2657,2659,2835,2836,2837,3186,3189,3190,3191,3192,3194,3195,3198,3199,3200,3201,3202,3203,3204,5770,5771,5772,5774,5775,5776,5946,6091,6092,6093,6094,6095,6096,6098,6099,6100,6101,6102,6103,6104,6106,6107,6108,6109,6110,6111,6112,6114,6115,6116,6117,6118,6119,6120,6122,6123,6124,6125,6126,6127,6129,6130,6131,6132,6133,6134,6135,6136,6137,7225,7226,7227,7228,7229,7230,7231,7232,7233,7234,7319,7320,7321,7322,8365,8366,8367,8368,8369,8370,8371,8372,8373",0xb6e6b0167ce72057f6ac28cb5fd836896b4d084e,62514232,2026-08-07T00:16:08Z
0x4734243f8f97704281b4741a8b3241e04b665560,91,"232,5862,7414,7416,7417,7421,7423,7424,7426,7427,7428,7454,7455,7456,7457,7458,7459,7460,7461,7462,7463,7464,7465,7466,7467,7468,7469,7470,7471,7472,7473,7474,7475,7476,7477,7478,7655,7656,7657,7658,7659,7660,7661,7662,7663,7664,7789,7790,7791,7792,7793,7794,7795,7796,7797,7798,7799,7800,7801,7802,7803,7804,7805,7806,7807,7808,7809,7810,7811,7812,7813,7847,7848,7849,7850,7851,7852,7853,7854,7855,7856,7857,7858,7859,7860,7861,7862,7863,7864,7865,7866",0xb6e6b0167ce72057f6ac28cb5fd836896b4d084e,62514232,2026-08-07T00:16:08Z
0x86f6064e05399fe8ac60f88fbfc2568580bdde45,85,"150,2455,4768,4769,4772,4775,4776,4780,4781,4782,4783,4784,4785,4786,4787,4788,4789,4790,4791,4792,4794,4795,4796,4797,4798,4799,4800,4831,4832,4833,4834,4835,4836,5343,5676,5737,5738,5739,5740,5741,5742,5746,5747,7252,7719,7720,7721,7723,7724,7726,7728,7729,7730,7731,7732,7733,7734,7736,7737,7738,7739,7740,7741,7742,7743,8639,8640,8641,8642,8643,8644,8645,8646,8647,8648,8649,8650,8651,8652,8653,8654,8655,8656,8657,8658",0xb6e6b0167ce72057f6ac28cb5fd836896b4d084e,62514232,2026-08-07T00:16:08Z
0x22f4194f6706e70abaa14ab352d0baa6c7ced24a,77,"818,837,841,850,851,1053,1455,1456,1465,1478,1680,1925,2058,2059,2737,3098,3465,3495,3988,3989,4201,4351,4646,4746,4749,5198,5199,5260,5329,7773,8149,8163,8207,8212,8427,8430,8438,8445,8461,8462,8465,8482,8493,8496,8509,8510,8518,8547,8569,8824,8832,8834,8954,8964,8968,8969,8973,8977,8987,8993,8994,9002,9006,9030,9035,9092,9132,9138,9387,9822,9843,9866,9876,9923,9937,9941,9949",0xb6e6b0167ce72057f6ac28cb5fd836896b4d084e,62514232,2026-08-07T00:16:08Z
0xe07c1da899698f97924061932634485fb2d8c61f,76,"1400,1420,1421,1422,1423,1672,1673,1674,1675,1676,1677,4578,4579,4580,4581,4582,4583,4584,4585,4586,4587,4598,4599,4600,4601,4602,4603,4604,4605,4606,4607,5702,5709,5710,5748,5749,5750,5751,5752,5753,5754,5755,5756,5757,6043,6044,6045,6046,6047,6048,6049,6050,8619,8620,8621,8622,8623,8624,8625,8626,8627,8628,8629,8630,8631,8632,8633,8634,8635,8636,8637,8638,8759,9097,9098,9099",0xb6e6b0167ce72057f6ac28cb5fd836896b4d084e,62514232,2026-08-07T00:16:08Z
0xc1ce096e968b98be8861aff0b7b3772ac7d37d52,73,"27,89,211,223,277,547,612,701,724,914,1314,1332,1374,1725,2276,2317,2321,2322,2323,2426,2440,2447,2458,2527,2547,2652,2816,2934,2975,3563,4021,4741,4759,4764,4872,5224,5226,5310,5311,5601,5615,5664,5823,6020,6931,7129,7769,7785,8096,8127,8130,8205,8483,8508,8526,8692,8771,8815,8851,8909,8910,8914,8920,8947,9042,9086,9143,9397,9806,9839,9842,9907,9953",0xb6e6b0167ce72057f6ac28cb5fd836896b4d084e,62514232,2026-08-07T00:16:08Z
0x03b69ae9423df674eaf396c157a03be9349208f1,70,"341,641,667,668,674,680,682,694,917,1288,1310,1346,1738,1975,1976,1977,1978,1979,1980,1981,1982,1983,1993,1994,1998,2066,2303,2304,2305,2307,2311,2330,2333,2334,2430,2432,2650,2739,2873,2976,3738,4246,4275,5333,5355,5357,5363,5525,5628,8585,8586,8587,9384,9385,9395,9401,9404,9412,9780,9795,9797,9815,9858,9861,9874,9875,9879,9882,9883,9895",0xb6e6b0167ce72057f6ac28cb5fd836896b4d084e,62514232,2026-08-07T00:16:08Z
0x1882feb04aa44a9c4d4a8faca9c41b408c3b2ff0,66,"74,1147,1181,1571,2020,2022,2025,2030,2534,3015,3097,3179,3180,3181,3534,3535,3847,3849,4042,4253,4283,4289,4292,4827,4829,5240,5242,5243,5244,5246,5247,5248,5249,5251,5254,5255,5257,5259,5261,5263,5264,5266,5268,5269,5270,5271,5273,5274,5286,5290,5291,5292,5293,5313,5314,5404,5405,5409,5410,5411,5412,5413,5560,5561,5563,5565",0xb6e6b0167ce72057f6ac28cb5fd836896b4d084e,62514232,2026-08-07T00:16:08Z
0x6a944ac40436ac0dae523c5ccc9d308753ad7c44,61,"320,321,322,613,614,1720,1721,2196,2197,2277,2278,8777,8778,8779,8780,8781,8782,8783,8784,8785,8786,8787,8788,8789,8790,8791,8792,8793,8794,8795,8796,8797,8798,8799,8800,8801,8802,8803,8804,8805,8806,8870,8871,8872,8873,8874,8875,8876,8877,8878,8879,8880,8881,8882,8883,8884,8885,8886,8887,8888,8889",0xb6e6b0167ce72057f6ac28cb5fd836896b4d084e,62514232,2026-08-07T00:16:08Z
0x64fd696beb8486c783cb2242b8c984195ceb3de8,59,"666,869,1397,1470,1600,1602,1603,1698,1750,1942,1991,2002,2003,2004,2006,2434,2567,2649,2661,2726,2937,3502,4125,4688,5232,5381,5437,5786,5789,5809,5980,5981,8018,8019,8023,8024,8028,8031,8032,8664,8913,8915,9137,9142,9144,9146,9148,9153,9155,9158,9159,9162,9167,9171,9242,9251,9252,9322,9922",0xb6e6b0167ce72057f6ac28cb5fd836896b4d084e,62514232,2026-08-07T00:16:08Z
0x70abdd2fe0ae73d5bb17e28dd38a47018ea41f03,57,"3406,3407,3408,3409,3410,3411,3412,3413,3414,3415,3416,3417,3418,3419,3420,3706,3736,3788,3789,3790,3791,3792,3793,3794,3795,3796,3797,3798,3799,3800,3801,3802,3803,3804,3805,3806,3807,3808,3809,3810,3811,3812,3813,3814,3815,3816,3817,3818,3819,3820,3821,3822,3823,3824,3825,3826,3918",0xb6e6b0167ce72057f6ac28cb5fd836896b4d084e,62514232,2026-08-07T00:16:08Z
0xa15bcf6695aa600bd19deafbda74a0e02b225b96,51,"361,447,501,511,516,517,520,545,549,550,571,582,584,585,588,589,595,596,598,605,788,820,1367,2083,2331,2332,2758,2878,3562,3678,3680,3685,3751,3916,3920,3922,4041,4184,4185,4186,4187,4188,4189,4190,4191,4192,4193,4194,4195,4196,4197",0xb6e6b0167ce72057f6ac28cb5fd836896b4d084e,62514232,2026-08-07T00:16:08Z
0x53270d44eee663e509f0b715525703b12c353e30,51,"470,570,719,739,740,741,742,743,744,745,746,747,748,749,750,1138,1546,1709,1751,2339,2631,3908,3926,4082,4114,4177,4178,4179,4180,4182,4183,4203,4330,4332,4333,4334,4335,4337,4338,4339,5596,5793,6967,7418,7419,7420,8182,8183,8184,8924,9284",0xb6e6b0167ce72057f6ac28cb5fd836896b4d084e,62514232,2026-08-07T00:16:08Z
0x75326fdb64fcde9ac266eda2a71217b92369bf37,50,"3688,3701,3703,3704,3710,3711,3712,3713,3714,3715,3716,3717,3718,3719,3720,3721,3872,3873,3874,3877,3880,3889,3897,6349,6804,6805,6806,6807,6808,6809,6810,6811,6812,6813,6814,6815,6816,6817,6818,6819,6820,6821,6822,6823,6824,6825,6826,6827,6828,6829",0xb6e6b0167ce72057f6ac28cb5fd836896b4d084e,62514232,2026-08-07T00:16:08Z
0x40ba8d39f471678476c4bf97c4b1c5ac2ebe21d2,44,"1462,4083,5878,5879,8076,8077,8078,8079,8080,8081,8082,8083,8084,8085,8086,8087,8088,8089,8090,8131,8132,8133,8134,8135,8136,8137,8138,8139,8140,8156,8157,8158,8159,8160,8176,8177,8178,8179,8180,8190,8191,8192,8193,8194",0xb6e6b0167ce72057f6ac28cb5fd836896b4d084e,62514232,2026-08-07T00:16:08Z
0xacc2bb12652ca7e10c055c8cbc28ebfe6c4acd18,41,"1688,1740,1752,1762,1767,1768,1772,3439,3442,3447,3448,3449,3455,3459,3469,3470,3473,3475,3476,3477,3480,3481,3483,3484,3486,3487,3488,3489,3490,3494,3496,3499,3500,3501,3504,3505,3734,3741,3747,3748,3752",0xb6e6b0167ce72057f6ac28cb5fd836896b4d084e,62514232,2026-08-07T00:16:08Z
0xdf1aa441efff6b5348ad818c8b6c8a19bb7c1a37,40,"648,649,650,651,652,653,654,655,673,675,678,681,684,685,688,695,696,698,699,706,707,712,713,714,715,716,717,895,900,903,905,906,1218,1219,1230,1233,2308,2550,2651,4014",0xb6e6b0167ce72057f6ac28cb5fd836896b4d084e,62514232,2026-08-07T00:16:08Z
0x77ae6ae1e19f8693b81ee75517ef45f9aa4a5939,40,"3444,3672,3844,4043,4290,4838,4839,4840,4841,4842,4843,4844,4845,4846,4847,4848,4849,4850,4851,4852,4853,4854,4855,4856,4857,4858,4859,4860,4861,4862,4863,4864,4865,4866,4867,5693,5694,5695,5696,5697",0xb6e6b0167ce72057f6ac28cb5fd836896b4d084e,62514232,2026-08-07T00:16:08Z
0xf120a19d1460bcff82e1670842e9dfea9101eed8,39,"183,219,284,898,901,913,1391,1452,1460,1534,3993,4311,4312,4437,4438,4597,4631,4643,4679,4689,4712,4738,4891,5423,5451,5704,5705,5706,5707,5708,5804,6184,6186,6297,6314,6328,8691,9089,9139",0xb6e6b0167ce72057f6ac28cb5fd836896b4d084e,62514232,2026-08-07T00:16:08Z
0xe046e97b43bfe688c739012b12606a8963418610,39,"272,408,600,660,3034,3036,3057,3058,3059,3060,3061,3065,3066,3375,3376,3377,3379,3380,3381,3382,3385,3393,3395,3935,3936,3938,3939,3943,4245,4257,5223,5441,5670,5877,6191,8029,9818,9832,9864",0xb6e6b0167ce72057f6ac28cb5fd836896b4d084e,62514232,2026-08-07T00:16:08Z
0x38d090266e867b204a31192aad288c9d36df2f08,39,"47,57,64,379,392,406,411,413,414,416,559,572,574,578,579,580,587,590,591,592,607,754,854,856,857,858,859,871,1712,1716,2335,2336,2452,2457,3532,3533,4004,5515,5559",0xb6e6b0167ce72057f6ac28cb5fd836896b4d084e,62514232,2026-08-07T00:16:08Z
0xdab1197c16f54602cf718d4745709da5cdfc1c56,37,"252,253,254,255,256,257,258,259,260,261,278,279,280,299,300,301,302,303,319,767,768,769,770,771,772,773,774,775,776,789,790,791,792,793,794,795,1572",0xb6e6b0167ce72057f6ac28cb5fd836896b4d084e,62514232,2026-08-07T00:16:08Z
0x2c3311bbf93300a199eb7ae6777ab24fc651e946,37,"33,34,567,1071,1166,1183,1637,1638,1639,1640,1641,1642,1643,1644,1645,1646,1996,2070,2211,2213,2215,2337,2438,2697,2698,2750,2818,3286,3289,3390,3507,3513,3518,5720,5788,5792,9959",0xb6e6b0167ce72057f6ac28cb5fd836896b4d084e,62514232,2026-08-07T00:16:08Z
0xfaef2e43312cdc0fda01d021cb2220e7a5158e95,36,"5910,5911,5912,5913,5914,5915,5916,5917,5918,5919,5920,5921,5922,5923,5924,5925,5926,5927,5928,5929,5944,5945,6026,6027,6028,6029,6030,6031,6032,6033,6034,6035,6036,6037,6038,6039",0xb6e6b0167ce72057f6ac28cb5fd836896b4d084e,62514232,2026-08-07T00:16:08Z
0xca865e5104ea76ca36430de4d5a75a229318643e,36,"2866,4209,4210,4211,4212,4213,4214,4215,4216,4217,4218,4219,4220,4221,4222,4223,4224,4225,4226,4227,4228,4229,4230,4231,4232,4233,4234,4235,4236,4237,4238,4239,4240,4241,4242,4243",0xb6e6b0167ce72057f6ac28cb5fd836896b4d084e,62514232,2026-08-07T00:16:08Z
0x41c2e78b8cd38e55086009cecc4a5611b2ad2b12,36,"345,347,348,349,350,351,354,355,356,357,358,2014,2062,2078,2079,2080,2081,2201,2202,2279,8374,8375,8376,8377,8378,8379,8380,8381,8382,8383,8384,8385,8386,8387,8388,8389",0xb6e6b0167ce72057f6ac28cb5fd836896b4d084e,62514232,2026-08-07T00:16:08Z
0x54958e45006634af09a2a937b3aaf93f8e6eadcd,35,"407,663,709,1694,1713,1989,2005,2549,2871,3909,3927,4692,4874,4875,4876,4877,4878,4879,4880,4881,4882,4883,5136,5137,5138,5139,5140,5141,5142,5143,5144,5145,5402,7756,9863",0xb6e6b0167ce72057f6ac28cb5fd836896b4d084e,62514232,2026-08-07T00:16:08Z
0x5111628cdf68bd27cad7e973474ecd3cc08d5f21,31,"4085,5390,5397,5398,5399,5414,5415,5416,5419,5421,5422,5424,5427,5428,5434,5436,5797,5798,5800,5807,5808,5810,5815,5816,5817,5973,5974,5975,5978,5979,5983",0xb6e6b0167ce72057f6ac28cb5fd836896b4d084e,62514232,2026-08-07T00:16:08Z
0xdf53adbc2fea827c3ea675d3122bec89ccbc1af4,30,"248,864,971,993,994,1034,1531,1552,1719,1858,2023,5692,8237,8283,8686,8687,8690,8847,9178,9180,9185,9236,9238,9239,9240,9245,9323,9330,9402,9485",0xb6e6b0167ce72057f6ac28cb5fd836896b4d084e,62514232,2026-08-07T00:16:08Z
0x68fefd3b97ce90f29cef1daaad9a8d18b2fd7223,30,"4652,4653,4654,4655,4657,4659,4660,4661,4662,4663,4664,4665,4666,4667,4668,4669,4670,4671,4672,4673,4674,4675,4677,4678,5818,5819,5820,5821,5822,8937",0xb6e6b0167ce72057f6ac28cb5fd836896b4d084e,62514232,2026-08-07T00:16:08Z
0x0144d10b6b9d90fef7d139e9693eac9f55e344ed,30,"7190,7191,7192,7193,7194,7195,7196,7197,7198,7199,7200,7201,7202,7203,7204,7205,7206,7207,7208,7209,7210,7211,7212,7213,7214,7215,7216,7217,7218,7219",0xb6e6b0167ce72057f6ac28cb5fd836896b4d084e,62514232,2026-08-07T00:16:08Z
0xafe7b58fc2f907d641aca4c7cf6836456e7d86e1,28,"209,363,439,597,752,817,2224,2541,5473,8048,8049,8050,8052,8053,8054,8055,8056,8057,8058,8059,8060,8061,8062,8063,8064,8065,8066,8067",0xb6e6b0167ce72057f6ac28cb5fd836896b4d084e,62514232,2026-08-07T00:16:08Z
0xa36f7566e457a9d9a9b1fb6b392ac62bdca8da49,28,"705,710,846,847,1350,1364,1371,1390,1394,1418,1459,1521,2001,4871,5606,5766,6113,7144,8442,9135,9190,9219,9392,9572,9577,9835,9935,9972",0xb6e6b0167ce72057f6ac28cb5fd836896b4d084e,62514232,2026-08-07T00:16:08Z
0x83594c408a23d610e6fe3413c316d0b28d69c25c,28,"75,229,230,233,235,236,237,238,250,3182,5316,5317,5318,5463,7685,7686,7687,7688,8071,8072,8074,8161,8355,8356,9917,9954,9988,9989",0xb6e6b0167ce72057f6ac28cb5fd836896b4d084e,62514232,2026-08-07T00:16:08Z
0x772e4dd9509e20aa8a575023b5b6e33a114db74a,28,"867,880,881,886,1035,1040,1052,1221,1226,1227,1241,1267,1587,1871,1872,1873,2904,4003,4268,8807,8852,9268,9277,9278,9279,9282,9320,9399",0xb6e6b0167ce72057f6ac28cb5fd836896b4d084e,62514232,2026-08-07T00:16:08Z
0x6ea81f61ae869fd116a50a271eb3663024299889,28,"180,758,1894,1895,1896,2034,2451,2566,2856,2857,2858,2859,2860,2872,4707,5217,5474,7766,8107,8108,8162,8608,8611,8612,8613,8615,8699,8772",0xb6e6b0167ce72057f6ac28cb5fd836896b4d084e,62514232,2026-08-07T00:16:08Z
0xf7c72685cc11e8a6202627ac72496ebdfe7046fe,27,"1756,4694,4770,4771,4778,5384,5743,5744,5745,6299,6355,7382,7404,7405,7406,7407,7408,7409,7410,7411,7412,7413,7415,7722,7725,7727,7735",0xb6e6b0167ce72057f6ac28cb5fd836896b4d084e,62514232,2026-08-07T00:16:08Z
0xf232078eda309b725b8fadf39ad48bb4f265bd17,26,"84,163,213,214,215,1311,1405,1729,1776,2208,3438,3445,3450,3462,3575,4307,4308,4423,4424,4425,6945,6947,6951,6954,6965,8106",0xb6e6b0167ce72057f6ac28cb5fd836896b4d084e,62514232,2026-08-07T00:16:08Z
0xcc4fe4e44bd798234762feb0d17e1cab72a4d6cd,26,"877,1134,1135,1295,1574,1588,1589,1590,1591,1592,1593,1594,2032,2082,2086,3443,4676,5241,5679,7021,7131,7133,7635,8095,8119,8122",0xb6e6b0167ce72057f6ac28cb5fd836896b4d084e,62514232,2026-08-07T00:16:08Z
0x52909543c4c7141cb8e0cf1de6bc4936037cf8c6,26,"1434,2191,2728,4030,4124,4967,5029,5888,6054,8000,8092,8199,8219,8451,8527,8722,8855,8917,9273,9283,9299,9481,9715,9833,9838,9915",0xb6e6b0167ce72057f6ac28cb5fd836896b4d084e,62514232,2026-08-07T00:16:08Z
0xbb50446bdbc7e0df29df1630eda5908b41259ba3,25,"5568,5569,5570,5571,5572,5573,5574,5575,5576,5577,5578,5579,5580,5581,5582,5583,5584,5585,5586,5587,5588,5589,5590,5591,5592",0xb6e6b0167ce72057f6ac28cb5fd836896b4d084e,62514232,2026-08-07T00:16:08Z
0x12dcac295bb6a71f1c4b277fb59c1f058508a776,25,"195,4728,4732,4743,4745,4893,5289,5442,5444,5445,5446,5448,5449,5472,5537,5541,5542,5546,5548,5550,5554,5555,7336,7338,7767",0xb6e6b0167ce72057f6ac28cb5fd836896b4d084e,62514232,2026-08-07T00:16:08Z
0x951657c29283b8c64b434260413012723a7b67b1,24,"1006,1007,1008,1009,1010,1011,1012,1013,1014,1015,1016,1017,1018,1019,1020,1021,1022,1023,1024,1025,1026,1028,1029,1030",0xb6e6b0167ce72057f6ac28cb5fd836896b4d084e,62514232,2026-08-07T00:16:08Z
0x90f6c51d78b7d52ce96ff3d4806110cc53000f85,24,"4399,4404,4407,4408,4419,4420,4421,4422,4439,4440,4441,4442,4445,4446,4447,4448,4451,4453,4454,4455,4456,4459,4461,4462",0xb6e6b0167ce72057f6ac28cb5fd836896b4d084e,62514232,2026-08-07T00:16:08Z
0x54a62bb1953573d6cfb3468aebf4c1e5320e26ad,24,"66,142,378,543,697,910,1458,1479,1775,2552,2959,3595,3978,5701,8033,8290,8443,8487,8492,8500,8524,8525,8549,9887",0xb6e6b0167ce72057f6ac28cb5fd836896b4d084e,62514232,2026-08-07T00:16:08Z
0xe74c24df17f371a57134f04204b6529a05515d1d,23,"7640,7641,7642,7643,7644,7645,7646,7647,7648,7649,7701,7702,7703,7704,7705,7706,7707,7708,7709,7710,7711,7712,7713",0xb6e6b0167ce72057f6ac28cb5fd836896b4d084e,62514232,2026-08-07T00:16:08Z
0xdf2a7e219187d8ab6cd2322123729fadbb031bcd,23,"3454,7014,7088,7089,7090,7091,7092,7093,7094,7095,7096,7097,7098,7099,7100,7101,7102,7103,7104,7105,7106,7107,7236",0xb6e6b0167ce72057f6ac28cb5fd836896b4d084e,62514232,2026-08-07T00:16:08Z
0xbf3e72401784b3b743697850f5a5448ce040fbef,23,"53,56,58,59,63,65,67,68,71,342,344,504,521,555,556,573,577,891,1158,2019,2529,2568,2643",0xb6e6b0167ce72057f6ac28cb5fd836896b4d084e,62514232,2026-08-07T00:16:08Z
0x92bc60bb712444aeacb635cdae28d741a6f51733,23,"409,415,518,551,558,586,610,821,1250,2747,3156,3301,4247,5225,5227,5253,5267,5315,5558,5677,5682,7777,8817",0xb6e6b0167ce72057f6ac28cb5fd836896b4d084e,62514232,2026-08-07T00:16:08Z
0x67d00ff8b1769c6e4d385cd965afe3a64612988e,23,"273,274,275,276,1474,2143,2144,2145,2146,2147,2148,2149,2150,2151,2152,2153,2154,2155,2156,2157,2158,2159,2160",0xb6e6b0167ce72057f6ac28cb5fd836896b4d084e,62514232,2026-08-07T00:16:08Z
0x04f412125524773291b522259d33755d4800acaf,23,"92,93,94,95,96,97,98,99,100,101,102,103,104,105,106,107,108,109,110,111,112,113,429",0xb6e6b0167ce72057f6ac28cb5fd836896b4d084e,62514232,2026-08-07T00:16:08Z
0x6b380062985b1b5283ef2ed8d7b061d89fde64ff,22,"3744,3746,7108,7109,7110,7111,7112,7113,7114,7115,7116,7117,7118,7119,7120,7121,7122,7123,7124,7125,7126,7127",0xb6e6b0167ce72057f6ac28cb5fd836896b4d084e,62514232,2026-08-07T00:16:08Z
0x4228cf40f19122bbcb5abf082653878971182fa7,22,"661,1442,1444,1477,1516,1715,1926,2193,2721,2907,2986,3990,4259,5874,7632,8471,8677,8861,8866,9819,9894,9925",0xb6e6b0167ce72057f6ac28cb5fd836896b4d084e,62514232,2026-08-07T00:16:08Z
0x2b80b4ee307a905aea8d11e2a941ce03c7d3fcb5,22,"231,5272,5344,8327,8328,8329,8330,8331,8332,8333,8334,8335,8336,8337,8338,8339,8340,8342,8343,8344,8345,8346",0xb6e6b0167ce72057f6ac28cb5fd836896b4d084e,62514232,2026-08-07T00:16:08Z
0xc44edb0fbd76e895aa5391e032bf9926afe3a5b5,21,"5395,6148,6149,6150,6151,6152,6153,6154,6155,6156,6157,6158,6159,6160,6161,6162,6163,6164,6165,6166,6167",0xb6e6b0167ce72057f6ac28cb5fd836896b4d084e,62514232,2026-08-07T00:16:08Z
0x00a883ec9685b5b8927ad7feb3d8f1123ed89f46,21,"3132,3133,3134,3135,3136,3137,3138,3139,3141,3142,3144,3145,3146,3147,3148,3149,3150,3151,3152,3153,8390",0xb6e6b0167ce72057f6ac28cb5fd836896b4d084e,62514232,2026-08-07T00:16:08Z
0xedd5e266ea99e5808f8c3c67b82b8a08c20411e9,20,"147,836,1127,1777,1778,1779,1780,1781,2275,2648,2725,2901,3506,4015,4016,4181,4279,4282,8468,9034",0xb6e6b0167ce72057f6ac28cb5fd836896b4d084e,62514232,2026-08-07T00:16:08Z
0xe116d5f4ccd817e93a4827b4b1166fb3fa61bec5,20,"54,55,61,70,72,506,515,1325,2046,2226,2439,2694,2987,3300,3456,7237,7238,7239,7240,7241",0xb6e6b0167ce72057f6ac28cb5fd836896b4d084e,62514232,2026-08-07T00:16:08Z
0xb1bb6ffb3dc3c099c55f23697a653851e44f5c4e,20,"399,753,786,1327,5218,5285,5406,5407,5438,5440,5517,5518,5557,5562,5671,5673,5675,5678,5680,5681",0xb6e6b0167ce72057f6ac28cb5fd836896b4d084e,62514232,2026-08-07T00:16:08Z
0x4e06ed60d6824fb7bf145b0311db3405b2a96b39,20,"1353,1355,1381,1383,1388,1399,1466,1682,1683,1770,1771,2065,3498,4087,4099,5430,5432,5850,8197,9217",0xb6e6b0167ce72057f6ac28cb5fd836896b4d084e,62514232,2026-08-07T00:16:08Z
0xa0e04428079f0be16cd23925b147b9f7e31575a1,19,"4695,4702,9441,9442,9443,9444,9452,9453,9454,9455,9456,9457,9458,9459,9460,9461,9462,9463,9464",0xb6e6b0167ce72057f6ac28cb5fd836896b4d084e,62514232,2026-08-07T00:16:08Z
0xed83ad196bf5905f1cf0dbf9648f3b9303788f95,18,"366,1838,1839,1840,1841,1842,1843,1844,1845,1846,2435,3114,3115,3116,3117,3118,3119,4886",0xb6e6b0167ce72057f6ac28cb5fd836896b4d084e,62514232,2026-08-07T00:16:08Z
0xe747e5f8691257141b1f4568e65a6fa122ecc299,18,"1234,1235,1237,1247,1248,1249,1269,1358,1733,1985,2431,2644,4012,4117,5391,8204,8543,8567",0xb6e6b0167ce72057f6ac28cb5fd836896b4d084e,62514232,2026-08-07T00:16:08Z
0xd88b62f91a492df468315d684ec2e454320b0586,18,"380,381,382,383,384,385,386,387,388,389,390,2733,2963,4346,4347,4348,4349,4350",0xb6e6b0167ce72057f6ac28cb5fd836896b4d084e,62514232,2026-08-07T00:16:08Z
0x09495fa710dd218d520188e352f4d7b3d37a9915,18,"1610,1611,2573,2574,2575,2577,2578,2579,2580,2581,2582,5553,5952,5953,5954,9009,9010,9025",0xb6e6b0167ce72057f6ac28cb5fd836896b4d084e,62514232,2026-08-07T00:16:08Z
0xabe465c13ebd03911087bb32a32cc75499d8103c,17,"627,628,629,630,631,632,656,657,658,659,690,691,692,693,736,737,738",0xb6e6b0167ce72057f6ac28cb5fd836896b4d084e,62514232,2026-08-07T00:16:08Z
0x9f13a6ae7d3f5f7ee5cc232d398f543acf078f26,17,"91,196,267,287,1300,1695,2535,2536,2537,2538,2539,2540,2542,2543,2544,2545,2546",0xb6e6b0167ce72057f6ac28cb5fd836896b4d084e,62514232,2026-08-07T00:16:08Z
0xd0c7bece727a8894f750919078505f83348a045b,16,"4329,7051,9193,9808,9868,9945,9978,9979,9980,9981,9982,9983,9984,9985,9986,9987",0xb6e6b0167ce72057f6ac28cb5fd836896b4d084e,62514232,2026-08-07T00:16:08Z
0xbc37c2d16d28fd721bf66b96bf41fbe2f2e609c8,16,"689,1321,2138,2139,2140,2141,2142,3671,9136,9445,9446,9447,9448,9449,9450,9451",0xb6e6b0167ce72057f6ac28cb5fd836896b4d084e,62514232,2026-08-07T00:16:08Z
0x8f7c5257e5000204d0fb9500e91865718489aa34,16,"1303,1627,1628,1629,1630,1631,1634,1635,1658,1659,1660,1661,1662,1663,1664,1666",0xb6e6b0167ce72057f6ac28cb5fd836896b4d084e,62514232,2026-08-07T00:16:08Z
0x4f7127dcdbae7077eebeb0e09ec6f5a60436ed0d,16,"1943,1944,1945,1946,1947,1948,1949,1950,1951,1952,1953,1954,1955,1956,1965,2013",0xb6e6b0167ce72057f6ac28cb5fd836896b4d084e,62514232,2026-08-07T00:16:08Z
0xc660cbf38011007f975744df85fc591c194d17c3,15,"2063,5229,5669,6189,6194,6195,7634,7636,7637,7639,7842,7843,7844,7845,7846",0xb6e6b0167ce72057f6ac28cb5fd836896b4d084e,62514232,2026-08-07T00:16:08Z
0xa1e0a34ad57f6d2d34ae4bf4b6faf4692907786d,15,"5202,5203,5204,5205,5206,5207,5208,5209,5210,5211,5212,5213,5214,5215,5216",0xb6e6b0167ce72057f6ac28cb5fd836896b4d084e,62514232,2026-08-07T00:16:08Z
0x3b202fe73a4932381aa05e94b6a95fd08174e0ed,15,"289,290,291,292,293,294,295,296,297,298,314,315,316,317,318",0xb6e6b0167ce72057f6ac28cb5fd836896b4d084e,62514232,2026-08-07T00:16:08Z
0x37df0e34dc942d2ab60206748fb101fa51fd7992,15,"1192,1632,1633,1657,1665,1667,1668,1669,1670,1671,2128,2129,2130,2131,2132",0xb6e6b0167ce72057f6ac28cb5fd836896b4d084e,62514232,2026-08-07T00:16:08Z
0xf265f377b38b3cd8c744aa6e863f62a1b51e6523,14,"412,711,761,1382,1974,1999,2227,2341,2647,2902,2958,4008,4274,5368",0xb6e6b0167ce72057f6ac28cb5fd836896b4d084e,62514232,2026-08-07T00:16:08Z
0x9c8c6d68ed26b6ba1fffef2f9725331d4846ed80,14,"4693,9360,9361,9362,9363,9364,9365,9366,9367,9368,9369,9370,9371,9372",0xb6e6b0167ce72057f6ac28cb5fd836896b4d084e,62514232,2026-08-07T00:16:08Z
0xf21598128dfb55597a29b682211621dbc7d881e7,13,"141,5735,5736,7061,7062,7063,7064,7065,8100,8101,8102,8103,8104",0xb6e6b0167ce72057f6ac28cb5fd836896b4d084e,62514232,2026-08-07T00:16:08Z
0xe4844650813b90aa6058178d4c7b2758671f6fe7,13,"1,3,5,9,10,11,12,15,16,22,23,24,25",0xb6e6b0167ce72057f6ac28cb5fd836896b4d084e,62514232,2026-08-07T00:16:08Z
0xa9d85575efed45ed034e65ec6636b38118252375,13,"3457,3463,5306,5307,5308,7184,7185,7186,7187,7188,7235,7328,9024",0xb6e6b0167ce72057f6ac28cb5fd836896b4d084e,62514232,2026-08-07T00:16:08Z
0x862ae7e7ca3e0c0019f3945061632ff2fc4b4702,13,"635,874,1595,2068,3753,6097,8002,8185,8186,8187,8188,8189,8746",0xb6e6b0167ce72057f6ac28cb5fd836896b4d084e,62514232,2026-08-07T00:16:08Z
0x6043224abb23de31220ac7f07892a585190b009f,13,"139,199,200,201,202,203,204,205,206,207,208,468,1297",0xb6e6b0167ce72057f6ac28cb5fd836896b4d084e,62514232,2026-08-07T00:16:08Z
0x5c969e4fed924dbce673325e982601e838afc5f6,13,"1757,1758,1760,1763,1764,1766,1769,1773,3441,3451,8431,8432,8433",0xb6e6b0167ce72057f6ac28cb5fd836896b4d084e,62514232,2026-08-07T00:16:08Z
0xe20f75642b97c11af651a81afcbbc6d7b4e32981,12,"781,782,783,784,785,1759,3453,7168,7169,7170,7171,7172",0xb6e6b0167ce72057f6ac28cb5fd836896b4d084e,62514232,2026-08-07T00:16:08Z
0xd9941edfe4549bdd784d6c65e527a9c2e8b43bfa,12,"1366,4690,7130,8215,8515,8857,9204,9218,9573,9763,9934,9977",0xb6e6b0167ce72057f6ac28cb5fd836896b4d084e,62514232,2026-08-07T00:16:08Z
0xb0f5922d766934a81c337ac472f815f90b2ee53f,12,"9414,9415,9416,9417,9418,9419,9420,9421,9423,9424,9425,9426",0xb6e6b0167ce72057f6ac28cb5fd836896b4d084e,62514232,2026-08-07T00:16:08Z
0x9212e88750a88b8000668b8785513e5b34dd1c82,12,"1575,2205,2206,2207,2324,2329,2340,2531,2815,3196,3521,9897",0xb6e6b0167ce72057f6ac28cb5fd836896b4d084e,62514232,2026-08-07T00:16:08Z
0x8e7c869c3ea55f4701826494cc83d15885c06df6,12,"8004,8005,8006,8007,8008,8009,8010,8011,8013,8014,8016,8017",0xb6e6b0167ce72057f6ac28cb5fd836896b4d084e,62514232,2026-08-07T00:16:08Z
0x8d8a668f39df525045cdeae09f87c9430d1c20e8,12,"418,441,442,443,444,445,446,448,449,450,451,452",0xb6e6b0167ce72057f6ac28cb5fd836896b4d084e,62514232,2026-08-07T00:16:08Z
0x829b41e961125d92833e027edd871d20238689f1,12,"5337,5338,5339,5346,5347,5348,5567,8301,8454,8614,8616,8617",0xb6e6b0167ce72057f6ac28cb5fd836896b4d084e,62514232,2026-08-07T00:16:08Z
0x4842cff7fe50b5855e3558d1fb52685ea2202662,12,"1703,4281,5470,7776,7778,7784,7786,7974,7976,7979,9845,9848",0xb6e6b0167ce72057f6ac28cb5fd836896b4d084e,62514232,2026-08-07T00:16:08Z
0xff3dae5a61f57498f98261574a19e334a55bd48a,11,"88,1165,1335,2456,2957,2966,5250,7782,7972,8026,9938",0xb6e6b0167ce72057f6ac28cb5fd836896b4d084e,62514232,2026-08-07T00:16:08Z
0xec40fd8955bcc49e09f0b77fd1b0631f07007c18,11,"156,185,186,187,188,189,190,191,192,193,194",0xb6e6b0167ce72057f6ac28cb5fd836896b4d084e,62514232,2026-08-07T00:16:08Z
0xbdf8ec4824b4c226f2fc40b8ff966aa6aa4d9812,11,"756,2427,2428,2429,5341,5386,7220,7221,7222,7223,7224",0xb6e6b0167ce72057f6ac28cb5fd836896b4d084e,62514232,2026-08-07T00:16:08Z
0x765e2863fa5624292e0bba1dcf32a9b4b0c5aee5,11,"5334,7020,8030,8513,9197,9759,9762,9765,9971,9976,9999",0xb6e6b0167ce72057f6ac28cb5fd836896b4d084e,62514232,2026-08-07T00:16:08Z
0x4db1e2ed58b073223a2c21b098e95774fde1bcf5,11,"4094,4095,4096,4098,4100,4101,4102,4104,4105,4106,4118",0xb6e6b0167ce72057f6ac28cb5fd836896b4d084e,62514232,2026-08-07T00:16:08Z
0x1bcfed06582ddeed361c837ba3140b8a61aec663,11,"1387,2960,3508,4705,5607,8498,8520,8581,9140,9258,9990",0xb6e6b0167ce72057f6ac28cb5fd836896b4d084e,62514232,2026-08-07T00:16:08Z
0xefdb19893c3d270c5ea4563e7cfd17a8b69517b4,10,"79,80,81,120,121,122,123,124,125,126",0xb6e6b0167ce72057f6ac28cb5fd836896b4d084e,62514232,2026-08-07T00:16:08Z
0xc15c37148a561ac8a475f75e71195ca20b910922,10,"5861,5863,5875,5876,6088,6089,6090,6934,7881,8001",0xb6e6b0167ce72057f6ac28cb5fd836896b4d084e,62514232,2026-08-07T00:16:08Z
0xade2f05f53c22a1fdb0b399398a2f1f7a773f59f,10,"8593,8594,8595,8596,8597,8598,8599,8600,8601,8602",0xb6e6b0167ce72057f6ac28cb5fd836896b4d084e,62514232,2026-08-07T00:16:08Z
0x9e7953dea78bc0a3cf48f155f0a4b779df3dcaf3,10,"1599,1601,2730,3776,5768,9149,9151,9152,9154,9166",0xb6e6b0167ce72057f6ac28cb5fd836896b4d084e,62514232,2026-08-07T00:16:08Z
0x901a07f3578d94564139408703585789a1bdf8c4,10,"9427,9428,9429,9430,9431,9432,9433,9434,9435,9436",0xb6e6b0167ce72057f6ac28cb5fd836896b4d084e,62514232,2026-08-07T00:16:08Z
0x81de381fa4b91bc6e36be3e31483fefaba6b1b0a,10,"2903,2906,2947,7128,8773,8774,8775,8776,9793,9850",0xb6e6b0167ce72057f6ac28cb5fd836896b4d084e,62514232,2026-08-07T00:16:08Z
0x66fdca9133e7c826db52b86c98e0ee06e3535dc9,10,"48,410,557,594,601,855,3536,3537,3910,3958",0xb6e6b0167ce72057f6ac28cb5fd836896b4d084e,62514232,2026-08-07T00:16:08Z
0x6249a9c03b148acd773d806a50e1aa983e34be0f,10,"6170,6171,6172,6173,6174,6175,6176,6177,6178,6179",0xb6e6b0167ce72057f6ac28cb5fd836896b4d084e,62514232,2026-08-07T00:16:08Z
0x60ecffcd16b527bf77e6c6d2b02bc5b127123dbe,10,"76,77,179,870,2741,3732,5785,7788,8025,9205",0xb6e6b0167ce72057f6ac28cb5fd836896b4d084e,62514232,2026-08-07T00:16:08Z
0x5b46e5ce03f2dbbcd1f5099690bb93e83b6f2996,10,"921,1141,1232,1316,2009,2900,2990,3292,4205,9090",0xb6e6b0167ce72057f6ac28cb5fd836896b4d084e,62514232,2026-08-07T00:16:08Z
0x3b3902cb7dd2b216c56858903d7666299ed91aef,10,"169,170,171,172,173,174,175,176,177,178",0xb6e6b0167ce72057f6ac28cb5fd836896b4d084e,62514232,2026-08-07T00:16:08Z
0x2bac1f1db5781aa52146345158285d0ee9ac9213,10,"9465,9466,9467,9468,9469,9470,9471,9472,9473,9474",0xb6e6b0167ce72057f6ac28cb5fd836896b4d084e,62514232,2026-08-07T00:16:08Z
0xbeb26afe641a88da9ddf1b152d240ca5917839bc,9,"8927,8928,8929,8930,8931,8932,8933,8934,8935",0xb6e6b0167ce72057f6ac28cb5fd836896b4d084e,62514232,2026-08-07T00:16:08Z
0xbc8c677153f10643ada3dd8578aee301bbe2d032,9,"1495,5812,8120,8488,8548,8825,8949,9933,9951",0xb6e6b0167ce72057f6ac28cb5fd836896b4d084e,62514232,2026-08-07T00:16:08Z
0x73dd8c8e761de39d7781a6ea53f6723a77fb33bf,9,"1714,3249,3252,4588,4628,8321,8607,8845,8942",0xb6e6b0167ce72057f6ac28cb5fd836896b4d084e,62514232,2026-08-07T00:16:08Z
0xae5e6a9998b031b3898535849baedb82225233e4,8,"677,1268,1322,1519,2743,3976,8541,9173",0xb6e6b0167ce72057f6ac28cb5fd836896b4d084e,62514232,2026-08-07T00:16:08Z
0x8be23edd6c45687ee588cf6e38489db2cfc4ca3c,8,"2320,3452,3548,5081,8035,8446,9200,9873",0xb6e6b0167ce72057f6ac28cb5fd836896b4d084e,62514232,2026-08-07T00:16:08Z
0x57721412e570ab10bee33721977bc97d0d4d1822,8,"1324,2017,4267,5527,7973,9390,9775,9798",0xb6e6b0167ce72057f6ac28cb5fd836896b4d084e,62514232,2026-08-07T00:16:08Z
0x4afd061138fcaa500bf54a5a78d67afbcc2e0722,8,"374,1330,1331,1333,1340,2325,2326,2327",0xb6e6b0167ce72057f6ac28cb5fd836896b4d084e,62514232,2026-08-07T00:16:08Z
0x0b4fb1056b4e8cf525f392171031b3eda4217e63,8,"2047,2048,2049,2050,2051,2052,2053,2054",0xb6e6b0167ce72057f6ac28cb5fd836896b4d084e,62514232,2026-08-07T00:16:08Z
0xc6e146d0fbd591efff4d5fbf24ada028c3cfafcd,7,"3733,3735,8296,8297,8298,8299,8300",0xb6e6b0167ce72057f6ac28cb5fd836896b4d084e,62514232,2026-08-07T00:16:08Z
0x808793b2d1a33b349baeeab79e5613b050864b1c,7,"337,816,909,1922,4294,9141,9736",0xb6e6b0167ce72057f6ac28cb5fd836896b4d084e,62514232,2026-08-07T00:16:08Z
0x36619200dde46e6b0a11f750aff62a1e63fd110f,7,"1689,6318,8808,8828,8835,8837,8841",0xb6e6b0167ce72057f6ac28cb5fd836896b4d084e,62514232,2026-08-07T00:16:08Z
0x236d557a9f6dfc7fcfb1a2610314182227530d70,7,"4044,4256,4258,5332,7334,7339,9505",0xb6e6b0167ce72057f6ac28cb5fd836896b4d084e,62514232,2026-08-07T00:16:08Z
0x1601973e782c5073131bf032b43dbe80078a2d65,7,"394,395,396,398,400,401,402",0xb6e6b0167ce72057f6ac28cb5fd836896b4d084e,62514232,2026-08-07T00:16:08Z
0x072d1485c8fee948ff35550ba36f9072b75ba029,7,"419,420,421,422,423,842,4691",0xb6e6b0167ce72057f6ac28cb5fd836896b4d084e,62514232,2026-08-07T00:16:08Z
0x0383b9f731d90be4e107866043f5f09cf958cac2,7,"4427,4428,4429,4430,4431,4432,4433",0xb6e6b0167ce72057f6ac28cb5fd836896b4d084e,62514232,2026-08-07T00:16:08Z
0xe0f4490938d2ed194cb330b4a3781f69bf733541,6,"3471,7247,7248,7249,7250,7251",0xb6e6b0167ce72057f6ac28cb5fd836896b4d084e,62514232,2026-08-07T00:16:08Z
0xda3c8f4b9adcf9f3d0cf631233e6c0dbd90cd849,6,"1349,2999,4412,8218,8478,8562",0xb6e6b0167ce72057f6ac28cb5fd836896b4d084e,62514232,2026-08-07T00:16:08Z
0x7a3446b8cc15448f1d6d861d8c56bbb5a9d86434,6,"3468,7242,7243,7244,7245,7246",0xb6e6b0167ce72057f6ac28cb5fd836896b4d084e,62514232,2026-08-07T00:16:08Z
0x6245c0137b291ec901665ca38e02fffee55f7bd1,6,"4767,4773,4777,5531,7994,7996",0xb6e6b0167ce72057f6ac28cb5fd836896b4d084e,62514232,2026-08-07T00:16:08Z
0x425587e5beee6dab96b0546332f62c8e79a6b4cb,6,"814,4716,5476,5545,8505,9029",0xb6e6b0167ce72057f6ac28cb5fd836896b4d084e,62514232,2026-08-07T00:16:08Z
0x3d5486e6aa7225ccc7bfc4a58d71d7a1f2dd1418,6,"544,576,7145,9506,9783,9840",0xb6e6b0167ce72057f6ac28cb5fd836896b4d084e,62514232,2026-08-07T00:16:08Z
0x1ea65299590650a3dd97d55d87a410e5782d2399,6,"2216,2217,2218,2219,2220,2221",0xb6e6b0167ce72057f6ac28cb5fd836896b4d084e,62514232,2026-08-07T00:16:08Z
0x11cb4893732ae01aa0f753b6d5a42454b08e4114,6,"5222,7254,7255,8429,8447,8453",0xb6e6b0167ce72057f6ac28cb5fd836896b4d084e,62514232,2026-08-07T00:16:08Z
0xcffe06d3cf0908c2452e7c336feec507d5afd41d,5,"332,333,334,3742,4468",0xb6e6b0167ce72057f6ac28cb5fd836896b4d084e,62514232,2026-08-07T00:16:08Z
0xc8b806eaf62dbed134ee918f8beb9244182eed45,5,"4046,4047,4048,4049,4050",0xb6e6b0167ce72057f6ac28cb5fd836896b4d084e,62514232,2026-08-07T00:16:08Z
0xc3167235ef7f9811b0d80dfca76e3e58788dae2c,5,"8659,8660,8661,8662,8663",0xb6e6b0167ce72057f6ac28cb5fd836896b4d084e,62514232,2026-08-07T00:16:08Z
0xbb7f66aaf0ac1fd5001de8a20fe2f3d8139c4817,5,"5659,5660,5661,5662,5663",0xb6e6b0167ce72057f6ac28cb5fd836896b4d084e,62514232,2026-08-07T00:16:08Z
0xb809e3a36b1a7a7424517282d1b93bcbc9269ce5,5,"603,1573,5367,5617,9208",0xb6e6b0167ce72057f6ac28cb5fd836896b4d084e,62514232,2026-08-07T00:16:08Z
0xa86de09c366626f1d0ffb0e7a85173e94e7bc7ed,5,"26,3997,3998,3999,4001",0xb6e6b0167ce72057f6ac28cb5fd836896b4d084e,62514232,2026-08-07T00:16:08Z
0xa4b5fd715855189212a83ce4961dd946809c2cc7,5,"4649,8839,9973,9974,9975",0xb6e6b0167ce72057f6ac28cb5fd836896b4d084e,62514232,2026-08-07T00:16:08Z
0xa4526f1dab261b2b1e9193ca6202f3d29df0b58d,5,"2161,2162,2163,2164,2165",0xb6e6b0167ce72057f6ac28cb5fd836896b4d084e,62514232,2026-08-07T00:16:08Z
0x91f9f56545081e1ae79ec08c104aebdb2f50480c,5,"4045,7335,7344,7345,8073",0xb6e6b0167ce72057f6ac28cb5fd836896b4d084e,62514232,2026-08-07T00:16:08Z
0x8715edf5e4c761910df449f1afcf07691ce14fe9,5,"5622,5623,5624,5625,5626",0xb6e6b0167ce72057f6ac28cb5fd836896b4d084e,62514232,2026-08-07T00:16:08Z
0x8454c7386bba011b20bd9e9548c4d5450085ac44,5,"51,1294,1296,1304,1323",0xb6e6b0167ce72057f6ac28cb5fd836896b4d084e,62514232,2026-08-07T00:16:08Z
0x8127a3faadaa9c6cf4ddfd855681919a39787ba2,5,"60,62,246,440,502",0xb6e6b0167ce72057f6ac28cb5fd836896b4d084e,62514232,2026-08-07T00:16:08Z
0x74ff926d8dc46984b09c9c11247bed8dc2b60b73,5,"1454,4731,4735,5482,7993",0xb6e6b0167ce72057f6ac28cb5fd836896b4d084e,62514232,2026-08-07T00:16:08Z
0x59bbcf3329bc8abe7bc33d834af39befc07ff69a,5,"2015,2016,2018,2028,2222",0xb6e6b0167ce72057f6ac28cb5fd836896b4d084e,62514232,2026-08-07T00:16:08Z
0x21eabdeb722271a30c78f74b7de776215ad26040,5,"4463,4464,4465,4466,4467",0xb6e6b0167ce72057f6ac28cb5fd836896b4d084e,62514232,2026-08-07T00:16:08Z
0x18339ce4dcd270a98eedaf69143b0daca551cfdd,5,"352,552,553,554,8848",0xb6e6b0167ce72057f6ac28cb5fd836896b4d084e,62514232,2026-08-07T00:16:08Z
0x16d20fcca26b5258acf4e635a2c96ab56b88eec7,5,"1718,8819,9333,9924,9955",0xb6e6b0167ce72057f6ac28cb5fd836896b4d084e,62514232,2026-08-07T00:16:08Z
0x10a19adbc801cfb07f4ac1217bdf3a6b74bc5eba,5,"2179,2180,2181,2182,2183",0xb6e6b0167ce72057f6ac28cb5fd836896b4d084e,62514232,2026-08-07T00:16:08Z
0xf3950d5135569736f306830ee582e9d357ae521c,4,"1699,1705,1711,1736",0xb6e6b0167ce72057f6ac28cb5fd836896b4d084e,62514232,2026-08-07T00:16:08Z
0xe7a61c44e4ab623813341bcfd5869ae7357e10d6,4,"360,461,463,465",0xb6e6b0167ce72057f6ac28cb5fd836896b4d084e,62514232,2026-08-07T00:16:08Z
0xddf8da887a1d5c07d05a948856b79dab091efc78,4,"3835,3836,3837,3838",0xb6e6b0167ce72057f6ac28cb5fd836896b4d084e,62514232,2026-08-07T00:16:08Z
0xd2768183eac450c8b2512ebfaece0a530561d3f8,4,"916,1306,2404,8121",0xb6e6b0167ce72057f6ac28cb5fd836896b4d084e,62514232,2026-08-07T00:16:08Z
0xce0a9b5ff0440f85641f1cd0a9d4b0c25e9e846d,4,"471,581,1178,4317",0xb6e6b0167ce72057f6ac28cb5fd836896b4d084e,62514232,2026-08-07T00:16:08Z
0xa6d2bb016b1f4ed5698dbe035af9b9499702c653,4,"152,403,404,405",0xb6e6b0167ce72057f6ac28cb5fd836896b4d084e,62514232,2026-08-07T00:16:08Z
0x9d2d412d89b687efa5313a329a6264102deb2c48,4,"1266,3440,7755,7762",0xb6e6b0167ce72057f6ac28cb5fd836896b4d084e,62514232,2026-08-07T00:16:08Z
0x7ebb56f9c90f930cf3d76e2f0f7a10c7c4db30e8,4,"372,2252,2253,2254",0xb6e6b0167ce72057f6ac28cb5fd836896b4d084e,62514232,2026-08-07T00:16:08Z
0x76ebe734fd1cc46fefcf9e0bdb346cf16446ecbe,4,"9475,9476,9477,9478",0xb6e6b0167ce72057f6ac28cb5fd836896b4d084e,62514232,2026-08-07T00:16:08Z
0x73a7d216db8d609223a66b877c3ff2dcdf45f014,4,"2223,5256,5262,5516",0xb6e6b0167ce72057f6ac28cb5fd836896b4d084e,62514232,2026-08-07T00:16:08Z
0x360d4f43f35cccb2e86788a28cbcfb342cdebaf7,4,"50,8287,8288,8289",0xb6e6b0167ce72057f6ac28cb5fd836896b4d084e,62514232,2026-08-07T00:16:08Z
0x32c6a0b3c80c90971ea6413383f3b759a48e3684,4,"1287,1360,1984,1987",0xb6e6b0167ce72057f6ac28cb5fd836896b4d084e,62514232,2026-08-07T00:16:08Z
0x2a9ee5f31d03c2756b7ad52635ef046ab9177f0e,4,"8833,8865,9195,9289",0xb6e6b0167ce72057f6ac28cb5fd836896b4d084e,62514232,2026-08-07T00:16:08Z
0x1ab80d176f8591b85f22ba0aedce23c3b1e4a943,4,"1995,4742,4744,5665",0xb6e6b0167ce72057f6ac28cb5fd836896b4d084e,62514232,2026-08-07T00:16:08Z
0x06e1f185ca7dab7c355ee578794e534b8ca6c565,4,"417,4251,5331,9811",0xb6e6b0167ce72057f6ac28cb5fd836896b4d084e,62514232,2026-08-07T00:16:08Z
0x0608037fd563fa0d159adb934ffc9035df56fb88,4,"1700,8564,9203,9862",0xb6e6b0167ce72057f6ac28cb5fd836896b4d084e,62514232,2026-08-07T00:16:08Z
0xfeeede280dc6b77f0591afdb5b2fd266eb648759,3,"922,1351,2875",0xb6e6b0167ce72057f6ac28cb5fd836896b4d084e,62514232,2026-08-07T00:16:08Z
0xe6a7491d8e1b340418d18867376c946706b01c55,3,"2734,2735,3848",0xb6e6b0167ce72057f6ac28cb5fd836896b4d084e,62514232,2026-08-07T00:16:08Z
0xe2a07147b3d18414fcf59ed4a63f4918dd34e59c,3,"4634,7992,8604",0xb6e6b0167ce72057f6ac28cb5fd836896b4d084e,62514232,2026-08-07T00:16:08Z
0xdf788d3448dfa8d6f3fcad7ef94463740b472310,3,"3176,3177,3178",0xb6e6b0167ce72057f6ac28cb5fd836896b4d084e,62514232,2026-08-07T00:16:08Z
0xd7af4f435006687c5a2d6835b1534bcc79aa7431,3,"7787,8325,8666",0xb6e6b0167ce72057f6ac28cb5fd836896b4d084e,62514232,2026-08-07T00:16:08Z
0xd0e3c405b4d7f5ff586e529f0ea4fe8925cdd778,3,"505,4025,8966",0xb6e6b0167ce72057f6ac28cb5fd836896b4d084e,62514232,2026-08-07T00:16:08Z
0xc928620f0aae35374794729c3e89d02ecc9facf2,3,"4244,7022,9270",0xb6e6b0167ce72057f6ac28cb5fd836896b4d084e,62514232,2026-08-07T00:16:08Z
0xc8d8d70173f00d738c66b08c01a4b0deda09dcb9,3,"4892,7333,7337",0xb6e6b0167ce72057f6ac28cb5fd836896b4d084e,62514232,2026-08-07T00:16:08Z
0xba63309d94b4cb4436f495b34c02994c953bffe1,3,"7257,7258,7259",0xb6e6b0167ce72057f6ac28cb5fd836896b4d084e,62514232,2026-08-07T00:16:08Z
0xb6b6934b062888ecb9efef594d61ffa83588cdff,3,"7998,8962,8972",0xb6e6b0167ce72057f6ac28cb5fd836896b4d084e,62514232,2026-08-07T00:16:08Z
0xb5ca724cf2680c24226fad2a37b71cb342373b7e,3,"4730,5443,5547",0xb6e6b0167ce72057f6ac28cb5fd836896b4d084e,62514232,2026-08-07T00:16:08Z
0xa649a7b78071da654e677cd4bb7a55949911a483,3,"4,14,21",0xb6e6b0167ce72057f6ac28cb5fd836896b4d084e,62514232,2026-08-07T00:16:08Z
0x9d944fabffe6d849370d1c1db2f453a5e280096c,3,"2526,2978,4022",0xb6e6b0167ce72057f6ac28cb5fd836896b4d084e,62514232,2026-08-07T00:16:08Z
0x9bb4aa84330080a7876c9b41e47540f7e8ae642c,3,"1723,1745,1755",0xb6e6b0167ce72057f6ac28cb5fd836896b4d084e,62514232,2026-08-07T00:16:08Z
0x95e343297bf06616a43511a345294f7fac2ce7b9,3,"704,2745,4774",0xb6e6b0167ce72057f6ac28cb5fd836896b4d084e,62514232,2026-08-07T00:16:08Z
0x73ebd55f0258aad5edbac1f9ddff29259bd7e9ef,3,"8195,8196,8266",0xb6e6b0167ce72057f6ac28cb5fd836896b4d084e,62514232,2026-08-07T00:16:08Z
0x73753ce873eed6423d5bbd4c20aa97ac261072e4,3,"6192,7054,7638",0xb6e6b0167ce72057f6ac28cb5fd836896b4d084e,62514232,2026-08-07T00:16:08Z
0x705687b4427ff9e6764d257272e7d854d323875f,3,"90,3154,5600",0xb6e6b0167ce72057f6ac28cb5fd836896b4d084e,62514232,2026-08-07T00:16:08Z
0x6d6076be88ad97a4a4e60c385b9e7b5bf8969fca,3,"4434,4435,4436",0xb6e6b0167ce72057f6ac28cb5fd836896b4d084e,62514232,2026-08-07T00:16:08Z
0x6c97ca5a42528f4ef70b211b2b0cce3f17e688c6,3,"1742,3187,6313",0xb6e6b0167ce72057f6ac28cb5fd836896b4d084e,62514232,2026-08-07T00:16:08Z
0x6bbf45b1ee94a0f8c064af8ad7912edc2a255a7b,3,"969,1636,4103",0xb6e6b0167ce72057f6ac28cb5fd836896b4d084e,62514232,2026-08-07T00:16:08Z
0x6a8190fda28a4cdbbbb78e02b575ef01247af123,3,"4739,5538,7346",0xb6e6b0167ce72057f6ac28cb5fd836896b4d084e,62514232,2026-08-07T00:16:08Z
0x67e2b5fa240f2d6c93dff732e169eb20c0aa7c21,3,"1328,1329,6181",0xb6e6b0167ce72057f6ac28cb5fd836896b4d084e,62514232,2026-08-07T00:16:08Z
0x67998fcd1cde0373087aef24260a757295e1573b,3,"437,2948,9932",0xb6e6b0167ce72057f6ac28cb5fd836896b4d084e,62514232,2026-08-07T00:16:08Z
0x604de5c8470e863bdf33b3ab6a8da6be7b266baf,3,"1734,8243,9280",0xb6e6b0167ce72057f6ac28cb5fd836896b4d084e,62514232,2026-08-07T00:16:08Z
0x5dac538a39ec468550111b5049bcc26ccead393a,3,"1480,1483,1765",0xb6e6b0167ce72057f6ac28cb5fd836896b4d084e,62514232,2026-08-07T00:16:08Z
0x4d7599644ba181f8c8d9f1a441b89707654e5cc3,3,"457,458,459",0xb6e6b0167ce72057f6ac28cb5fd836896b4d084e,62514232,2026-08-07T00:16:08Z
0x462ebdf79ab64c9f35995b6444cd9123271295d0,3,"2268,2269,2270",0xb6e6b0167ce72057f6ac28cb5fd836896b4d084e,62514232,2026-08-07T00:16:08Z
0x457623bab17de624446173a950b69a16f1f71451,3,"5947,5948,5950",0xb6e6b0167ce72057f6ac28cb5fd836896b4d084e,62514232,2026-08-07T00:16:08Z
0x4524f120f9fab133516e6989b3b7fa1ed76c54bd,3,"467,4733,5539",0xb6e6b0167ce72057f6ac28cb5fd836896b4d084e,62514232,2026-08-07T00:16:08Z
0x443acd128929b6a4e013994622736ef8441cbcc8,3,"86,217,1471",0xb6e6b0167ce72057f6ac28cb5fd836896b4d084e,62514232,2026-08-07T00:16:08Z
0x41b0c6d8d1df404ead18376bf7536228bbd2c867,3,"2759,9869,9881",0xb6e6b0167ce72057f6ac28cb5fd836896b4d084e,62514232,2026-08-07T00:16:08Z
0x41708a339189ade3a9898ae1b0006a06d4b2cd7f,3,"6196,6942,9764",0xb6e6b0167ce72057f6ac28cb5fd836896b4d084e,62514232,2026-08-07T00:16:08Z
0x410be762c53989a35aae161b3c9f93efaab718a6,3,"5955,5956,5957",0xb6e6b0167ce72057f6ac28cb5fd836896b4d084e,62514232,2026-08-07T00:16:08Z
0x3b3a49f76e6b66851eb8f5deb8bbc142d9b7b72f,3,"4313,4314,4315",0xb6e6b0167ce72057f6ac28cb5fd836896b4d084e,62514232,2026-08-07T00:16:08Z
0x2ef1d28e1d9f15e467467b3e0a742b9f99a62fd0,3,"513,2328,5408",0xb6e6b0167ce72057f6ac28cb5fd836896b4d084e,62514232,2026-08-07T00:16:08Z
0x2e045fdd44739f3aed6e274871c0ae7ecc9b4448,3,"3064,3593,9786",0xb6e6b0167ce72057f6ac28cb5fd836896b4d084e,62514232,2026-08-07T00:16:08Z
0x2ca86ce434e649940c82af64d195011c20e7c5a2,3,"7839,7840,7841",0xb6e6b0167ce72057f6ac28cb5fd836896b4d084e,62514232,2026-08-07T00:16:08Z
0x19b3e86d70a99d24c748ecbc473818c0d50dc7ba,3,"155,1386,9287",0xb6e6b0167ce72057f6ac28cb5fd836896b4d084e,62514232,2026-08-07T00:16:08Z
0x14b24a96e55adb12d19551be5837f8262d79dd3e,3,"460,9902,9992",0xb6e6b0167ce72057f6ac28cb5fd836896b4d084e,62514232,2026-08-07T00:16:08Z
0x13df32589c59bacf21e3b580fe06c449e4d2166e,3,"268,269,270",0xb6e6b0167ce72057f6ac28cb5fd836896b4d084e,62514232,2026-08-07T00:16:08Z
0x07637687985dc8462497bf1aaa76bd2ffb2c223a,3,"953,5366,8829",0xb6e6b0167ce72057f6ac28cb5fd836896b4d084e,62514232,2026-08-07T00:16:08Z
0xfeb00bbf6e3409a49a821cca6d5ff1ef59b37a0e,2,"1384,1724",0xb6e6b0167ce72057f6ac28cb5fd836896b4d084e,62514232,2026-08-07T00:16:08Z
0xfccd524bec5cbfb7908e88e7dd50e9553d01b6aa,2,"2210,2212",0xb6e6b0167ce72057f6ac28cb5fd836896b4d084e,62514232,2026-08-07T00:16:08Z
0xfb7b05455aa9bbd2a811d83abd2f80f8e7f8a282,2,"4344,4345",0xb6e6b0167ce72057f6ac28cb5fd836896b4d084e,62514232,2026-08-07T00:16:08Z
0xf8d7b2a5cfb6e6b38f72dcf23cbf95fc6c1b78c5,2,"2898,3464",0xb6e6b0167ce72057f6ac28cb5fd836896b4d084e,62514232,2026-08-07T00:16:08Z
0xf2407b885844d485e17e827ff30699567857a932,2,"519,2744",0xb6e6b0167ce72057f6ac28cb5fd836896b4d084e,62514232,2026-08-07T00:16:08Z
0xf1f11c6f0b8e8e88f89721833f5470c61a5f1bec,2,"7,8",0xb6e6b0167ce72057f6ac28cb5fd836896b4d084e,62514232,2026-08-07T00:16:08Z
0xeb94c4620f9e393bd31543f4fd18dd8f9406f5be,2,"17,18",0xb6e6b0167ce72057f6ac28cb5fd836896b4d084e,62514232,2026-08-07T00:16:08Z
0xeabbf8026cc7a2b6b7c20cd90ffc9ffb87619f2d,2,"759,5375",0xb6e6b0167ce72057f6ac28cb5fd836896b4d084e,62514232,2026-08-07T00:16:08Z
0xe8fddb45457cf34ebddcdb79c3fcfda311049aed,2,"5690,5691",0xb6e6b0167ce72057f6ac28cb5fd836896b4d084e,62514232,2026-08-07T00:16:08Z
0xe72123badd6e4adc6768eead8ac4c6ad41c611de,2,"375,4013",0xb6e6b0167ce72057f6ac28cb5fd836896b4d084e,62514232,2026-08-07T00:16:08Z
0xe63523aeef531595c89e74498119f07b490b22a0,2,"397,514",0xb6e6b0167ce72057f6ac28cb5fd836896b4d084e,62514232,2026-08-07T00:16:08Z
0xe210cf971bac3c358693bb516eb44cfa015e2bc2,2,"2746,9792",0xb6e6b0167ce72057f6ac28cb5fd836896b4d084e,62514232,2026-08-07T00:16:08Z
0xdf223a269ce2a5b6845a0ef4a92ecc4fdae69dd5,2,"1730,2679",0xb6e6b0167ce72057f6ac28cb5fd836896b4d084e,62514232,2026-08-07T00:16:08Z
0xd58be977424ae5ec9206e29dd81b3e61829996ac,2,"32,35",0xb6e6b0167ce72057f6ac28cb5fd836896b4d084e,62514232,2026-08-07T00:16:08Z
0xc3198dc78fdbc7f24bdc5deee1bca1aab05c961c,2,"69,2274",0xb6e6b0167ce72057f6ac28cb5fd836896b4d084e,62514232,2026-08-07T00:16:08Z
0xc23f046642f3ad198585fc3756c6b30e00724d0b,2,"1159,8455",0xb6e6b0167ce72057f6ac28cb5fd836896b4d084e,62514232,2026-08-07T00:16:08Z
0xc0600afc2528e16921853f4136ccba7ceca05fc3,2,"9510,9511",0xb6e6b0167ce72057f6ac28cb5fd836896b4d084e,62514232,2026-08-07T00:16:08Z
0xbe5ba997d2096311bd9c58aa6bd3251ad809b962,2,"1690,4039",0xb6e6b0167ce72057f6ac28cb5fd836896b4d084e,62514232,2026-08-07T00:16:08Z
0xbc4f95ddcb5c304c9845f1479ec42971e13bc100,2,"3690,3915",0xb6e6b0167ce72057f6ac28cb5fd836896b4d084e,62514232,2026-08-07T00:16:08Z
0xbaf897a585cc6f84ad6fc207639474cfd18fd657,2,"1679,1702",0xb6e6b0167ce72057f6ac28cb5fd836896b4d084e,62514232,2026-08-07T00:16:08Z
0xba57d68315765a43d5a651664d8b2e4498e6a583,2,"3225,9294",0xb6e6b0167ce72057f6ac28cb5fd836896b4d084e,62514232,2026-08-07T00:16:08Z
0xb6e6b0167ce72057f6ac28cb5fd836896b4d084e,2,"763,1342",0xb6e6b0167ce72057f6ac28cb5fd836896b4d084e,62514232,2026-08-07T00:16:08Z
0xb41fc65328fa5276ed2d5897114148eec3d0b67c,2,"362,918",0xb6e6b0167ce72057f6ac28cb5fd836896b4d084e,62514232,2026-08-07T00:16:08Z
0xadc01ec42b204e7630facf439a2d64d01a88c0b2,2,"3247,8676",0xb6e6b0167ce72057f6ac28cb5fd836896b4d084e,62514232,2026-08-07T00:16:08Z
0xa564adc4bb6f5ae30276d3c12e7f717207db9c18,2,"3668,3696",0xb6e6b0167ce72057f6ac28cb5fd836896b4d084e,62514232,2026-08-07T00:16:08Z
0xa1ee37e1b73430325dcfaa7981c087ebeba7ef11,2,"1348,3155",0xb6e6b0167ce72057f6ac28cb5fd836896b4d084e,62514232,2026-08-07T00:16:08Z
0xa134410365c51cc74b758dd73a01c6f6cbe7f7a7,2,"4720,9422",0xb6e6b0167ce72057f6ac28cb5fd836896b4d084e,62514232,2026-08-07T00:16:08Z
0x9e407dab6b2faed029e2a6d32234be5f5ff58c22,2,"1704,2569",0xb6e6b0167ce72057f6ac28cb5fd836896b4d084e,62514232,2026-08-07T00:16:08Z
0x98198eec9e2dcbfa450d36b472d6526aa4e0be6a,2,"702,8021",0xb6e6b0167ce72057f6ac28cb5fd836896b4d084e,62514232,2026-08-07T00:16:08Z
0x96b79045a899693dd1131f04c257e941b30dc153,2,"509,1319",0xb6e6b0167ce72057f6ac28cb5fd836896b4d084e,62514232,2026-08-07T00:16:08Z
0x923e0cf9703091e8a857614b5b8baf0eca12ffe0,2,"1986,2686",0xb6e6b0167ce72057f6ac28cb5fd836896b4d084e,62514232,2026-08-07T00:16:08Z
0x8f1ef6178d07312fd406530a281e4365899a650d,2,"4415,5401",0xb6e6b0167ce72057f6ac28cb5fd836896b4d084e,62514232,2026-08-07T00:16:08Z
0x871f34d4301ae08615e4c8e8cb23da04630a349f,2,"1344,1354",0xb6e6b0167ce72057f6ac28cb5fd836896b4d084e,62514232,2026-08-07T00:16:08Z
0x85e7d4d010b4e1cbf2b088551b741a7b4a607439,2,"159,3460",0xb6e6b0167ce72057f6ac28cb5fd836896b4d084e,62514232,2026-08-07T00:16:08Z
0x838f2e76cd04e94638af3d6237f1c1799ea839f4,2,"1236,8211",0xb6e6b0167ce72057f6ac28cb5fd836896b4d084e,62514232,2026-08-07T00:16:08Z
0x809cbfa0a0436ee63acd14673d99c075925020dd,2,"1220,9871",0xb6e6b0167ce72057f6ac28cb5fd836896b4d084e,62514232,2026-08-07T00:16:08Z
0x7e3725ab300dce7f6b47183232e44e538dfdacaa,2,"640,2724",0xb6e6b0167ce72057f6ac28cb5fd836896b4d084e,62514232,2026-08-07T00:16:08Z
0x7d5031ac04b83c8460f7d5230efe5adfe45d5d67,2,"4261,9396",0xb6e6b0167ce72057f6ac28cb5fd836896b4d084e,62514232,2026-08-07T00:16:08Z
0x758bc9d960bbae056f0dabe9f48d907b487e4bf7,2,"2000,4591",0xb6e6b0167ce72057f6ac28cb5fd836896b4d084e,62514232,2026-08-07T00:16:08Z
0x744cf9668ae90115ed0c1bc112c6bc8f9f4fe877,2,"2732,2738",0xb6e6b0167ce72057f6ac28cb5fd836896b4d084e,62514232,2026-08-07T00:16:08Z
0x68fe534ab19064ffa89a802eaee3c3cde3a743ec,2,"952,3850",0xb6e6b0167ce72057f6ac28cb5fd836896b4d084e,62514232,2026-08-07T00:16:08Z
0x5f21feb085ae3e81163129df379bd70689abd98c,2,"3605,3606",0xb6e6b0167ce72057f6ac28cb5fd836896b4d084e,62514232,2026-08-07T00:16:08Z
0x5bdc97ef6db3f69ba6e4d73550aa57e54a966713,2,"45,1696",0xb6e6b0167ce72057f6ac28cb5fd836896b4d084e,62514232,2026-08-07T00:16:08Z
0x5babf4594fada28f37c516087d4c9f5554f3ce86,2,"5543,7991",0xb6e6b0167ce72057f6ac28cb5fd836896b4d084e,62514232,2026-08-07T00:16:08Z
0x59b463cfa0bd584e5471b2a837523e3be9861e92,2,"2653,9039",0xb6e6b0167ce72057f6ac28cb5fd836896b4d084e,62514232,2026-08-07T00:16:08Z
0x56ce632320b8af872b9ef5b94c4a483a63f1ee26,2,"127,128",0xb6e6b0167ce72057f6ac28cb5fd836896b4d084e,62514232,2026-08-07T00:16:08Z
0x5160d61bee180eb2f9a211aeebae05513489bdd6,2,"7982,7986",0xb6e6b0167ce72057f6ac28cb5fd836896b4d084e,62514232,2026-08-07T00:16:08Z
0x4e6ce8c0c86fea51e018870c9508a9027d2678f5,2,"1693,2736",0xb6e6b0167ce72057f6ac28cb5fd836896b4d084e,62514232,2026-08-07T00:16:08Z
0x4de5e859c1004f8e6ac00b2decb4b5124ee86afd,2,"5535,7331",0xb6e6b0167ce72057f6ac28cb5fd836896b4d084e,62514232,2026-08-07T00:16:08Z
0x4440c3adbcf4b125fec11560dde90498843bbc2a,2,"4416,4417",0xb6e6b0167ce72057f6ac28cb5fd836896b4d084e,62514232,2026-08-07T00:16:08Z
0x3a5ff107f4a0159c29bb1397951f3a9268414d37,2,"510,760",0xb6e6b0167ce72057f6ac28cb5fd836896b4d084e,62514232,2026-08-07T00:16:08Z
0x3a02e6a4c53e3c03b3f755c04b0f0cb8117b7c64,2,"212,8838",0xb6e6b0167ce72057f6ac28cb5fd836896b4d084e,62514232,2026-08-07T00:16:08Z
0x38e4c3cb13c02014e31c84380a3d10e885365412,2,"1598,3295",0xb6e6b0167ce72057f6ac28cb5fd836896b4d084e,62514232,2026-08-07T00:16:08Z
0x381495036326bf34d2cc67989376d38793705168,2,"839,1687",0xb6e6b0167ce72057f6ac28cb5fd836896b4d084e,62514232,2026-08-07T00:16:08Z
0x2f6102a60813af809c8da5f46ceb1d022dd718f2,2,"2965,9087",0xb6e6b0167ce72057f6ac28cb5fd836896b4d084e,62514232,2026-08-07T00:16:08Z
0x2f039b6884efbaaa35edc29de971113c3735694c,2,"9942,9948",0xb6e6b0167ce72057f6ac28cb5fd836896b4d084e,62514232,2026-08-07T00:16:08Z
0x2cc0f9ff09d26dc5c102050522c2ddd3f6e7c670,2,"224,9187",0xb6e6b0167ce72057f6ac28cb5fd836896b4d084e,62514232,2026-08-07T00:16:08Z
0x2b60b514317571037b327275f5642b04ab04c210,2,"4158,6105",0xb6e6b0167ce72057f6ac28cb5fd836896b4d084e,62514232,2026-08-07T00:16:08Z
0x2511a17dabfaf8b2ffd2672ece87476c003446fd,2,"453,454",0xb6e6b0167ce72057f6ac28cb5fd836896b4d084e,62514232,2026-08-07T00:16:08Z
0x20c76ce1242882a4a5b24fe9dc1bdebdac4d06f7,2,"9567,9571",0xb6e6b0167ce72057f6ac28cb5fd836896b4d084e,62514232,2026-08-07T00:16:08Z
0x207749da88e5895459f88b7ba472c1b68ede19e4,2,"1997,8214",0xb6e6b0167ce72057f6ac28cb5fd836896b4d084e,62514232,2026-08-07T00:16:08Z
0x1c12966f0b495dc83509a3c45fdef473d0c1d05e,2,"679,2962",0xb6e6b0167ce72057f6ac28cb5fd836896b4d084e,62514232,2026-08-07T00:16:08Z
0x184d17ea9250897757bbe6938610e2280d2e1fa4,2,"1301,9918",0xb6e6b0167ce72057f6ac28cb5fd836896b4d084e,62514232,2026-08-07T00:16:08Z
0x146481c037a375a2950779b1f0431ef781be60bc,2,"849,7772",0xb6e6b0167ce72057f6ac28cb5fd836896b4d084e,62514232,2026-08-07T00:16:08Z
0x10c9eb8b5e9caa68f85ff3ae5d90ace7e40d7050,2,"755,787",0xb6e6b0167ce72057f6ac28cb5fd836896b4d084e,62514232,2026-08-07T00:16:08Z
0x0c2e1d783b5d5914586c42dd3f5f0f13edf1b794,2,"1522,9031",0xb6e6b0167ce72057f6ac28cb5fd836896b4d084e,62514232,2026-08-07T00:16:08Z
0x09a8a7c986021406e0aadcedf7e8e6f00efd99c2,2,"154,210",0xb6e6b0167ce72057f6ac28cb5fd836896b4d084e,62514232,2026-08-07T00:16:08Z
0x0703159301574cce1ff8a16f814c5d2fee93c057,2,"1307,9276",0xb6e6b0167ce72057f6ac28cb5fd836896b4d084e,62514232,2026-08-07T00:16:08Z
0x061d29880f2d0608ef2ac61765c92a88785ed0f1,2,"8925,8926",0xb6e6b0167ce72057f6ac28cb5fd836896b4d084e,62514232,2026-08-07T00:16:08Z
0x06197e5302f24f02117af37aa07fc1b6449b7f94,2,"6121,6128",0xb6e6b0167ce72057f6ac28cb5fd836896b4d084e,62514232,2026-08-07T00:16:08Z
0x0565978e02bb9bdae46d599a55ab1cbc0df45e9c,2,"226,227",0xb6e6b0167ce72057f6ac28cb5fd836896b4d084e,62514232,2026-08-07T00:16:08Z
0x03d86cdedaf866545f3d09e745bd0746437f8125,2,"28,29",0xb6e6b0167ce72057f6ac28cb5fd836896b4d084e,62514232,2026-08-07T00:16:08Z
0x038c31d2d76bee0c8e5620682071a74541b6add7,2,"4414,6180",0xb6e6b0167ce72057f6ac28cb5fd836896b4d084e,62514232,2026-08-07T00:16:08Z
0x019ffe6e2048693392a3108957bcbb7ed916e695,2,"2811,2812",0xb6e6b0167ce72057f6ac28cb5fd836896b4d084e,62514232,2026-08-07T00:16:08Z
0xfed044aa4333a0cfea099ad77d4949602be16942,1,7990,0xb6e6b0167ce72057f6ac28cb5fd836896b4d084e,62514232,2026-08-07T00:16:08Z
0xfe155fbed8eebc74c29ce92a19e13c1acd9f47cb,1,4734,0xb6e6b0167ce72057f6ac28cb5fd836896b4d084e,62514232,2026-08-07T00:16:08Z
0xf81cc783c76960050638dddb3e3808ce5d2be147,1,989,0xb6e6b0167ce72057f6ac28cb5fd836896b4d084e,62514232,2026-08-07T00:16:08Z
0xf7cc4376201f4f17390d207c6b558d90a773deb5,1,503,0xb6e6b0167ce72057f6ac28cb5fd836896b4d084e,62514232,2026-08-07T00:16:08Z
0xf479fb0059ef196470578849e78858111dac64cb,1,5977,0xb6e6b0167ce72057f6ac28cb5fd836896b4d084e,62514232,2026-08-07T00:16:08Z
0xf3debd893d3788c3b700e3f2ae7ec2c7619a35db,1,4272,0xb6e6b0167ce72057f6ac28cb5fd836896b4d084e,62514232,2026-08-07T00:16:08Z
0xf243f6989a93e5a7be4d6b8a3fd5a6b767372ec5,1,2347,0xb6e6b0167ce72057f6ac28cb5fd836896b4d084e,62514232,2026-08-07T00:16:08Z
0xedae79fd1b22a0028d99e98997355d2e9a40052c,1,4729,0xb6e6b0167ce72057f6ac28cb5fd836896b4d084e,62514232,2026-08-07T00:16:08Z
0xed041459e9c70067d42c9eab2ca2559c67cfed78,1,1315,0xb6e6b0167ce72057f6ac28cb5fd836896b4d084e,62514232,2026-08-07T00:16:08Z
0xeb781c2b301305622434578752ea485afdcab58d,1,1092,0xb6e6b0167ce72057f6ac28cb5fd836896b4d084e,62514232,2026-08-07T00:16:08Z
0xea6bf60cf6ff7166a72a5249b2c5290b19047430,1,1732,0xb6e6b0167ce72057f6ac28cb5fd836896b4d084e,62514232,2026-08-07T00:16:08Z
0xe7eddaa6bd37849a8a39cd963b1da137032c9146,1,9829,0xb6e6b0167ce72057f6ac28cb5fd836896b4d084e,62514232,2026-08-07T00:16:08Z
0xe7d6e1fb47a7aad41811450531f24c88459875cd,1,5805,0xb6e6b0167ce72057f6ac28cb5fd836896b4d084e,62514232,2026-08-07T00:16:08Z
0xe7aa9c4cbb154850d5161fca4f3f7e5058ba4a3e,1,9809,0xb6e6b0167ce72057f6ac28cb5fd836896b4d084e,62514232,2026-08-07T00:16:08Z
0xe62d76bc8a572ee7ea32abad697a15f6c8b9ed47,1,4418,0xb6e6b0167ce72057f6ac28cb5fd836896b4d084e,62514232,2026-08-07T00:16:08Z
0xe3400ac178538f1fcfde4c392ec0554e2f9bb10d,1,1707,0xb6e6b0167ce72057f6ac28cb5fd836896b4d084e,62514232,2026-08-07T00:16:08Z
0xe1068e93d9b69d152ff27c634f34b05c49dd4791,1,283,0xb6e6b0167ce72057f6ac28cb5fd836896b4d084e,62514232,2026-08-07T00:16:08Z
0xe0b705fbc2d8108d955820d1dba615f9faa394f6,1,2645,0xb6e6b0167ce72057f6ac28cb5fd836896b4d084e,62514232,2026-08-07T00:16:08Z
0xdef0565a68f81caec105f45bb5706aede027575a,1,7779,0xb6e6b0167ce72057f6ac28cb5fd836896b4d084e,62514232,2026-08-07T00:16:08Z
0xdc218ca5f006c98d9b74f3d19e2945094e2641bc,1,9163,0xb6e6b0167ce72057f6ac28cb5fd836896b4d084e,62514232,2026-08-07T00:16:08Z
0xd9b3b9f72c6880b0fa4e27d5a7026acbe41a6a20,1,4706,0xb6e6b0167ce72057f6ac28cb5fd836896b4d084e,62514232,2026-08-07T00:16:08Z
0xd98a3c62fdc170b26d746fdbefd3bdc7f839ac03,1,8951,0xb6e6b0167ce72057f6ac28cb5fd836896b4d084e,62514232,2026-08-07T00:16:08Z
0xd91064cc2eb2881aaa5b5ae7119316b8a1c6ffa3,1,228,0xb6e6b0167ce72057f6ac28cb5fd836896b4d084e,62514232,2026-08-07T00:16:08Z
0xd7f0fcd5e2f5a0d4f59fd5a4cbdeba71c76469ff,1,2342,0xb6e6b0167ce72057f6ac28cb5fd836896b4d084e,62514232,2026-08-07T00:16:08Z
0xd2a1aabe8b9161afea8a4e4470874ed7574c4600,1,5387,0xb6e6b0167ce72057f6ac28cb5fd836896b4d084e,62514232,2026-08-07T00:16:08Z
0xd248743a742dbf1e1cc2510f7df53d78f86b7522,1,4280,0xb6e6b0167ce72057f6ac28cb5fd836896b4d084e,62514232,2026-08-07T00:16:08Z
0xd1a03282200eafa2b21c20cc9859702b2cfc7805,1,894,0xb6e6b0167ce72057f6ac28cb5fd836896b4d084e,62514232,2026-08-07T00:16:08Z
0xd15267e107c79f08905580a0e7a5f06b88ab8537,1,5806,0xb6e6b0167ce72057f6ac28cb5fd836896b4d084e,62514232,2026-08-07T00:16:08Z
0xd1218e38591cde67ecb62ae70065e15b9ee5e53a,1,4681,0xb6e6b0167ce72057f6ac28cb5fd836896b4d084e,62514232,2026-08-07T00:16:08Z
0xcc4b6dcb45353c661f81ac2596f83a5065dc4c11,1,1741,0xb6e6b0167ce72057f6ac28cb5fd836896b4d084e,62514232,2026-08-07T00:16:08Z
0xcb0f0ea8a5bbc0f554d4f05ca208dfed0d638c2f,1,634,0xb6e6b0167ce72057f6ac28cb5fd836896b4d084e,62514232,2026-08-07T00:16:08Z
0xcafaa76933d79a5c7500b49f63388898503347fe,1,1251,0xb6e6b0167ce72057f6ac28cb5fd836896b4d084e,62514232,2026-08-07T00:16:08Z
0xc985d172b8258dbd691bcd722317570397df274e,1,8512,0xb6e6b0167ce72057f6ac28cb5fd836896b4d084e,62514232,2026-08-07T00:16:08Z
0xc71db1afa5cc0ca9edd64891523346ff117dd6aa,1,462,0xb6e6b0167ce72057f6ac28cb5fd836896b4d084e,62514232,2026-08-07T00:16:08Z
0xc713b0d0d4b437fad0b0997cbc09b64563348b95,1,9266,0xb6e6b0167ce72057f6ac28cb5fd836896b4d084e,62514232,2026-08-07T00:16:08Z
0xc67a061445b105c2073d9d852e4c4cddc62d3135,1,6183,0xb6e6b0167ce72057f6ac28cb5fd836896b4d084e,62514232,2026-08-07T00:16:08Z
0xc623ca96a27d380d263556e5ebb00a0efe3d840a,1,9295,0xb6e6b0167ce72057f6ac28cb5fd836896b4d084e,62514232,2026-08-07T00:16:08Z
0xc4722cbacc3a75248f11ceedfe8de42833b90b7b,1,5417,0xb6e6b0167ce72057f6ac28cb5fd836896b4d084e,62514232,2026-08-07T00:16:08Z
0xc33b6e44d913fd13e8a8ad30abeef4a13b3aa425,1,9574,0xb6e6b0167ce72057f6ac28cb5fd836896b4d084e,62514232,2026-08-07T00:16:08Z
0xc31849329f70d866555e485ca4be296c962971ac,1,5426,0xb6e6b0167ce72057f6ac28cb5fd836896b4d084e,62514232,2026-08-07T00:16:08Z
0xc2ad7cfd1f58fab57b8e2e21185e2bb1c214b684,1,5813,0xb6e6b0167ce72057f6ac28cb5fd836896b4d084e,62514232,2026-08-07T00:16:08Z
0xc1c804742eca2cfa3a9a70fcfb768d0961378394,1,908,0xb6e6b0167ce72057f6ac28cb5fd836896b4d084e,62514232,2026-08-07T00:16:08Z
0xbf75d7db925ee6cbb1308614d14be424c433ba63,1,8128,0xb6e6b0167ce72057f6ac28cb5fd836896b4d084e,62514232,2026-08-07T00:16:08Z
0xbe17efe58cfdcfbf06ad2f00dfb17bb8aa844326,1,3248,0xb6e6b0167ce72057f6ac28cb5fd836896b4d084e,62514232,2026-08-07T00:16:08Z
0xbc55d98cae2f3276daa42056f2e472630b32be0f,1,5526,0xb6e6b0167ce72057f6ac28cb5fd836896b4d084e,62514232,2026-08-07T00:16:08Z
0xbc4ee9567a4b8202cfdc37f6696454da25bea2f5,1,4318,0xb6e6b0167ce72057f6ac28cb5fd836896b4d084e,62514232,2026-08-07T00:16:08Z
0xbaebde8c0a34cf87f69f2a6e7b8eb167efd9c8d2,1,3226,0xb6e6b0167ce72057f6ac28cb5fd836896b4d084e,62514232,2026-08-07T00:16:08Z
0xb9ffbfe71dcdd054c7beb849f8bcee56777fc1d0,1,6930,0xb6e6b0167ce72057f6ac28cb5fd836896b4d084e,62514232,2026-08-07T00:16:08Z
0xb9dac5c3965e5c582fadde3b383622747b22e1ae,1,8203,0xb6e6b0167ce72057f6ac28cb5fd836896b4d084e,62514232,2026-08-07T00:16:08Z
0xb867359a329b51b1c5fa8ee8e4e6762ed380c925,1,5801,0xb6e6b0167ce72057f6ac28cb5fd836896b4d084e,62514232,2026-08-07T00:16:08Z
0xb7c5f21a4884d052621e1d2b06b9e3954a15629d,1,8939,0xb6e6b0167ce72057f6ac28cb5fd836896b4d084e,62514232,2026-08-07T00:16:08Z
0xb7658fd03a2a09e1a5bed2884120d2e7ec10c689,1,38,0xb6e6b0167ce72057f6ac28cb5fd836896b4d084e,62514232,2026-08-07T00:16:08Z
0xb73d2ee162e4ca8e9b1325a3c573d3d211d60146,1,4682,0xb6e6b0167ce72057f6ac28cb5fd836896b4d084e,62514232,2026-08-07T00:16:08Z
0xb6bea04b88391efbb17a4b98324e99771d4510a5,1,5552,0xb6e6b0167ce72057f6ac28cb5fd836896b4d084e,62514232,2026-08-07T00:16:08Z
0xb69adef1596b2b0f600452581c786e3db7b87de6,1,5790,0xb6e6b0167ce72057f6ac28cb5fd836896b4d084e,62514232,2026-08-07T00:16:08Z
0xb5e008e79df721321a883e7b165d9e6a2d1b8d55,1,9212,0xb6e6b0167ce72057f6ac28cb5fd836896b4d084e,62514232,2026-08-07T00:16:08Z
0xb5dfe55ff3527061db7099a5d636b54f324f6d6d,1,19,0xb6e6b0167ce72057f6ac28cb5fd836896b4d084e,62514232,2026-08-07T00:16:08Z
0xb56ec17723c9c60bc6b1aca29a4946f834bc5dcf,1,1347,0xb6e6b0167ce72057f6ac28cb5fd836896b4d084e,62514232,2026-08-07T00:16:08Z
0xb3fa9f4d80759bdd13cb267721deaac39f746395,1,3516,0xb6e6b0167ce72057f6ac28cb5fd836896b4d084e,62514232,2026-08-07T00:16:08Z
0xb23092749a1d44258ed1ef82d677b03008f2dcee,1,5536,0xb6e6b0167ce72057f6ac28cb5fd836896b4d084e,62514232,2026-08-07T00:16:08Z
0xb2150f18bdcfeca7d08a3a246210c1b1bdcbca4f,1,8668,0xb6e6b0167ce72057f6ac28cb5fd836896b4d084e,62514232,2026-08-07T00:16:08Z
0xae4c5646571a3579d740de04849452aa45f5fab1,1,1748,0xb6e6b0167ce72057f6ac28cb5fd836896b4d084e,62514232,2026-08-07T00:16:08Z
0xae0cbf4bdd8e9d8901abecfd25f8e77bcacf332e,1,1469,0xb6e6b0167ce72057f6ac28cb5fd836896b4d084e,62514232,2026-08-07T00:16:08Z
0xad6d815b74deae3a0b6de5d6d00a117ab9e2f7a7,1,9494,0xb6e6b0167ce72057f6ac28cb5fd836896b4d084e,62514232,2026-08-07T00:16:08Z
0xad40a86218dd583a67abd2dcb94b0084c9088b81,1,1357,0xb6e6b0167ce72057f6ac28cb5fd836896b4d084e,62514232,2026-08-07T00:16:08Z
0xacbe16f34d576066ee4d3bace8545fed9c8656b9,1,1678,0xb6e6b0167ce72057f6ac28cb5fd836896b4d084e,62514232,2026-08-07T00:16:08Z
0xac6a6a956cc46e5ea9a86658f9995f290610fe53,1,2654,0xb6e6b0167ce72057f6ac28cb5fd836896b4d084e,62514232,2026-08-07T00:16:08Z
0xac0e8704cb518e75a3b30357853d1669d2b2e343,1,2899,0xb6e6b0167ce72057f6ac28cb5fd836896b4d084e,62514232,2026-08-07T00:16:08Z
0xaae417b4fa1a64b65c90c3448b96017466891b0f,1,20,0xb6e6b0167ce72057f6ac28cb5fd836896b4d084e,62514232,2026-08-07T00:16:08Z
0xa88654ef562301abf96584e972b1abcf69be138b,1,5228,0xb6e6b0167ce72057f6ac28cb5fd836896b4d084e,62514232,2026-08-07T00:16:08Z
0xa74a23571163aefa8db2220033f4a6dada2fea0f,1,822,0xb6e6b0167ce72057f6ac28cb5fd836896b4d084e,62514232,2026-08-07T00:16:08Z
0xa58be08f3af08a09b74fe5b5d55b4f2805713f18,1,1457,0xb6e6b0167ce72057f6ac28cb5fd836896b4d084e,62514232,2026-08-07T00:16:08Z
0xa3c05c79a165b9d2edfffaa761f5c5dba2ca672d,1,1754,0xb6e6b0167ce72057f6ac28cb5fd836896b4d084e,62514232,2026-08-07T00:16:08Z
0xa19931744f871cc70c2ee7052400da181dcf62bb,1,8097,0xb6e6b0167ce72057f6ac28cb5fd836896b4d084e,62514232,2026-08-07T00:16:08Z
0xa04fb318fc1bdb1674231ad20ad99a5989c59efe,1,1708,0xb6e6b0167ce72057f6ac28cb5fd836896b4d084e,62514232,2026-08-07T00:16:08Z
0x9f9ab1df760c3a65e66886c408466c301d1300d1,1,435,0xb6e6b0167ce72057f6ac28cb5fd836896b4d084e,62514232,2026-08-07T00:16:08Z
0x9f41764cb635dfa4c7e31aabb115e347e0827262,1,7444,0xb6e6b0167ce72057f6ac28cb5fd836896b4d084e,62514232,2026-08-07T00:16:08Z
0x9dac966ca9ca03c15538228cdc5b9e8b5ed72a87,1,5698,0xb6e6b0167ce72057f6ac28cb5fd836896b4d084e,62514232,2026-08-07T00:16:08Z
0x9c6389d0f3c6673d126c822dad66fa4d67389907,1,242,0xb6e6b0167ce72057f6ac28cb5fd836896b4d084e,62514232,2026-08-07T00:16:08Z
0x9c2493b2774bffc657a41adf4ea0b05ad67e5697,1,9026,0xb6e6b0167ce72057f6ac28cb5fd836896b4d084e,62514232,2026-08-07T00:16:08Z
0x9bec864d0feae48bb05ccb6d2ee45433be817401,1,1317,0xb6e6b0167ce72057f6ac28cb5fd836896b4d084e,62514232,2026-08-07T00:16:08Z
0x9bd837592ba6b3647ad87b0e0c1bbf17a3fa08e6,1,8324,0xb6e6b0167ce72057f6ac28cb5fd836896b4d084e,62514232,2026-08-07T00:16:08Z
0x9b291b0e9c78ce1c94b701d3d9faad349c4be341,1,1338,0xb6e6b0167ce72057f6ac28cb5fd836896b4d084e,62514232,2026-08-07T00:16:08Z
0x973b5f0d8be3b87ab55fd3e342cfef90a7c352d0,1,8941,0xb6e6b0167ce72057f6ac28cb5fd836896b4d084e,62514232,2026-08-07T00:16:08Z
0x96bd4ce239f091d004bed88e41722dc8da725b71,1,4687,0xb6e6b0167ce72057f6ac28cb5fd836896b4d084e,62514232,2026-08-07T00:16:08Z
0x963601330eb7130f8b2917859fd60335ef353581,1,2687,0xb6e6b0167ce72057f6ac28cb5fd836896b4d084e,62514232,2026-08-07T00:16:08Z
0x95f9b35a6340ab732d786edd35740f12be85645e,1,5305,0xb6e6b0167ce72057f6ac28cb5fd836896b4d084e,62514232,2026-08-07T00:16:08Z
0x95796cc67cf1a8846e1981d12ac129c243da9853,1,2446,0xb6e6b0167ce72057f6ac28cb5fd836896b4d084e,62514232,2026-08-07T00:16:08Z
0x9452159658f48545a95a45ce477d0b39b83366bd,1,5976,0xb6e6b0167ce72057f6ac28cb5fd836896b4d084e,62514232,2026-08-07T00:16:08Z
0x9338b21d72d6e26067b25a0ca116e8fe194f7d5a,1,39,0xb6e6b0167ce72057f6ac28cb5fd836896b4d084e,62514232,2026-08-07T00:16:08Z
0x9290f63af1a2cdf7165f5977b38deb3b36a9d18d,1,6187,0xb6e6b0167ce72057f6ac28cb5fd836896b4d084e,62514232,2026-08-07T00:16:08Z
0x92538124abd2a7b70501b3148e94a29b8f420e5b,1,4589,0xb6e6b0167ce72057f6ac28cb5fd836896b4d084e,62514232,2026-08-07T00:16:08Z
0x9204c47196fd467df39c96581c51642f1e1a27bd,1,7774,0xb6e6b0167ce72057f6ac28cb5fd836896b4d084e,62514232,2026-08-07T00:16:08Z
0x90231151cf3ac9056b349da547b888024a3522c6,1,5220,0xb6e6b0167ce72057f6ac28cb5fd836896b4d084e,62514232,2026-08-07T00:16:08Z
0x8fdd32407a0df6567fcba56aa7f1c6dc3146cd42,1,1373,0xb6e6b0167ce72057f6ac28cb5fd836896b4d084e,62514232,2026-08-07T00:16:08Z
0x8f9fdefbe00123b88488f70339f714d8aec5d0dc,1,5388,0xb6e6b0167ce72057f6ac28cb5fd836896b4d084e,62514232,2026-08-07T00:16:08Z
0x8d42d6275eae0025a455c9dc39e4cb09bf5a0885,1,902,0xb6e6b0167ce72057f6ac28cb5fd836896b4d084e,62514232,2026-08-07T00:16:08Z
0x8c7aaa2833566451206b8217043a2bb7f84029f1,1,8580,0xb6e6b0167ce72057f6ac28cb5fd836896b4d084e,62514232,2026-08-07T00:16:08Z
0x89ac282c02f18903db5a49428d935637aa5f0dc7,1,43,0xb6e6b0167ce72057f6ac28cb5fd836896b4d084e,62514232,2026-08-07T00:16:08Z
0x887ecd57935483c8d637b5932fd4a749d5cd6d2d,1,904,0xb6e6b0167ce72057f6ac28cb5fd836896b4d084e,62514232,2026-08-07T00:16:08Z
0x876f2e8da2a8adc772a43e3fd2fab9e0805b5b4b,1,5420,0xb6e6b0167ce72057f6ac28cb5fd836896b4d084e,62514232,2026-08-07T00:16:08Z
0x857bfd024404f0f7149df3ac88487cff8c9753cf,1,9807,0xb6e6b0167ce72057f6ac28cb5fd836896b4d084e,62514232,2026-08-07T00:16:08Z
0x854cea8acf015497218688ab0a17ec88453e0af1,1,808,0xb6e6b0167ce72057f6ac28cb5fd836896b4d084e,62514232,2026-08-07T00:16:08Z
0x84e60b5c84366bc78f9f3eb8b9808d4a69af1a55,1,2945,0xb6e6b0167ce72057f6ac28cb5fd836896b4d084e,62514232,2026-08-07T00:16:08Z
0x81ddc21b1f710bd3d950d5d8d4b70cb3e8013392,1,9817,0xb6e6b0167ce72057f6ac28cb5fd836896b4d084e,62514232,2026-08-07T00:16:08Z
0x7f6546a28331d30b42b6389520ec4b9f30a13713,1,9782,0xb6e6b0167ce72057f6ac28cb5fd836896b4d084e,62514232,2026-08-07T00:16:08Z
0x7cf68d796a2c080832af5d2b87eee4205bc7a7df,1,8940,0xb6e6b0167ce72057f6ac28cb5fd836896b4d084e,62514232,2026-08-07T00:16:08Z
0x7c85a8c638978fb0f416155e62edc1da8407b764,1,469,0xb6e6b0167ce72057f6ac28cb5fd836896b4d084e,62514232,2026-08-07T00:16:08Z
0x7c2fee7bb972d9142ce31df8cc27b693bf67fcc1,1,4590,0xb6e6b0167ce72057f6ac28cb5fd836896b4d084e,62514232,2026-08-07T00:16:08Z
0x7c0201725005b22445fde4dce334abce520dd6be,1,5699,0xb6e6b0167ce72057f6ac28cb5fd836896b4d084e,62514232,2026-08-07T00:16:08Z
0x7b576b07afa8a3f1a418360ce467de86f160b129,1,9164,0xb6e6b0167ce72057f6ac28cb5fd836896b4d084e,62514232,2026-08-07T00:16:08Z
0x7aa888d6486a9866e831c5bc0087ca159c86e280,1,5392,0xb6e6b0167ce72057f6ac28cb5fd836896b4d084e,62514232,2026-08-07T00:16:08Z
0x78998ff3ebdaff2b05cb3decad5553ba13abbd0c,1,5340,0xb6e6b0167ce72057f6ac28cb5fd836896b4d084e,62514232,2026-08-07T00:16:08Z
0x7859d4a795adbad3071f7275e1c3495a04744b1b,1,5700,0xb6e6b0167ce72057f6ac28cb5fd836896b4d084e,62514232,2026-08-07T00:16:08Z
0x782df0101ad23f861aeb1db40b60cc4211af78f7,1,4120,0xb6e6b0167ce72057f6ac28cb5fd836896b4d084e,62514232,2026-08-07T00:16:08Z
0x76afe44a9e092e7e28854b68f48960ab09318888,1,5689,0xb6e6b0167ce72057f6ac28cb5fd836896b4d084e,62514232,2026-08-07T00:16:08Z
0x75e4e84ab8733b9e5b2791d40149f03beff98baa,1,1339,0xb6e6b0167ce72057f6ac28cb5fd836896b4d084e,62514232,2026-08-07T00:16:08Z
0x72d4870bb2a449e0772ea54181fc5a54b69fa838,1,9943,0xb6e6b0167ce72057f6ac28cb5fd836896b4d084e,62514232,2026-08-07T00:16:08Z
0x7297846cac506157f36ea5b5a6b67f85f197b07b,1,3740,0xb6e6b0167ce72057f6ac28cb5fd836896b4d084e,62514232,2026-08-07T00:16:08Z
0x721bd7ea7cc17ecf88503b1e7f54532246dd6348,1,8181,0xb6e6b0167ce72057f6ac28cb5fd836896b4d084e,62514232,2026-08-07T00:16:08Z
0x70a57e02cbc371776046597fa316d580dbea2c01,1,2723,0xb6e6b0167ce72057f6ac28cb5fd836896b4d084e,62514232,2026-08-07T00:16:08Z
0x702c500ea5e7bb98cb95bba2cd3ebb9146fb206e,1,6,0xb6e6b0167ce72057f6ac28cb5fd836896b4d084e,62514232,2026-08-07T00:16:08Z
0x6c9443357a4fc15192006e76a0c17ad5dbca5393,1,4331,0xb6e6b0167ce72057f6ac28cb5fd836896b4d084e,62514232,2026-08-07T00:16:08Z
0x6b88e2267f926ce0f3082f5d8274dfa0da25f893,1,161,0xb6e6b0167ce72057f6ac28cb5fd836896b4d084e,62514232,2026-08-07T00:16:08Z
0x6a697224427fbed77c48fd7080b7bf58bb0eb293,1,2194,0xb6e6b0167ce72057f6ac28cb5fd836896b4d084e,62514232,2026-08-07T00:16:08Z
0x66d7b50263fa577f27e591a87a38be4c3320dce9,1,5200,0xb6e6b0167ce72057f6ac28cb5fd836896b4d084e,62514232,2026-08-07T00:16:08Z
0x659a5c581e114300c8ab11cbfba681fcb2e37962,1,5765,0xb6e6b0167ce72057f6ac28cb5fd836896b4d084e,62514232,2026-08-07T00:16:08Z
0x6530015af431bcb3f3145b5d42a663822f1f7f5d,1,464,0xb6e6b0167ce72057f6ac28cb5fd836896b4d084e,62514232,2026-08-07T00:16:08Z
0x6428af0b6aa60500dd24cac45fa2c18e462ea037,1,1494,0xb6e6b0167ce72057f6ac28cb5fd836896b4d084e,62514232,2026-08-07T00:16:08Z
0x630215f9e1ce7b3025971a230b34ba982c67192c,1,1345,0xb6e6b0167ce72057f6ac28cb5fd836896b4d084e,62514232,2026-08-07T00:16:08Z
0x621be35dee1aad4985a9824dc7da4bb72a9481ea,1,7768,0xb6e6b0167ce72057f6ac28cb5fd836896b4d084e,62514232,2026-08-07T00:16:08Z
0x6140898a92cbdaa1bd023bde655b547193a344a4,1,4648,0xb6e6b0167ce72057f6ac28cb5fd836896b4d084e,62514232,2026-08-07T00:16:08Z
0x6117601fe0a6bc3a1762a862006076e0cff0ebf5,1,5803,0xb6e6b0167ce72057f6ac28cb5fd836896b4d084e,62514232,2026-08-07T00:16:08Z
0x60d910b173a02f47574f5fd8d1700babe416ad25,1,3845,0xb6e6b0167ce72057f6ac28cb5fd836896b4d084e,62514232,2026-08-07T00:16:08Z
0x5db48517ddf74d42f886295573d19d01bc1e7973,1,1475,0xb6e6b0167ce72057f6ac28cb5fd836896b4d084e,62514232,2026-08-07T00:16:08Z
0x5db0f82843f576d10b6dae74b496fe28c7e284fa,1,3437,0xb6e6b0167ce72057f6ac28cb5fd836896b4d084e,62514232,2026-08-07T00:16:08Z
0x5d001466c3bfd1e745c33a794f90115cc8c2495d,1,2433,0xb6e6b0167ce72057f6ac28cb5fd836896b4d084e,62514232,2026-08-07T00:16:08Z
0x5b7062b68989e8f24371cde1e8e2d91c78423e00,1,1701,0xb6e6b0167ce72057f6ac28cb5fd836896b4d084e,62514232,2026-08-07T00:16:08Z
0x5a766930acad439b500505986643c137f22378a1,1,5523,0xb6e6b0167ce72057f6ac28cb5fd836896b4d084e,62514232,2026-08-07T00:16:08Z
0x5a72fcf21bc18677eba554ca7c73f580e38ea950,1,9292,0xb6e6b0167ce72057f6ac28cb5fd836896b4d084e,62514232,2026-08-07T00:16:08Z
0x5a0ac23b69db12351510c31fc5adcbc2df8c04e5,1,234,0xb6e6b0167ce72057f6ac28cb5fd836896b4d084e,62514232,2026-08-07T00:16:08Z
0x59ce8bd3d875c13be0d128f5b1ecf114a90b6da4,1,3750,0xb6e6b0167ce72057f6ac28cb5fd836896b4d084e,62514232,2026-08-07T00:16:08Z
0x58cc0e329968363564af21cc9b55aeec35c23469,1,4713,0xb6e6b0167ce72057f6ac28cb5fd836896b4d084e,62514232,2026-08-07T00:16:08Z
0x574cf9b972d8673d7c94c6f7198da0da157db803,1,9156,0xb6e6b0167ce72057f6ac28cb5fd836896b4d084e,62514232,2026-08-07T00:16:08Z
0x55f3d5b7950ce8323dd5569a15dd2268fc1f0904,1,7763,0xb6e6b0167ce72057f6ac28cb5fd836896b4d084e,62514232,2026-08-07T00:16:08Z
0x55dd34a517fa9fca58b6e0e0eae473b9ae001a65,1,3992,0xb6e6b0167ce72057f6ac28cb5fd836896b4d084e,62514232,2026-08-07T00:16:08Z
0x52a72e835ce5bb3d3416e851970e8b367b74522a,1,4683,0xb6e6b0167ce72057f6ac28cb5fd836896b4d084e,62514232,2026-08-07T00:16:08Z
0x525243a2943679acacc1c1cb3bf7ab486a548626,1,5982,0xb6e6b0167ce72057f6ac28cb5fd836896b4d084e,62514232,2026-08-07T00:16:08Z
0x51545f33efa40f09c0459dec7bb510f93f0da90e,1,5566,0xb6e6b0167ce72057f6ac28cb5fd836896b4d084e,62514232,2026-08-07T00:16:08Z
0x512a26032a57aa2e7940a17d484074340a09bc83,1,4763,0xb6e6b0167ce72057f6ac28cb5fd836896b4d084e,62514232,2026-08-07T00:16:08Z
0x503173b7215ff5e6da09171de21c30b3afbfbd03,1,6188,0xb6e6b0167ce72057f6ac28cb5fd836896b4d084e,62514232,2026-08-07T00:16:08Z
0x4f40bb3c7851c0e2663e6c4a72654f7635dbaeab,1,5396,0xb6e6b0167ce72057f6ac28cb5fd836896b4d084e,62514232,2026-08-07T00:16:08Z
0x4ed0d8dc1c587c507bd29a694fd2f17712fbb99c,1,9927,0xb6e6b0167ce72057f6ac28cb5fd836896b4d084e,62514232,2026-08-07T00:16:08Z
0x4bdb0da9902d5682ab7cae9590b934e24bfb9655,1,3731,0xb6e6b0167ce72057f6ac28cb5fd836896b4d084e,62514232,2026-08-07T00:16:08Z
0x4af92f354ff39fdd2058b52354c8c8dbb08d83c0,1,2727,0xb6e6b0167ce72057f6ac28cb5fd836896b4d084e,62514232,2026-08-07T00:16:08Z
0x4a1487e535feb117fcc599974e5e10d0d69f2b64,1,8856,0xb6e6b0167ce72057f6ac28cb5fd836896b4d084e,62514232,2026-08-07T00:16:08Z
0x488a5e9bf65d15c9f8649654a811412fb1e6b412,1,5811,0xb6e6b0167ce72057f6ac28cb5fd836896b4d084e,62514232,2026-08-07T00:16:08Z
0x45d39ccf3e187c49ea02004a2ce3e7bfef90b9b0,1,1245,0xb6e6b0167ce72057f6ac28cb5fd836896b4d084e,62514232,2026-08-07T00:16:08Z
0x4244e64e361914e7e0f93c108ca8ea402f4b3739,1,42,0xb6e6b0167ce72057f6ac28cb5fd836896b4d084e,62514232,2026-08-07T00:16:08Z
0x41915445974ad58bb79013395bd59646ae0d45cf,1,5435,0xb6e6b0167ce72057f6ac28cb5fd836896b4d084e,62514232,2026-08-07T00:16:08Z
0x41796ec56c37b7ad6573cdd5a09f4c3c07f690c5,1,5400,0xb6e6b0167ce72057f6ac28cb5fd836896b4d084e,62514232,2026-08-07T00:16:08Z
0x412be565ffba28f38741a42dc09931bf6404619b,1,1467,0xb6e6b0167ce72057f6ac28cb5fd836896b4d084e,62514232,2026-08-07T00:16:08Z
0x40cf91aebc3a21784637aa9ac06e2494050f9d16,1,9761,0xb6e6b0167ce72057f6ac28cb5fd836896b4d084e,62514232,2026-08-07T00:16:08Z
0x4036fb75984a38f891ff9377cce17a918f0e0c7d,1,5425,0xb6e6b0167ce72057f6ac28cb5fd836896b4d084e,62514232,2026-08-07T00:16:08Z
0x3e87dad91404f3e3481ff112cfd757b4d3ba8e4d,1,5799,0xb6e6b0167ce72057f6ac28cb5fd836896b4d084e,62514232,2026-08-07T00:16:08Z
0x3e6f07ed80eefb88579f7c01883a46eb0323015f,1,44,0xb6e6b0167ce72057f6ac28cb5fd836896b4d084e,62514232,2026-08-07T00:16:08Z
0x3d92ae72a62ea27dc2b4a0b9b0c8f5f98889263c,1,9568,0xb6e6b0167ce72057f6ac28cb5fd836896b4d084e,62514232,2026-08-07T00:16:08Z
0x3d5988eac7dbfdc40ac0674ee2bd4fd01a475f2c,1,807,0xb6e6b0167ce72057f6ac28cb5fd836896b4d084e,62514232,2026-08-07T00:16:08Z
0x3b5ae40384e2b9813844cb66499471ef15f9d084,1,5439,0xb6e6b0167ce72057f6ac28cb5fd836896b4d084e,62514232,2026-08-07T00:16:08Z
0x3b061df693df8e6ff9e0bffab0473288c2ba7a10,1,8476,0xb6e6b0167ce72057f6ac28cb5fd836896b4d084e,62514232,2026-08-07T00:16:08Z
0x3ae4a3e19239dc135fafd106da7c21054a36c982,1,8457,0xb6e6b0167ce72057f6ac28cb5fd836896b4d084e,62514232,2026-08-07T00:16:08Z
0x3680e6d06a0a4a090c2ba933252fa20c2ab3bf48,1,8936,0xb6e6b0167ce72057f6ac28cb5fd836896b4d084e,62514232,2026-08-07T00:16:08Z
0x3464dd8760b93948b0dad419f6ea6ff6a797371a,1,5796,0xb6e6b0167ce72057f6ac28cb5fd836896b4d084e,62514232,2026-08-07T00:16:08Z
0x33d86141f77c135aec021e5a0c65a4528b9014a3,1,8469,0xb6e6b0167ce72057f6ac28cb5fd836896b4d084e,62514232,2026-08-07T00:16:08Z
0x30f34fe52f0084b8ab44a97d8fe1dd1fd79f9714,1,2008,0xb6e6b0167ce72057f6ac28cb5fd836896b4d084e,62514232,2026-08-07T00:16:08Z
0x308ff48fc1542469e8493237b8c5613c2a49f706,1,5769,0xb6e6b0167ce72057f6ac28cb5fd836896b4d084e,62514232,2026-08-07T00:16:08Z
0x2df4149c9fb5b0a569159276d19a5569fb7cfc0c,1,241,0xb6e6b0167ce72057f6ac28cb5fd836896b4d084e,62514232,2026-08-07T00:16:08Z
0x297af023e740ec140935b689e1f9fe7c5bb1e04e,1,1449,0xb6e6b0167ce72057f6ac28cb5fd836896b4d084e,62514232,2026-08-07T00:16:08Z
0x252c4da9a0ce583a54475202150349fbb3e80d20,1,1396,0xb6e6b0167ce72057f6ac28cb5fd836896b4d084e,62514232,2026-08-07T00:16:08Z
0x24f6e5ab586b2525d4a3ad424893175f3be1a1e5,1,46,0xb6e6b0167ce72057f6ac28cb5fd836896b4d084e,62514232,2026-08-07T00:16:08Z
0x24c56bb17f8c442e034e7caef8edf3fc5924a261,1,5265,0xb6e6b0167ce72057f6ac28cb5fd836896b4d084e,62514232,2026-08-07T00:16:08Z
0x23d8240a24d8399156012d6dbb626eec81a8e095,1,757,0xb6e6b0167ce72057f6ac28cb5fd836896b4d084e,62514232,2026-08-07T00:16:08Z
0x238484625f11a2ecb1477e798fcf39bfc83d2338,1,8034,0xb6e6b0167ce72057f6ac28cb5fd836896b4d084e,62514232,2026-08-07T00:16:08Z
0x20f3581b5c3fed11387320299d64e7178132d19c,1,5489,0xb6e6b0167ce72057f6ac28cb5fd836896b4d084e,62514232,2026-08-07T00:16:08Z
0x1eb32c14b8d1f039fa2cf84117dee61cf02fa7d5,1,1411,0xb6e6b0167ce72057f6ac28cb5fd836896b4d084e,62514232,2026-08-07T00:16:08Z
0x1e2626226cf946209b88edff722cdd9e33409cbc,1,1726,0xb6e6b0167ce72057f6ac28cb5fd836896b4d084e,62514232,2026-08-07T00:16:08Z
0x1cfe2bfc4a162f89072f80aaa40f0d42e7ba2489,1,4740,0xb6e6b0167ce72057f6ac28cb5fd836896b4d084e,62514232,2026-08-07T00:16:08Z
0x1aaf4e956303a2a801250d31b196a5e67fec43c2,1,9586,0xb6e6b0167ce72057f6ac28cb5fd836896b4d084e,62514232,2026-08-07T00:16:08Z
0x199dc2c60e095638310c07678d9fb9b63183e10d,1,633,0xb6e6b0167ce72057f6ac28cb5fd836896b4d084e,62514232,2026-08-07T00:16:08Z
0x1828486d9c4f4424535ef75e490c559a9c3f87a5,1,4717,0xb6e6b0167ce72057f6ac28cb5fd836896b4d084e,62514232,2026-08-07T00:16:08Z
0x172ecd7f7ca0fd756b11975852c508e55cfc3945,1,4714,0xb6e6b0167ce72057f6ac28cb5fd836896b4d084e,62514232,2026-08-07T00:16:08Z
0x1671c3b19a014a57a7467b9beb50117f2405e193,1,9837,0xb6e6b0167ce72057f6ac28cb5fd836896b4d084e,62514232,2026-08-07T00:16:08Z
0x15fc6ba9931895b0c850b0457eb6759bdf579c7d,1,5802,0xb6e6b0167ce72057f6ac28cb5fd836896b4d084e,62514232,2026-08-07T00:16:08Z
0x15c176880c84fd13b7e8d62557d0670401f91502,1,2905,0xb6e6b0167ce72057f6ac28cb5fd836896b4d084e,62514232,2026-08-07T00:16:08Z
0x1466c392acaaafad2028606bc76429b7a7125de0,1,5345,0xb6e6b0167ce72057f6ac28cb5fd836896b4d084e,62514232,2026-08-07T00:16:08Z
0x145c584f2f022997a9d0e5fcb4346042229525e1,1,8938,0xb6e6b0167ce72057f6ac28cb5fd836896b4d084e,62514232,2026-08-07T00:16:08Z
0x11abe6614e7b1035f529cb878e796cb835b94ffe,1,7060,0xb6e6b0167ce72057f6ac28cb5fd836896b4d084e,62514232,2026-08-07T00:16:08Z
0x0fc201a337065f0a57ae7ed381a01c7a1b1b5a81,1,8592,0xb6e6b0167ce72057f6ac28cb5fd836896b4d084e,62514232,2026-08-07T00:16:08Z
0x0dc5aabfefec34b84bf32704239f370f8656be22,1,2660,0xb6e6b0167ce72057f6ac28cb5fd836896b4d084e,62514232,2026-08-07T00:16:08Z
0x0d68039d547dc3be6ef3d8e9172b0f887f4146b7,1,225,0xb6e6b0167ce72057f6ac28cb5fd836896b4d084e,62514232,2026-08-07T00:16:08Z
0x0c1bb6646f84a50390ee2544b8737f352b9ed466,1,5549,0xb6e6b0167ce72057f6ac28cb5fd836896b4d084e,62514232,2026-08-07T00:16:08Z
0x0c0ffaaf6378cc0b4118f2752209a206a046d56e,1,78,0xb6e6b0167ce72057f6ac28cb5fd836896b4d084e,62514232,2026-08-07T00:16:08Z
0x0b72e905ed48beb207ec29bfac83b2b0bc6f56f2,1,5431,0xb6e6b0167ce72057f6ac28cb5fd836896b4d084e,62514232,2026-08-07T00:16:08Z
0x0aa8d7b43a12bad63dd6f8116283d117851cde01,1,7087,0xb6e6b0167ce72057f6ac28cb5fd836896b4d084e,62514232,2026-08-07T00:16:08Z
0x05c83944ac74f85c260369b39331ee51cc041d8a,1,2949,0xb6e6b0167ce72057f6ac28cb5fd836896b4d084e,62514232,2026-08-07T00:16:08Z
0x059d442df7be67e7777f7b56434d2c2e4ae4c79d,1,5429,0xb6e6b0167ce72057f6ac28cb5fd836896b4d084e,62514232,2026-08-07T00:16:08Z
0x03530ccf262002b16f5f502df3c5c5daa080a654,1,5462,0xb6e6b0167ce72057f6ac28cb5fd836896b4d084e,62514232,2026-08-07T00:16:08Z
0x01f1c1670c6d91359d589eb3d7b6b9244ad09ae0,1,7764,0xb6e6b0167ce72057f6ac28cb5fd836896b4d084e,62514232,2026-08-07T00:16:08Z
0x004db9514506c4f9c842036cbc05ef9a6be21c25,1,359,0xb6e6b0167ce72057f6ac28cb5fd836896b4d084e,62514232,2026-08-07T00:16:08Z
0x00242e0719ec1dafd95d6c70b469728c88dd83a6,1,40,0xb6e6b0167ce72057f6ac28cb5fd836896b4d084e,62514232,2026-08-07T00:16:08Z
